Arquivo,Almoxarifado_Origem_Arquivo,Grupo,Data,Id_Produto,Descricao,Sistema,Contagem,Divergencia_Qtd,Valor,Obs,Prejuizo,Hipotese_Sugerida
Movimentados - Ativa#U00e7#U00e3o 14.05.xlsm,Ativa#U,Produto Acabado,2026-05-13 00:00:00,05004149,Caixa de Bombons G (30 bombons),1,1,0,0,Item OK,Não,Outros / não categorizado
Movimentados - Ativa#U00e7#U00e3o 14.05.xlsx,Ativa#U,Produto Acabado,2026-05-13 00:00:00,05004149,Caixa de Bombons G (30 bombons),1,1,0,0,Item OK,Não,Outros / não categorizado
Movimentados - Geral 01.06.xlsm,Geral,Embalagem,2026-06-01 00:00:00,0190213112,Caixa Chocotone bites,14,0,-14,67.06,Embalagens com a Nicole,Não,Outros / não categorizado
Movimentados - Geral 01.06.xlsm,Geral,Embalagem,2026-06-01 00:00:00,0190213105,Sacolas de papel tamanho P (24A x 16L),116,51,-65,147.55,Recontar Amanhã,Não,Recontagem necessária
Movimentados - Geral 01.06.xlsm,Geral,Embalagem,2026-06-01 00:00:00,0190213106,Sacolas de papel tamanho M (32A x 23L),166,77,-89,279.46000000000004,Recontar Amanhã,Não,Recontagem necessária
Movimentados - Geral 01.06.xlsm,Geral,Embalagem,2026-06-01 00:00:00,0190213119,Sacola de Papel Tamanho G,177,122,-55,307.45,Recontar Amanhã,Não,Recontagem necessária
Movimentados - Geral 01.06.xlsm,Geral,Produto Acabado,2026-06-01 00:00:00,05004058,Barra ES Intenso Praliné de Avelã 80g,74,75,1,-4.666,Sobra de 1 Unidade,Não,Outros / não categorizado
Movimentados - Geral 01.06.xlsm,Geral,Produto Acabado,2026-06-01 00:00:00,05004015,MAGIO Língua de Onça ao Leite Cx80g,982,980,-2,13.028,Recontar Lote 0050401500005112026,Não,Recontagem necessária
Movimentados - Geral 01.06.xlsm,Geral,Produto Acabado,2026-06-01 00:00:00,05004002,PI Paiter Suruí 70% 60g,67,66,-1,4.3301,Sumiu 1 unidade do estoque,Sim,Perda não identificada (possível furto)
Movimentados - Geral 01.06.xlsm,Geral,Produto Acabado,2026-06-01 00:00:00,05004006,MAGIO PF Vale do Jari 65% 60g,195,144,-51,270.1215,Consumidos na produção de calda: 51,Sim,Outros / não categorizado
Movimentados - Geral 01.06.xlsm,Geral,Produto em Processo,2026-06-01 00:00:00,0020303003,Nibs de Cacau - Mocajuba (PA),7.05,7.25,0.20000000000000018,-9.816400000000009,Sobra de 200g - Conffirmar,Não,Outros / não categorizado
Movimentados - Geral 02.07.xlsm,Geral,Embalagem,2026-07-01 00:00:00,0190213096,Caixa Correio Mágio 26x17x09,360,332,-28,67.2,Baixa Por Consumo,Não,Baixa por consumo (processo semanal)
Movimentados - Geral 02.07.xlsm,Geral,Embalagem,2026-07-01 00:00:00,0190213119,Sacola de Papel Tamanho G,298,194,-104,581.36,Baixa Por Consumo,Não,Baixa por consumo (processo semanal)
Movimentados - Geral 02.07.xlsm,Geral,Embalagem,2026-07-01 00:00:00,0190213133,Berço interno caixa 14 bombons,1000,1000,0,0,Erro de Contagem,Não,Recontagem necessária
Movimentados - Geral 02.07.xlsm,Geral,Materia Prima,2026-07-01 00:00:00,0140106806,Açúcar Mascavo,3,18,15,-258.177,Ajustar no recebimento.,Não,Ajuste de sistema pendente
Movimentados - Geral 02.07.xlsm,Geral,Materia Prima,2026-07-01 00:00:00,9990111006,Manteiga de Leite,5.2,5.2,0.0,0,Recebimento Errado - cancelar,,Outros / não categorizado
Movimentados - Geral 02.07.xlsm,Geral,Materia Prima,2026-07-01 00:00:00,9990111058,Tapereba Liofilizado,0.85,0.7,-0.15000000000000002,155.86200000000002,Item ajustado errado no inventário,Não,Ajuste de sistema pendente
Movimentados - Geral 02.07.xlsm,Geral,Materia Prima,2026-07-01 00:00:00,9990111059,Cupuaçu Liofilizado,1.45,0.95,-0.5,385.72,Transf.Pendente - Qualidade,Não,Transferência pendente
Movimentados - Geral 02.07.xlsm,Geral,Produto Acabado,2026-07-01 00:00:00,05104022,Trufas Nativas Pistache 20g,87,90,3,-2.9313,Transf.Pendente - Ativação x Estoque,Não,Transferência pendente
Movimentados - Geral 02.07.xlsm,Geral,Produto em Processo,2026-07-01 00:00:00,9990311040,Colagem praliné para lua cheia,59.235,59.235,0.0,0,Erro de Contagem,,Recontagem necessária
Movimentados - Geral 02.07.xlsm,Geral,Produto em Processo,2026-07-01 00:00:00,0260303001,Nibs de Cacau Moju,47.575,48.23,0.654999999999994,-30.116899999999724,Verificar na Fabrica,Não,Outros / não categorizado
Movimentados - Geral 03.07.xlsm,Geral,Embalagem,2026-07-02 00:00:00,0190213105,Sacolas de papel tamanho P (24A x 16L),493,483,-10,22.696,baixa opercacional semanal - consumo,Não,Baixa por consumo (processo semanal)
Movimentados - Geral 04.05.xlsm,Geral,Embalagem,2026-05-04 00:00:00,0190213063,Caixa Biscoitos luva choco,209,210,1,-1.835,Sobra,Não,Outros / não categorizado
Movimentados - Geral 04.05.xlsm,Geral,Embalagem,2026-05-04 00:00:00,0190213062,Caixa Biscoitos Fundo choco,110,110,0,0,ok,Não,Sem divergência real (falso positivo)
Movimentados - Geral 04.05.xlsm,Geral,Embalagem,2026-05-04 00:00:00,0190213098,Caixa Esfirra N2,94,50,-44,99.7128,Erro de contagem no inventário,Não,Recontagem necessária
Movimentados - Geral 04.05.xlsm,Geral,Materia Prima,2026-05-04 00:00:00,9990111021,DEXTROSE,1.308,1.25,-0.05800000000000005,2.190080000000002,Falha no inventário,Sim,Falha de inventário
Movimentados - Geral 04.05.xlsm,Geral,Materia Prima,2026-05-04 00:00:00,9990111048,Café organico em graos,15,15,0,0,ok,Não,Sem divergência real (falso positivo)
Movimentados - Geral 04.05.xlsm,Geral,Materia Prima,2026-05-04 00:00:00,0070301006,Amêndoa de Cacau Seca Aprovada - Yanomam,0,0,0,0,ok,Não,Sem divergência real (falso positivo)
Movimentados - Geral 04.05.xlsm,Geral,Materia Prima,2026-05-04 00:00:00,0050108008,Biscoito de castanha do Pará,0,0,0,0,ok,Não,Sem divergência real (falso positivo)
Movimentados - Geral 04.05.xlsm,Geral,Materia Prima,2026-05-04 00:00:00,9990111013,Polpa Cupuaçu,4.2,3.8,-0.40000000000000036,12.395120000000011,Falha no inventário,Sim,Falha de inventário
Movimentados - Geral 04.05.xlsm,Geral,Materia Prima,2026-05-04 00:00:00,9990111047,Leite integral,8,8,0,0,ok,Não,Sem divergência real (falso positivo)
Movimentados - Geral 04.05.xlsm,Geral,Mercadoria de Revenda,2026-05-04 00:00:00,05400001,Agua sem Gas em Lata 310ml,57,57,0,0,ok,Não,Sem divergência real (falso positivo)
Movimentados - Geral 04.05.xlsm,Geral,Produto Acabado,2026-05-04 00:00:00,05004159,Ovo Marajoara - Recheio de Maracujá 420g,0,0,0,0,ok,Não,Sem divergência real (falso positivo)
Movimentados - Geral 04.05.xlsm,Geral,Produto Acabado,2026-05-04 00:00:00,05004006,MAGIO PF Vale do Jari 65% 60g,307,307,0,0,ok,Não,Sem divergência real (falso positivo)
Movimentados - Geral 04.05.xlsm,Geral,Produto Acabado,2026-05-04 00:00:00,05004149,Caixa de Bombons G (30 bombons),26,26,0,0,ok,Não,Sem divergência real (falso positivo)
Movimentados - Geral 04.05.xlsm,Geral,Produto Acabado,2026-05-04 00:00:00,05104020,Trufas Nativas de Chocolate Intenso  20G,0,0,0,0,ok,Não,Sem divergência real (falso positivo)
Movimentados - Geral 04.05.xlsm,Geral,Produto Acabado,2026-05-04 00:00:00,05004058,Barra ES Intenso Praliné de Avelã 80g,254,254,0,0,ok,Não,Sem divergência real (falso positivo)
Movimentados - Geral 04.05.xlsm,Geral,Produto Acabado,2026-05-04 00:00:00,05004056,Barra ES Leite Praliné de Pistache 80g,472,438,-34,177.3508,Pós inventário em aberto,Não,Outros / não categorizado
Movimentados - Geral 04.05.xlsm,Geral,Produto Acabado,2026-05-04 00:00:00,05004097,Barra ES Leite com Avelã e Maracujá 80g,240,239,-1,4.0003,Falha no inventário,Sim,Falha de inventário
Movimentados - Geral 04.05.xlsm,Geral,Produto Acabado,2026-05-04 00:00:00,05004017,Língua de Onça Leit Praliné Flowpack 11g,894,894,0,0,ok,Não,Sem divergência real (falso positivo)
Movimentados - Geral 04.05.xlsm,Geral,Produto Acabado,2026-05-04 00:00:00,05004016,MAGIO Lg de Onça Lt Praliné Avelã Cx80g,1490,1485,-5,35.642,Conferir o LT,Não,Outros / não categorizado
Movimentados - Geral 04.05.xlsm,Geral,Produto Acabado,2026-05-04 00:00:00,05004007,MAGIO PF Sakaguchi 78% 60g,498,509,11,-75.3797,Conferir o LT,Não,Outros / não categorizado
Movimentados - Geral 04.05.xlsm,Geral,Produto Acabado,2026-05-04 00:00:00,05004043,Formigueiro Caramelo de Maracujá Cx 80g,24,24,0,0,ok,Não,Sem divergência real (falso positivo)
Movimentados - Geral 04.05.xlsm,Geral,Produto Acabado,2026-05-04 00:00:00,05004010,MAGIO PF Mocajuba 74% 60g,237,242,5,-32.7995,Conferir o LT,Não,Outros / não categorizado
Movimentados - Geral 04.05.xlsm,Geral,Produto Acabado,2026-05-04 00:00:00,05004009,MAGIO PF Xiba 81% 60g,625,622,-3,19.6752,Falha no inventário,Sim,Falha de inventário
Movimentados - Geral 04.05.xlsm,Geral,Produto Acabado,2026-05-04 00:00:00,05004015,MAGIO Língua de Onça ao Leite Cx80g,1497,1194,-303,1976.1660000000002,Pós inventário em aberto,Não,Outros / não categorizado
Movimentados - Geral 04.05.xlsm,Geral,Produto Acabado,2026-05-04 00:00:00,05004014,MAGIO Língua de Onça Intso Praliné Cx80g,1183,1025,-158,1115.4168,Pós inventário em aberto,Não,Outros / não categorizado
Movimentados - Geral 04.05.xlsm,Geral,Produto Acabado,2026-05-04 00:00:00,05004140,Língua de Onça Intenso Flowpack 11g,92,92,0,0,ok,Não,Sem divergência real (falso positivo)
Movimentados - Geral 04.05.xlsm,Geral,Produto Acabado,2026-05-04 00:00:00,05004139,Língua de Onça Leite Flowpack 11g,1154,1152,-2,1.9534,Falha no inventário,Sim,Falha de inventário
Movimentados - Geral 04.05.xlsm,Geral,Produto Acabado,2026-05-04 00:00:00,05004143,Barra ES Chocolate Lt Pistache 29g,57,57,0,0,ok,Não,Sem divergência real (falso positivo)
Movimentados - Geral 04.05.xlsm,Geral,Produto Acabado,2026-05-04 00:00:00,05004142,Barra ES Chocolate Lt Maracujá 29g,44,44,0,0,ok,Não,Sem divergência real (falso positivo)
Movimentados - Geral 04.05.xlsm,Geral,Produto Acabado,2026-05-04 00:00:00,05004138,Língua de Onça Int Praliné Flowpack 11g,95,68,-27,29.527199999999997,Falha no inventário,Sim,Falha de inventário
Movimentados - Geral 04.05.xlsm,Geral,Produto Acabado,2026-05-04 00:00:00,05004047,Biscoito Cast. Pará Chocolate 60% 150g,20,20,0,0,ok,Não,Sem divergência real (falso positivo)
Movimentados - Geral 04.05.xlsm,Geral,Produto Acabado,2026-05-04 00:00:00,05004048,Biscoito Cast. Pará Cupulate 70% 150g,21,21,0,0,ok,Não,Sem divergência real (falso positivo)
Movimentados - Geral 04.05.xlsm,Geral,Produto Acabado,2026-05-04 00:00:00,05004102,Lua Cheia Minis Chocolate ao Leite 100g,27,27,0,0,ok,Não,Sem divergência real (falso positivo)
Movimentados - Geral 04.05.xlsm,Geral,Produto em Processo,2026-05-04 00:00:00,0050305009,Massa de Chocolate - Chocolate 60% - Sak,0,0,0,0,ok,Não,Sem divergência real (falso positivo)
Movimentados - Geral 04.05.xlsm,Geral,Produto em Processo,2026-05-04 00:00:00,9990111046,Água com Gás - Acquamix,15,15,0,0,ok,Não,Sem divergência real (falso positivo)
Movimentados - Geral 05.05.xlsm,Geral,Embalagem,2026-05-05 00:00:00,0190213106,Sacolas de papel tamanho M (32A x 23L),90,110,20,-62.800000000000004,Duplicidade De Transf. Para ativação - OK,Não,Outros / não categorizado
Movimentados - Geral 05.05.xlsm,Geral,Embalagem,2026-05-05 00:00:00,0190213072,Caixa formigueiro Maracuja,44,41,-3,45.599999999999994,Ajuste de Lote - OK,Não,Erro de lote (necessita ajuste)
Movimentados - Geral 05.05.xlsm,Geral,Materia Prima,2026-05-05 00:00:00,0140106805,Açúcar refinado,185,170,-15,45.879000000000005,Faltava Transferência - OK,Não,Outros / não categorizado
Movimentados - Geral 05.05.xlsm,Geral,Materia Prima,2026-05-05 00:00:00,03001001,Leite em Pó integral,140,156.8,16.80000000000001,-427.0560000000003,Ajuste de Lote,Não,Erro de lote (necessita ajuste)
Movimentados - Geral 05.05.xlsm,Geral,Produto Acabado,2026-05-05 00:00:00,05004014,MAGIO Língua de Onça Intso Praliné Cx80g,1153,1095,-58,409.4568,Verificando Pós inventário,Não,Outros / não categorizado
Movimentados - Geral 05.05.xlsm,Geral,Produto Acabado,2026-05-05 00:00:00,05004016,MAGIO Lg de Onça Lt Praliné Avelã Cx80g,1460,1471,11,-78.5356,Confirmar Lote - PENDENTE,Não,Outros / não categorizado
Movimentados - Geral 05.05.xlsm,Geral,Produto Acabado,2026-05-05 00:00:00,05004015,MAGIO Língua de Onça ao Leite Cx80g,1467,1185,-282,1844.1672,Verificando Pós inventário,Não,Outros / não categorizado
Movimentados - Geral 05.05.xlsm,Geral,Produto Acabado,2026-05-05 00:00:00,05004056,Barra ES Leite Praliné de Pistache 80g,422,388,-34,177.6874,Verificando Pós inventário,Não,Outros / não categorizado
Movimentados - Geral 05.05.xlsm,Geral,Produto Acabado,2026-05-05 00:00:00,05004150,Caixa para 4 bombons,20,25,5,0,Ajuste de Lote - OK,Não,Erro de lote (necessita ajuste)
Movimentados - Geral 05.05.xlsm,Geral,Produto Acabado,2026-05-05 00:00:00,05004148,Caixa de Bombons M (14 bombons),76,79,3,-61.026599999999995,Duplicidade De Transf. Para ativação - OK,Não,Outros / não categorizado
Movimentados - Geral 06.05.xlsm,Geral,Embalagem,2026-05-06 00:00:00,0190213105,Sacolas de papel tamanho P (24A x 16L),0,0,0,0,OK,Não,Sem divergência real (falso positivo)
Movimentados - Geral 06.05.xlsm,Geral,Embalagem,2026-05-06 00:00:00,0190213092,Flowpack LO Intenso,1500,1500,0,0,OK,Não,Sem divergência real (falso positivo)
Movimentados - Geral 06.05.xlsm,Geral,Embalagem,2026-05-06 00:00:00,0190213124,Forminha para Bombons Caixas,8000,8000,0,0,OK,Não,Sem divergência real (falso positivo)
Movimentados - Geral 06.05.xlsm,Geral,Embalagem,2026-05-06 00:00:00,0190213106,Sacolas de papel tamanho M (32A x 23L),80,80,0,0,OK,Não,Sem divergência real (falso positivo)
Movimentados - Geral 06.05.xlsm,Geral,Embalagem,2026-05-06 00:00:00,190213119,Sacola de Papel Tamanho G,844,45,-799,446.11,Verificar Qunatidade no BOX  - Arthur Recontar  - PENDENTE,Não,Recontagem necessária
Movimentados - Geral 06.05.xlsm,Geral,Embalagem,2026-05-06 00:00:00,019021424,CARTÃO QR,14702,10800,-3902,697.2874,Itens Consumidos no Processo sem Baixa - ok,Sim,Outros / não categorizado
Movimentados - Geral 06.05.xlsm,Geral,Embalagem,2026-05-06 00:00:00,0190213138,Folder informação nutricional SSAL,495,495,0,0,OK,Não,Sem divergência real (falso positivo)
Movimentados - Geral 06.05.xlsm,Geral,Embalagem,2026-05-06 00:00:00,190213131,Caixa SSAL SIMPLES,370,0,-370,0,Caixa não recebemos ainda - PENDENTE,Não,Outros / não categorizado
Movimentados - Geral 06.05.xlsm,Geral,Materia Prima,2026-05-06 00:00:00,0140106805,Açúcar refinado,170,170,0,0,OK,Não,Sem divergência real (falso positivo)
Movimentados - Geral 06.05.xlsm,Geral,Materia Prima,2026-05-06 00:00:00,9990111023,Sorbitol em Pó,1,1,0,0,OK,Não,Sem divergência real (falso positivo)
Movimentados - Geral 06.05.xlsm,Geral,Materia Prima,2026-05-06 00:00:00,0140106004,Açúcar Demerara,19,20,1,-3.362,Ajustar estoque - ok,Não,Ajuste de sistema pendente
Movimentados - Geral 06.05.xlsm,Geral,Materia Prima,2026-05-06 00:00:00,03001001,Leite em Pó integral,156.8,156.8,0.0,0,OK,Não,Sem divergência real (falso positivo)
Movimentados - Geral 06.05.xlsm,Geral,Materia Prima,2026-05-06 00:00:00,9990111061,Queijo coalho,0.604,0,-0.604,0,Material já consumido - Erro na Nfe de entrada - ok,Não,Outros / não categorizado
Movimentados - Geral 06.05.xlsm,Geral,Produto Acabado,2026-05-06 00:00:00,05004015,MAGIO Língua de Onça ao Leite Cx80g,1297,1185,-112,729.568,Em aberto - Arthur Validando Faturamento - PENDENTE,Não,Pendência de faturamento
Movimentados - Geral 06.05.xlsm,Geral,Produto Acabado,2026-05-06 00:00:00,05104033,Formigueiro Caramelo de Maracujá 16g,51,50,-1,0.4634,1 unidade Sumiu no Recebimento - ok,Sim,Perda não identificada (possível furto)
Movimentados - Geral 06.05.xlsm,Geral,Produto Acabado,2026-05-06 00:00:00,05004149,Caixa de Bombons G (30 bombons),16,16,0,0,OK,Não,Sem divergência real (falso positivo)
Movimentados - Geral 06.05.xlsm,Geral,Produto Acabado,2026-05-06 00:00:00,05104121,Poltrona Ilustre,0,0,0,0,OK,Não,Sem divergência real (falso positivo)
Movimentados - Geral 06.05.xlsm,Geral,Produto Acabado,2026-05-06 00:00:00,05004048,Biscoito Cast. Pará Cupulate 70% 150g,0,0,0,0,OK,Não,Sem divergência real (falso positivo)
Movimentados - Geral 06.05.xlsm,Geral,Produto Acabado,2026-05-06 00:00:00,05004148,Caixa de Bombons M (14 bombons),69,69,0,0,OK,Não,Sem divergência real (falso positivo)
Movimentados - Geral 06.05.xlsm,Geral,Produto em Processo,2026-05-06 00:00:00,0260303001,Nibs de Cacau Moju,25.2,25.5,0.3000000000000007,-13.794000000000032,Ajustar estoque - ok,Não,Ajuste de sistema pendente
Movimentados - Geral 06.05.xlsm,Geral,Produto em Processo,2026-05-06 00:00:00,0050304004,Liquor de Cacau - Sakaguchi (PA),119,90,-29,1467.4,Em aberto - Arthur Validar Ultima Entrada NF 1774 - PENDENTE,Não,Outros / não categorizado
Movimentados - Geral 06.05.xlsm,Geral,Produto em Processo,2026-05-06 00:00:00,9990111046,Água com Gás - Acquamix,9,9,0,0,OK,Não,Sem divergência real (falso positivo)
Movimentados - Geral 07.05.xlsm,Geral,Embalagem,2026-05-07 00:00:00,0190213133,Berço interno caixa 14 bombons,0,0,0,0,OK,Não,Sem divergência real (falso positivo)
Movimentados - Geral 07.05.xlsm,Geral,Embalagem,2026-05-07 00:00:00,0190213105,Sacolas de papel tamanho P (24A x 16L),770,770,0,0,OK,Não,Sem divergência real (falso positivo)
Movimentados - Geral 07.05.xlsm,Geral,Embalagem,2026-05-07 00:00:00,190213131,Caixa SSAL SIMPLES,400,0,-400,0,Produto com o fornecedor. - RECEBIMENTO PENDENTE,Não,Outros / não categorizado
Movimentados - Geral 07.05.xlsm,Geral,Embalagem,2026-05-07 00:00:00,0190213169,Caixa B2B 4 Bombons,410,372,-38,0,Ajuste Pós Inventário - ok,Sim,Ajuste de sistema pendente
Movimentados - Geral 07.05.xlsm,Geral,Embalagem,2026-05-07 00:00:00,0190213130,Berço Caixa 14 Bombons,0,0,0,0,OK,Não,Sem divergência real (falso positivo)
Movimentados - Geral 07.05.xlsm,Geral,Embalagem,2026-05-07 00:00:00,019021424,CARTÃO QR,11871,11871,0,0,OK,Não,Sem divergência real (falso positivo)
Movimentados - Geral 07.05.xlsm,Geral,Embalagem,2026-05-07 00:00:00,0190213091,Flowpack LO Leite c/ Praliné,1800,1800,0,0,OK,Não,Sem divergência real (falso positivo)
Movimentados - Geral 07.05.xlsm,Geral,Embalagem,2026-05-07 00:00:00,190213106,Sacolas de papel tamanho M (32A x 23L),480,200,-280,0,200 unidades aguardando tranf para box,Não,Outros / não categorizado
Movimentados - Geral 07.05.xlsm,Geral,Embalagem,2026-05-07 00:00:00,0190213088,Caixa cartonada rígida  18x12x4 azul M,40,40,0,0,OK,Não,Sem divergência real (falso positivo)
Movimentados - Geral 07.05.xlsm,Geral,Materia Prima,2026-05-07 00:00:00,9990111048,Café organico em graos,11,11,0,0,OK,Não,Sem divergência real (falso positivo)
Movimentados - Geral 07.05.xlsm,Geral,Materia Prima,2026-05-07 00:00:00,9990111058,Tapereba Liofilizado,1.05,1.05,0.0,0,OK,Não,Sem divergência real (falso positivo)
Movimentados - Geral 07.05.xlsm,Geral,Materia Prima,2026-05-07 00:00:00,9990111059,Cupuaçu Liofilizado,1.2,1.15,-0.050000000000000044,38.900000000000034,Ajuste Pós Inventário - ok,Sim,Ajuste de sistema pendente
Movimentados - Geral 07.05.xlsm,Geral,Mercadoria de Revenda,2026-05-07 00:00:00,05400001,Agua sem Gas em Lata 310ml,45,105,60,-1215.6000000000001,Entrada de Nfe Errada - Cancelar e dar entrada novamente,Não,Erro fiscal (NF cancelada)
Movimentados - Geral 07.05.xlsm,Geral,Mercadoria de Revenda,2026-05-07 00:00:00,05400002,agua com Gas em Lata 310ml,18,78,60,-1155.6000000000001,Entrada de Nfe Errada - Cancelar e dar entrada novamente,Não,Erro fiscal (NF cancelada)
Movimentados - Geral 07.05.xlsm,Geral,Outros Insumos,2026-05-07 00:00:00,5400009,Pão de queijo da canastra 40gr,500,460,-40,0,Entrada de Nfe corrigida e transferida 40 unidades pra Loja - Ok,Não,Outros / não categorizado
Movimentados - Geral 07.05.xlsm,Geral,Produto Acabado,2026-05-07 00:00:00,05004097,Barra ES Leite com Avelã e Maracujá 80g,189,189,0,0,OK,Não,Sem divergência real (falso positivo)
Movimentados - Geral 07.05.xlsm,Geral,Produto Acabado,2026-05-07 00:00:00,05004007,MAGIO PF Sakaguchi 78% 60g,497,508,11,-75.3797,Verificar Lotes para Ajuste,Não,Erro de lote (necessita ajuste)
Movimentados - Geral 07.05.xlsm,Geral,Produto Acabado,2026-05-07 00:00:00,05004003,MAGIO PF Sakaguchi ao Leite 41% 60g,775,783,8,-46.5776,Verificar Lotes para Ajuste,Não,Erro de lote (necessita ajuste)
Movimentados - Geral 07.05.xlsm,Geral,Produto Acabado,2026-05-07 00:00:00,05104077,Biscoito Puxuri Chocolate - Unitário,0,0,0,0,OK,Não,Sem divergência real (falso positivo)
Movimentados - Geral 07.05.xlsm,Geral,Produto Acabado,2026-05-07 00:00:00,05004006,MAGIO PF Vale do Jari 65% 60g,306,306,0,0,OK,Não,Sem divergência real (falso positivo)
Movimentados - Geral 07.05.xlsm,Geral,Produto Acabado,2026-05-07 00:00:00,05004005,MAGIO PF Bom Jardim 63% 60g,111,111,0,0,OK,Não,Sem divergência real (falso positivo)
Movimentados - Geral 07.05.xlsm,Geral,Produto Acabado,2026-05-07 00:00:00,05004057,Barra ES ao Leite Praliné de Avelã 80g,199,199,0,0,OK,Não,Sem divergência real (falso positivo)
Movimentados - Geral 07.05.xlsm,Geral,Produto Acabado,2026-05-07 00:00:00,05004165,Trio de Mini Ovos 75g,92,92,0,0,OK,Não,Sem divergência real (falso positivo)
Movimentados - Geral 07.05.xlsm,Geral,Produto Acabado,2026-05-07 00:00:00,05004161,Ovo Marajoara - Recheio de Cupuaçu 420g,2,2,0,0,OK,Não,Sem divergência real (falso positivo)
Movimentados - Geral 07.05.xlsm,Geral,Produto Acabado,2026-05-07 00:00:00,05004148,Caixa de Bombons M (14 bombons),59,44,-15,302.77049999999997,Recontar - Foi enviado Para Ativação?,Não,Recontagem necessária
Movimentados - Geral 07.05.xlsm,Geral,Produto Acabado,2026-05-07 00:00:00,05004150,Caixa para 4 bombons,5,5,0,0,OK,Não,Sem divergência real (falso positivo)
Movimentados - Geral 07.05.xlsm,Geral,Produto Acabado,2026-05-07 00:00:00,05004149,Caixa de Bombons G (30 bombons),6,3,-3,164.71859999999998,Recontar - Foi enviado Para Ativação?,Não,Recontagem necessária
Movimentados - Geral 07.05.xlsm,Geral,Produto Acabado,2026-05-07 00:00:00,05004047,Biscoito Cast. Pará Chocolate 60% 150g,6,6,0,0,OK,Não,Sem divergência real (falso positivo)
Movimentados - Geral 07.05.xlsm,Geral,Produto Acabado,2026-05-07 00:00:00,05004056,Barra ES Leite Praliné de Pistache 80g,421,387,-34,176.8374,Verificar Lotes para Ajuste,Não,Erro de lote (necessita ajuste)
Movimentados - Geral 07.05.xlsm,Geral,Produto Acabado,2026-05-07 00:00:00,05004102,Lua Cheia Minis Chocolate ao Leite 100g,6,6,0,0,OK,Não,Sem divergência real (falso positivo)
Movimentados - Geral 07.05.xlsm,Geral,Produto Acabado,2026-05-07 00:00:00,05004139,Língua de Onça Leite Flowpack 11g,1130,1080,-50,48.78,Verificar Lotes para Ajuste,Não,Erro de lote (necessita ajuste)
Movimentados - Geral 07.05.xlsm,Geral,Produto Acabado,2026-05-07 00:00:00,05004138,Língua de Onça Int Praliné Flowpack 11g,90,64,-26,28.3972,Verificar Lotes para Ajuste,Não,Erro de lote (necessita ajuste)
Movimentados - Geral 07.07.xlsm,Geral,Embalagem,2026-07-06 00:00:00,01902120371,luva caixa 4 bombons P,241,220,-21,0,Faturamento pendente de bombons - Em Produção,Não,Produção em andamento (OP não encerrada)
Movimentados - Geral 07.07.xlsm,Geral,Embalagem,2026-07-06 00:00:00,01902120370,Embalagem caixa 4 bombons P,239,219,-20,0,Faturamento pendente de bombons - Em Produção,Não,Produção em andamento (OP não encerrada)
Movimentados - Geral 07.07.xlsm,Geral,Produto Acabado,2026-07-06 00:00:00,05104022,Trufas Nativas Pistache 20g,40,40,0,0,Degustação,Não,Outros / não categorizado
Movimentados - Geral 08.05.xlsm,Geral,Embalagem,2026-05-08 00:00:00,0190213132,Envelope SSAL,375,3,-372,5580,"Restante das unidades com fornecedor, Nf dada entrada sem o recebimento.",Não,Outros / não categorizado
Movimentados - Geral 08.05.xlsm,Geral,Embalagem,2026-05-08 00:00:00,0190213152,Candy Pad Caixa Simples SSAL,1774,76,-1698,5026.08,Cancelamento NF 2801,Não,Erro fiscal (NF cancelada)
Movimentados - Geral 08.05.xlsm,Geral,Embalagem,2026-05-08 00:00:00,0190213119,Sacola de Papel Tamanho G,834,32,-802,4483.18,Unidades faltantes no box 1,Não,Outros / não categorizado
Movimentados - Geral 08.05.xlsm,Geral,Embalagem,2026-05-08 00:00:00,0190213169,Caixa B2B 4 Bombons,372,390,18,0,LEVANTAR LOTES PARA AJUSTE,,Erro de lote (necessita ajuste)
Movimentados - Geral 08.05.xlsm,Geral,Materia Prima,2026-05-08 00:00:00,9990111042,Xerem de Castanha de Caju,13.394,13.318,-0.07600000000000051,4.552400000000031,PESAR NOVAMENTE,,Outros / não categorizado
Movimentados - Geral 08.05.xlsm,Geral,Produto Acabado,2026-05-08 00:00:00,05004003,MAGIO PF Sakaguchi ao Leite 41% 60g,772,789,17,-98.97739999999999,LEVANTAR LOTES PARA AJUSTE,,Erro de lote (necessita ajuste)
Movimentados - Geral 08.05.xlsm,Geral,Produto Acabado,2026-05-08 00:00:00,05004014,MAGIO Língua de Onça Intso Praliné Cx80g,1144,1146,2,-14.1,LEVANTAR LOTES PARA AJUSTE,,Erro de lote (necessita ajuste)
Movimentados - Geral 08.05.xlsm,Geral,Produto Acabado,2026-05-08 00:00:00,05104020,Trufas Nativas de Chocolate Intenso  20G,40,0,-40,36.876000000000005,VERIFICAR TRANSF. REALIZADA,,Outros / não categorizado
Movimentados - Geral 08.05.xlsm,Geral,Produto Acabado,2026-05-08 00:00:00,05104022,Trufas Nativas Pistache 20g,40,0,-40,41.264,VERIFICAR TRANSF. REALIZADA,,Outros / não categorizado
Movimentados - Geral 08.05.xlsm,Geral,Produto Acabado,2026-05-08 00:00:00,05004006,MAGIO PF Vale do Jari 65% 60g,281,297,16,-83.8848,LEVANTAR LOTES PARA AJUSTE,,Erro de lote (necessita ajuste)
Movimentados - Geral 08.05.xlsm,Geral,Produto Acabado,2026-05-08 00:00:00,05004016,MAGIO Lg de Onça Lt Praliné Avelã Cx80g,1444,1446,2,-14.2312,LEVANTAR LOTES PARA AJUSTE,,Erro de lote (necessita ajuste)
Movimentados - Geral 08.05.xlsm,Geral,Produto Acabado,2026-05-08 00:00:00,05004015,MAGIO Língua de Onça ao Leite Cx80g,1292,1180,-112,729.568,@Arthur VALIDAR,,Outros / não categorizado
Movimentados - Geral 08.05.xlsm,Geral,Produto Acabado,2026-05-08 00:00:00,05004009,MAGIO PF Xiba 81% 60g,614,621,7,-45.9088,LEVANTAR LOTES PARA AJUSTE,,Erro de lote (necessita ajuste)
Movimentados - Geral 08.05.xlsm,Geral,Produto Acabado,2026-05-08 00:00:00,05004008,MAGIO PF Sakaguchi Cupulate 58% 60g,380,263,-117,915.7122,@Arthur VALIDAR,,Outros / não categorizado
Movimentados - Geral 08.05.xlsm,Geral,Produto Acabado,2026-05-08 00:00:00,05004010,MAGIO PF Mocajuba 74% 60g,222,232,10,-65.599,LEVANTAR LOTES PARA AJUSTE,,Erro de lote (necessita ajuste)
Movimentados - Geral 08.05.xlsm,Geral,Produto Acabado,2026-05-08 00:00:00,05004007,MAGIO PF Sakaguchi 78% 60g,486,503,17,-116.49589999999999,LEVANTAR LOTES PARA AJUSTE,,Erro de lote (necessita ajuste)
Movimentados - Geral 08.05.xlsm,Geral,Produto Acabado,2026-05-08 00:00:00,05004149,Caixa de Bombons G (30 bombons),3,0,-3,164.71859999999998,Confirmação com Ativação,,Outros / não categorizado
Movimentados - Geral 09.06.xlsm,Geral,Embalagem,2026-06-08 00:00:00,019021424,CARTÃO QR,10800,10800,0,0,OK,Não,Sem divergência real (falso positivo)
Movimentados - Geral 09.06.xlsm,Geral,Embalagem,2026-06-08 00:00:00,945,Folder SSAL,1270,1270,0,0,OK,Não,Sem divergência real (falso positivo)
Movimentados - Geral 09.06.xlsm,Geral,Embalagem,2026-06-08 00:00:00,0190213114,Prato Base Cerâmica,1,1,0,0,OK,Não,Sem divergência real (falso positivo)
Movimentados - Geral 09.06.xlsm,Geral,Embalagem,2026-06-08 00:00:00,0190213090,Flowpack LO Leite,9485,9485,0,0,OK,Não,Sem divergência real (falso positivo)
Movimentados - Geral 09.06.xlsm,Geral,Embalagem,2026-06-08 00:00:00,0190213169,Caixa B2B 4 Bombons,374,374,0,0,OK,Não,Sem divergência real (falso positivo)
Movimentados - Geral 09.06.xlsm,Geral,Materia Prima,2026-06-08 00:00:00,9990111013,Polpa Cupuaçu,1.1,1.1,0.0,0,OK,Não,Sem divergência real (falso positivo)
Movimentados - Geral 09.06.xlsm,Geral,Materia Prima,2026-06-08 00:00:00,0140106004,Açúcar Demerara,6,6,0,0,OK,Não,Sem divergência real (falso positivo)
Movimentados - Geral 09.06.xlsm,Geral,Materia Prima,2026-06-08 00:00:00,9990111048,Café organico em graos,4,4,0,0,OK,Não,Sem divergência real (falso positivo)
Movimentados - Geral 09.06.xlsm,Geral,Materia Prima,2026-06-08 00:00:00,9990111020,Avelã,10.26,10.26,0.0,0,OK,Não,Sem divergência real (falso positivo)
Movimentados - Geral 09.06.xlsm,Geral,Materia Prima,2026-06-08 00:00:00,9990111006,Manteiga de Leite,0,0,0,0,OK,Não,Sem divergência real (falso positivo)
Movimentados - Geral 09.06.xlsm,Geral,Materia Prima,2026-06-08 00:00:00,0140106806,Açúcar Mascavo,16,16,0,0,OK,Não,Sem divergência real (falso positivo)
Movimentados - Geral 09.06.xlsm,Geral,Materia Prima,2026-06-08 00:00:00,9990111073,Castanha de Caju,0.45,0.45,0.0,0,OK,Não,Sem divergência real (falso positivo)
Movimentados - Geral 09.06.xlsm,Geral,Materia Prima,2026-06-08 00:00:00,0140106805,Açúcar refinado,52,37,-15,45.879000000000005,Verificar pos apontamento da produção,Não,Aguardando apontamento de produção
Movimentados - Geral 09.06.xlsm,Geral,Materia Prima,2026-06-08 00:00:00,1052,Milho tostado com mel mostarda,0.45,0,-0.45,72.45,Baixa Por Qualidade - Compra n aprovada,Não,Outros / não categorizado
Movimentados - Geral 09.06.xlsm,Geral,Mercadoria de Revenda,2026-06-08 00:00:00,05400001,Agua sem Gas em Lata 310ml,91,91,0,0,OK,Não,Sem divergência real (falso positivo)
Movimentados - Geral 09.06.xlsm,Geral,Mercadoria de Revenda,2026-06-08 00:00:00,05400002,agua com Gas em Lata 310ml,60,60,0,0,OK,Não,Sem divergência real (falso positivo)
Movimentados - Geral 09.06.xlsm,Geral,Outros Insumos,2026-06-08 00:00:00,0540001,Pão de queijo 70 gr,45,45,0,0,OK,Não,Sem divergência real (falso positivo)
Movimentados - Geral 09.06.xlsm,Geral,Outros Insumos,2026-06-08 00:00:00,0540002,Pão de queijo com requeijão 100gr,20,20,0,0,OK,Não,Sem divergência real (falso positivo)
Movimentados - Geral 09.06.xlsm,Geral,Produto Acabado,2026-06-08 00:00:00,05004015,MAGIO Língua de Onça ao Leite Cx80g,960,960,0,0,OK,Não,Sem divergência real (falso positivo)
Movimentados - Geral 09.06.xlsm,Geral,Produto Acabado,2026-06-08 00:00:00,05004009,MAGIO PF Xiba 81% 60g,552,552,0,0,OK,Não,Sem divergência real (falso positivo)
Movimentados - Geral 09.06.xlsm,Geral,Produto Acabado,2026-06-08 00:00:00,05004097,Barra ES Leite com Avelã e Maracujá 80g,269,269,0,0,OK,Não,Sem divergência real (falso positivo)
Movimentados - Geral 09.06.xlsm,Geral,Produto Acabado,2026-06-08 00:00:00,05004016,MAGIO Lg de Onça Lt Praliné Avelã Cx80g,2100,2100,0,0,OK,Não,Sem divergência real (falso positivo)
Movimentados - Geral 09.06.xlsm,Geral,Produto Acabado,2026-06-08 00:00:00,05004003,MAGIO PF Sakaguchi ao Leite 41% 60g,576,576,0,0,OK,Não,Sem divergência real (falso positivo)
Movimentados - Geral 09.06.xlsm,Geral,Produto Acabado,2026-06-08 00:00:00,05004057,Barra ES ao Leite Praliné de Avelã 80g,222,220,-2,9.3636,Sumiu 2 unidades,Sim,Perda não identificada (possível furto)
Movimentados - Geral 09.06.xlsm,Geral,Produto Acabado,2026-06-08 00:00:00,05004006,MAGIO PF Vale do Jari 65% 60g,93,93,0,0,OK,Não,Sem divergência real (falso positivo)
Movimentados - Geral 09.06.xlsm,Geral,Produto Acabado,2026-06-08 00:00:00,05004004,MAGIO PF Acará-Açu 75% 60g,114,114,0,0,OK,Não,Sem divergência real (falso positivo)
Movimentados - Geral 09.06.xlsm,Geral,Produto Acabado,2026-06-08 00:00:00,05004043,Formigueiro Caramelo de Maracujá Cx 80g,60,60,0,0,OK,Não,Sem divergência real (falso positivo)
Movimentados - Geral 09.06.xlsm,Geral,Produto Acabado,2026-06-08 00:00:00,05004161,Ovo Marajoara - Recheio de Cupuaçu 420g,0,0,0,0,OK,Não,Sem divergência real (falso positivo)
Movimentados - Geral 09.06.xlsm,Geral,Produto Acabado,2026-06-08 00:00:00,05004058,Barra ES Intenso Praliné de Avelã 80g,64,64,0,0,OK,Não,Sem divergência real (falso positivo)
Movimentados - Geral 09.06.xlsm,Geral,Produto Acabado,2026-06-08 00:00:00,05004102,Lua Cheia Minis Chocolate ao Leite 100g,57,57,0,0,OK,Não,Sem divergência real (falso positivo)
Movimentados - Geral 09.06.xlsm,Geral,Produto Acabado,2026-06-08 00:00:00,05004056,Barra ES Leite Praliné de Pistache 80g,158,158,0,0,OK,Não,Sem divergência real (falso positivo)
Movimentados - Geral 09.06.xlsm,Geral,Produto em Processo,2026-06-08 00:00:00,0050321001,Barra 60g Terroir da Amazonia Saka ao le,517,517,0,0,OK,Não,Sem divergência real (falso positivo)
Movimentados - Geral 09.06.xlsm,Geral,Produto em Processo,2026-06-08 00:00:00,0070303003,Nibs de Cacau - Yanomami (RR),36.295,36.25,-0.045000000000001705,1.8562500000000703,Baixa Por consumo Produção - Desvio,Sim,Baixa por consumo (processo semanal)
Movimentados - Geral 09.06.xlsm,Geral,Produto em Processo,2026-06-08 00:00:00,9990111046,Água com Gás - Acquamix,12,12,0,0,OK,Não,Sem divergência real (falso positivo)
Movimentados - Geral 09.06.xlsm,Geral,Produto em Processo,2026-06-08 00:00:00,0050305006,MASSA DE CHOCOLATE -AO LEITE   NF24,11.796,11.796,0.0,0,OK,Não,Sem divergência real (falso positivo)
Movimentados - Geral 09.06.xlsm,Geral,,2026-06-08 00:00:00,1096,Farinha Criscito,1,1,0,0,OK,Não,Sem divergência real (falso positivo)
Movimentados - Geral 10.06.xlsm,Geral,Embalagem,2026-06-09 00:00:00,0190213131,Caixa SSAL SIMPLES,402,0,-402,46632,"O vendedor enviou apenas 30 unidades, mas a NF foi dada entrada com valor integral.",Não,Outros / não categorizado
Movimentados - Geral 10.06.xlsm,Geral,Embalagem,2026-06-09 00:00:00,0190213132,Envelope SSAL,372,0,-372,5580,"O vendedor enviou apenas 30 unidades, mas a NF foi dada entrada com valor integral.",Não,Outros / não categorizado
Movimentados - Geral 10.06.xlsm,Geral,Embalagem,2026-06-09 00:00:00,0190213154,Candy Pad Caixa 7 camadas black,572,67,-505,5428.75,Transf.Pendente Para o Box - ok,Não,Transferência pendente
Movimentados - Geral 10.06.xlsm,Geral,Embalagem,2026-06-09 00:00:00,0190213119,Sacola de Papel Tamanho G,141,102,-39,218.01,Saída Por faturamento pendente,Não,Pendência de faturamento
Movimentados - Geral 10.06.xlsm,Geral,Embalagem,2026-06-09 00:00:00,0190213107,Caixa mini Lua Cheia ao Leite 100g,210,260,50,-102.49999999999999,Contagem Inventário errada. 50 unidades encontradas,Não,Recontagem necessária
Movimentados - Geral 10.06.xlsm,Geral,Embalagem,2026-06-09 00:00:00,0190213105,Sacolas de papel tamanho P (24A x 16L),707,757,50,-113.5,Erro de contagem - OK,Não,Recontagem necessária
Movimentados - Geral 10.06.xlsm,Geral,Materia Prima,2026-06-09 00:00:00,9990111062,Tucumã Liofilizado,2.625,1.3,-1.325,1419.6491224999997,"Contagem Inventário errada. Pacote com 0,025g - contado com 0,050g",Não,Recontagem necessária
Movimentados - Geral 10.06.xlsm,Geral,Materia Prima,2026-06-09 00:00:00,9990111031,Amêndoa,15.176,15.016,-0.16000000000000014,7.872000000000008,Desvio  Padrão,Não,Outros / não categorizado
Movimentados - Geral 10.06.xlsm,Geral,Materia Prima,2026-06-09 00:00:00,9990111010,Pistache,14.914,18.305,3.391,-469.92478000000006,Histórico de ajuste para menos no dia do inventario. Verificar informações.,Não,Ajuste de sistema pendente
Movimentados - Geral 10.06.xlsm,Geral,Outros Insumos,2026-06-09 00:00:00,05400009,Pão de queijo da canastra 40gr,335,425,90,-134.55,Venda Para Funcionário,Não,Outros / não categorizado
Movimentados - Geral 10.06.xlsm,Geral,Produto Acabado,2026-06-09 00:00:00,05104039,Bombom SF Ganache de Taperebá Int 10g,17,0,-17,13.4487,Sumiu 17 unidades,Sim,Perda não identificada (possível furto)
Movimentados - Geral 11-06.xlsm,Geral,Materia Prima,2026-06-10 00:00:00,9990111067,Bicarbonato de Sódio,2.3,2.6,0.30000000000000027,-4.425000000000004,Baixa de inventário é a exata diferença entre a qtd q temos e a qtd sistemica,,Outros / não categorizado
Movimentados - Geral 11-06.xlsm,Geral,Embalagem,2026-06-10 00:00:00,05004029,Caixa Folha Simples a Granel | 100g,221,211,-10,0,sumiram 11 unidades,,Outros / não categorizado
Movimentados - Geral 11-06.xlsm,Geral,Embalagem,2026-06-10 00:00:00,0190213131,Caixa SSAL SIMPLES,400,45,-355,41180,Restante das unidades com o fornecedor; a NF foi lançada sem o recebimento completo do pedido.,,Outros / não categorizado
Movimentados - Geral 11-06.xlsm,Geral,Embalagem,2026-06-10 00:00:00,190213154,Candy Pad Caixa 7 camadas black,70,65,-5,0,"O histórico de entrada da NF e as movimentações batem perfeitamente, mas temos apenas 65 unidades em estoque. Faltam 5 unidades",,Outros / não categorizado
Movimentados - Geral 11-06.xlsm,Geral,Embalagem,2026-06-10 00:00:00,0190213056,Envelope plastico transparente,500,200,-300,23.4,"A NF foi lançada em duplicidade, mas já foi cancelada. Há unidades a mais sem identificação. Solução: realizar ajuste.",Não,Erro fiscal (NF cancelada)
Movimentados - Geral 11-06.xlsm,Geral,Embalagem,2026-06-10 00:00:00,0190213138,Folder informação nutricional SSAL,961,963,2,-4.3,recontagem,,Recontagem necessária
Movimentados - Geral 11-06.xlsm,Geral,Produto Acabado,2026-06-10 00:00:00,05004002,PI Paiter Suruí 70% 60g,58,57,-1,4.3301,"Última transferência feita pelo Josué, mas tivemos confirmação da loja de que a movimentação foi realizada corretamente.",,Outros / não categorizado
Movimentados - Geral 11-06.xlsm,Geral,Embalagem,2026-06-10 00:00:00,0190213119,Sacola de Papel Tamanho G,134,95,-39,218.01,Alinhado entre Maurício e Matheus para dar baixa via faturamento toda semana para descontar as sacolas enviadas nas cortesias.,,Pendência de faturamento
Movimentados - Geral 11-06.xlsm,Geral,f,2026-06-10 00:00:00,0190213105,Sacolas de papel tamanho P (24A x 16L),700,699,-1,2.27,Alinhado entre Maurício e Matheus para dar baixa via faturamento toda semana para descontar as sacolas enviadas nas cortesias.,,Pendência de faturamento
Movimentados - Geral 11-06.xlsm,Geral,Materia Prima,2026-06-10 00:00:00,9990111023,Sorbitol em Pó,0.2,0,-0.2,14.8,"A NF foi lançada em duplicidade, o cancelamento foi realizado, mas ainda sobram 0,200 g sem estoque. Solução: dar baixa no estoque.",,Erro fiscal (NF cancelada)
Movimentados - Geral 11.05.xlsm,Geral,Embalagem,2026-05-11 00:00:00,0190213072,Caixa formigueiro Maracuja,71,43,-28,425.59999999999997,Item Ajustado - OK,Não,Ajuste de sistema pendente
Movimentados - Geral 11.05.xlsm,Geral,Embalagem,2026-05-11 00:00:00,0190213088,Caixa cartonada rígida  18x12x4 azul M,30,30,0,0,OK,Não,Sem divergência real (falso positivo)
Movimentados - Geral 11.05.xlsm,Geral,Embalagem,2026-05-11 00:00:00,0190213100,Caixa cartonada rígida 24x18x5 azul G,3,3,0,0,OK,Não,Sem divergência real (falso positivo)
Movimentados - Geral 11.05.xlsm,Geral,Embalagem,2026-05-11 00:00:00,0190213125,Tampa Caixa 30 bombons,18,38,20,-284,Transf.pendente - OK,Não,Transferência pendente
Movimentados - Geral 11.05.xlsm,Geral,Embalagem,2026-05-11 00:00:00,0190213117,Caixa 30 bombons,38,38,0,0,OK,Não,Sem divergência real (falso positivo)
Movimentados - Geral 11.05.xlsm,Geral,Embalagem,2026-05-11 00:00:00,0190213070,Caixa PI Paiter Suruí,67,77,10,-32.7,Item Ajustado - OK,Não,Ajuste de sistema pendente
Movimentados - Geral 11.05.xlsm,Geral,Embalagem,2026-05-11 00:00:00,0190213138,Folder informação nutricional SSAL,975,979,4,-8.6,Item Ajustado - OK,Não,Ajuste de sistema pendente
Movimentados - Geral 11.05.xlsm,Geral,Embalagem,2026-05-11 00:00:00,0190213127,Caixa SSAL TRIPLA,7,6,-1,68,Avaliação Qualidade,Não,Outros / não categorizado
Movimentados - Geral 11.05.xlsm,Geral,Embalagem,2026-05-11 00:00:00,0190213128,Caixa SSAL DUPLA,8,7,-1,76,Avaliação Qualidade,Não,Outros / não categorizado
Movimentados - Geral 11.05.xlsm,Geral,Embalagem,2026-05-11 00:00:00,0190213129,Caixa SSAL Redonda,6,5,-1,59,Avaliação Qualidade,Não,Outros / não categorizado
Movimentados - Geral 11.05.xlsm,Geral,Embalagem,2026-05-11 00:00:00,0190213120,Sacola Sebastião Salgado,51,50,-1,8.99,Avaliação Qualidade,Não,Outros / não categorizado
Movimentados - Geral 11.05.xlsm,Geral,Embalagem,2026-05-11 00:00:00,0190213091,Flowpack LO Leite c/ Praliné,1600,1600,0,0,OK,Não,Sem divergência real (falso positivo)
Movimentados - Geral 11.05.xlsm,Geral,Embalagem,2026-05-11 00:00:00,0190213104,Folha papel barrado Mágio,4100,4100,0,0,OK,Não,Sem divergência real (falso positivo)
Movimentados - Geral 11.05.xlsm,Geral,Embalagem,2026-05-11 00:00:00,0190213052,Luva LO 80GR ao leite com Praliné,2000,2000,0,0,OK,Não,Sem divergência real (falso positivo)
Movimentados - Geral 11.05.xlsm,Geral,Embalagem,2026-05-11 00:00:00,0190213124,Forminha para Bombons Caixas,7500,7500,0,0,OK,Não,Sem divergência real (falso positivo)
Movimentados - Geral 11.05.xlsm,Geral,Materia Prima,2026-05-11 00:00:00,9990111013,Polpa Cupuaçu,2.2,1.8,-0.40000000000000013,12.395120000000004,Transf.pendente - OK,Não,Transferência pendente
Movimentados - Geral 11.05.xlsm,Geral,Materia Prima,2026-05-11 00:00:00,9990111010,Pistache,0,0,0,0,OK,Não,Sem divergência real (falso positivo)
Movimentados - Geral 11.05.xlsm,Geral,Materia Prima,2026-05-11 00:00:00,9990111031,Amêndoa,6.176,6.126,-0.04999999999999982,3.099999999999989,OK,Não,Sem divergência real (falso positivo)
Movimentados - Geral 11.05.xlsm,Geral,Materia Prima,2026-05-11 00:00:00,03001001,Leite em Pó integral,156.1,156.1,0.0,0,OK,Não,Sem divergência real (falso positivo)
Movimentados - Geral 11.05.xlsm,Geral,Materia Prima,2026-05-11 00:00:00,9990111020,Avelã,30.44,30.44,0.0,0,OK,Não,Sem divergência real (falso positivo)
Movimentados - Geral 11.05.xlsm,Geral,Materia Prima,2026-05-11 00:00:00,0140106805,Açúcar refinado,155,145,-10,30.586000000000002,Transf.pendente - OK,Não,Transferência pendente
Movimentados - Geral 11.05.xlsm,Geral,Mercadoria de Revenda,2026-05-11 00:00:00,05400001,Agua sem Gas em Lata 310ml,105,105,0,0,OK,Não,Sem divergência real (falso positivo)
Movimentados - Geral 11.05.xlsm,Geral,Mercadoria de Revenda,2026-05-11 00:00:00,05400002,agua com Gas em Lata 310ml,78,78,0,0,OK,Não,Sem divergência real (falso positivo)
Movimentados - Geral 11.05.xlsm,Geral,Produto Acabado,2026-05-11 00:00:00,05004015,MAGIO Língua de Onça ao Leite Cx80g,1277,1165,-112,729.568,LEVANTAR LOTE,Não,Erro de lote (necessita ajuste)
Movimentados - Geral 11.05.xlsm,Geral,Produto Acabado,2026-05-11 00:00:00,05004140,Língua de Onça Intenso Flowpack 11g,2175,2175,0,0,OK,Não,Sem divergência real (falso positivo)
Movimentados - Geral 11.05.xlsm,Geral,Produto Acabado,2026-05-11 00:00:00,05004048,Biscoito Cast. Pará Cupulate 70% 150g,0,0,0,0,OK,Não,Sem divergência real (falso positivo)
Movimentados - Geral 11.05.xlsm,Geral,Produto Acabado,2026-05-11 00:00:00,05004007,MAGIO PF Sakaguchi 78% 60g,509,519,10,-217.53,Transf. Indevida - OK,Não,Outros / não categorizado
Movimentados - Geral 11.05.xlsm,Geral,Produto Acabado,2026-05-11 00:00:00,05004043,Formigueiro Caramelo de Maracujá Cx 80g,51,51,0,0,OK,Não,Sem divergência real (falso positivo)
Movimentados - Geral 11.05.xlsm,Geral,Produto Acabado,2026-05-11 00:00:00,05004047,Biscoito Cast. Pará Chocolate 60% 150g,5,5,0,0,OK,Não,Sem divergência real (falso positivo)
Movimentados - Geral 11.05.xlsm,Geral,Produto Acabado,2026-05-11 00:00:00,05104121,Poltrona Ilustre,132,0,-132,18.9288,Delay de Integração - OK,Não,Outros / não categorizado
Movimentados - Geral 11.05.xlsm,Geral,Produto Acabado,2026-05-11 00:00:00,05004097,Barra ES Leite com Avelã e Maracujá 80g,183,183,0,0,OK,Não,Sem divergência real (falso positivo)
Movimentados - Geral 11.05.xlsm,Geral,Produto Acabado,2026-05-11 00:00:00,05004161,Ovo Marajoara - Recheio de Cupuaçu 420g,4,4,0,0,OK,Não,Sem divergência real (falso positivo)
Movimentados - Geral 11.05.xlsm,Geral,Produto Acabado,2026-05-11 00:00:00,05004160,Ovo Marajoara - Praliné de Avelã 420g,7,7,0,0,OK,Não,Sem divergência real (falso positivo)
Movimentados - Geral 11.05.xlsm,Geral,Produto Acabado,2026-05-11 00:00:00,05004165,Trio de Mini Ovos 75g,106,106,0,0,OK,Não,Sem divergência real (falso positivo)
Movimentados - Geral 11.05.xlsm,Geral,Produto em Processo,2026-05-11 00:00:00,9990111046,Água com Gás - Acquamix,5,3,-2,0,Transferêcia feita hoje.,Não,Outros / não categorizado
Movimentados - Geral 11.05.xlsm,Geral,,2026-05-11 00:00:00,0540001,Pão de quejo 70 gramas,140,140,0,0,OK,Não,Sem divergência real (falso positivo)
Movimentados - Geral 11.05.xlsm,Geral,,2026-05-11 00:00:00,0540002,Pão de quejo com requeijão,175,175,0,0,OK,Não,Sem divergência real (falso positivo)
Movimentados - Geral 12.05.xlsm,Geral,Embalagem,2026-05-12 00:00:00,0190213072,Caixa formigueiro Maracuja,53,43,-10,152,ok,Não,Sem divergência real (falso positivo)
Movimentados - Geral 12.05.xlsm,Geral,Embalagem,2026-05-12 00:00:00,0190213106,Sacolas de papel tamanho M (32A x 23L),465,250,-215,675.1,"Recontar,NF 1542 recebida dia 07/05 - 400 unidades.",Não,Recontagem necessária
Movimentados - Geral 12.05.xlsm,Geral,Embalagem,2026-05-12 00:00:00,190213056,Envelope plastico transparente,2800,500,-2300,0,Recebimento Duplicado - NF 15471,Não,Outros / não categorizado
Movimentados - Geral 12.05.xlsm,Geral,Embalagem,2026-05-12 00:00:00,0190213105,Sacolas de papel tamanho P (24A x 16L),755,287,-468,1062.36,"Recontar,NF 1542 recebida dia 07/05 - 800 unidades.",Não,Recontagem necessária
Movimentados - Geral 12.05.xlsm,Geral,Embalagem,2026-05-12 00:00:00,190213097,Caixa Esfirra N3,0,100,100,0,Ajustar Saldo,Não,Ajuste de sistema pendente
Movimentados - Geral 12.05.xlsm,Geral,Embalagem,2026-05-12 00:00:00,0190213169,Caixa B2B 4 Bombons,352,396,44,0,Ajustar Saldo,Não,Ajuste de sistema pendente
Movimentados - Geral 12.05.xlsm,Geral,Embalagem,2026-05-12 00:00:00,05004029,Caixa Folha Simples a Granel | 100g,349,300,-49,0,Ajustar Saldo,Não,Ajuste de sistema pendente
Movimentados - Geral 12.05.xlsm,Geral,Materia Prima,2026-05-12 00:00:00,0140106805,Açúcar refinado,145,144,-1,3.0586,Verificar  se houve inversão de movimentação,Não,Outros / não categorizado
Movimentados - Geral 12.05.xlsm,Geral,Materia Prima,2026-05-12 00:00:00,0140106804,Açúcar invertido,1,2,1,-11,Verificar  se houve inversão de movimentação,Não,Outros / não categorizado
Movimentados - Geral 12.05.xlsm,Geral,Produto Acabado,2026-05-12 00:00:00,05004004,MAGIO PF Acará-Açu 75% 60g,163,160,-3,20.0733,Falta de Transferência P/Loja - OK,Não,Outros / não categorizado
Movimentados - Geral 12.05.xlsm,Geral,Produto Acabado,2026-05-12 00:00:00,05004003,MAGIO PF Sakaguchi ao Leite 41% 60g,763,768,5,-29.110999999999997,Lote 0050400300005062026 Corrigido 210 P 218,Não,Outros / não categorizado
Movimentados - Geral 12.05.xlsm,Geral,Produto Acabado,2026-05-12 00:00:00,05004007,MAGIO PF Sakaguchi 78% 60g,519,530,11,-75.3797,Falta de Transferência P/Loja - OK,Não,Outros / não categorizado
Movimentados - Geral 12.05.xlsm,Geral,Produto Acabado,2026-05-12 00:00:00,05004010,MAGIO PF Mocajuba 74% 60g,212,222,10,-65.599,Falta de Transferência P/Loja - OK,Não,Outros / não categorizado
Movimentados - Geral 12.05.xlsm,Geral,Produto Acabado,2026-05-12 00:00:00,05004014,MAGIO Língua de Onça Intso Praliné Cx80g,1140,946,-194,1367.7,Erro de contagem - lotes corrigidos,Sim,Recontagem necessária
Movimentados - Geral 12.05.xlsm,Geral,Produto Acabado,2026-05-12 00:00:00,05004149,Caixa de Bombons G (30 bombons),3,0,-3,164.71859999999998,Falta de Transferência P/Ativação - OK,Não,Outros / não categorizado
Movimentados - Geral 12.05.xlsm,Geral,Produto Acabado,2026-05-12 00:00:00,05004016,MAGIO Lg de Onça Lt Praliné Avelã Cx80g,1436,1446,10,-71.15599999999999,levantar Lote Para Correção Sistemica (Pendência/Inventário),Não,Erro de lote (necessita ajuste)
Movimentados - Geral 12.05.xlsm,Geral,Produto Acabado,2026-05-12 00:00:00,05104121,Poltrona Ilustre,500,0,-500,71.7,Verificar Estorno Indevido,Não,Outros / não categorizado
Movimentados - Geral 12.05.xlsm,Geral,Produto Acabado,2026-05-12 00:00:00,05004139,Língua de Onça Leite Flowpack 11g,1953,1902,-51,49.7556,Erro de contagem,Não,Recontagem necessária
Movimentados - Geral 13.05.xlsm,Geral,Embalagem,2026-05-13 00:00:00,0190213167,Caixa ES Intenso Praliné Avelã,1830,1930,100,-69.53,Erro de Inventário,Não,Outros / não categorizado
Movimentados - Geral 13.05.xlsm,Geral,Embalagem,2026-05-13 00:00:00,0190213166,Caixa ES Ao Leite Praliné de Pistache,1400,1400,0,0,OK,Não,Sem divergência real (falso positivo)
Movimentados - Geral 13.05.xlsm,Geral,Embalagem,2026-05-13 00:00:00,0190213072,Caixa formigueiro Maracuja,40,30,-10,152,Erro de Inventário,Sim,Outros / não categorizado
Movimentados - Geral 13.05.xlsm,Geral,Embalagem,2026-05-13 00:00:00,0190213165,Caixa ES Ao Leite com Praliné e Maracujá,2600,2598,-2,1.189,Baixa operacional,Sim,Outros / não categorizado
Movimentados - Geral 13.05.xlsm,Geral,Materia Prima,2026-05-13 00:00:00,9990111031,Amêndoa,16.176,16.176,0.0,0,OK,Não,Sem divergência real (falso positivo)
Movimentados - Geral 13.05.xlsm,Geral,Materia Prima,2026-05-13 00:00:00,9990111010,Pistache,20,20,0,0,OK,Não,Sem divergência real (falso positivo)
Movimentados - Geral 13.05.xlsm,Geral,Materia Prima,2026-05-13 00:00:00,9990117003,Cacau em Pó Alcalino,3,3,0,0,OK,Não,Sem divergência real (falso positivo)
Movimentados - Geral 13.05.xlsm,Geral,Materia Prima,2026-05-13 00:00:00,9990111063,Banana Da Terra,0.934,0.934,0.0,0,OK,Não,Sem divergência real (falso positivo)
Movimentados - Geral 13.05.xlsm,Geral,Outros Insumos,2026-05-13 00:00:00,0540001,Pão de queijo 70 gr,120,69,-51,66.045,Recebimento Cancelado - Refazendo Processo,Não,Outros / não categorizado
Movimentados - Geral 13.05.xlsm,Geral,Outros Insumos,2026-05-13 00:00:00,0540002,Pão de queijo com requeijão 100gr,150,105,-45,59.220000000000006,Recebimento Cancelado - Refazendo Processo,Não,Outros / não categorizado
Movimentados - Geral 13.05.xlsm,Geral,Produto Acabado,2026-05-13 00:00:00,05104020,Trufas Nativas de Chocolate Intenso  20G,26,26,0,0,OK,Não,Sem divergência real (falso positivo)
Movimentados - Geral 13.05.xlsm,Geral,Produto Acabado,2026-05-13 00:00:00,05004156,Sorvete de Chocolate Mágio 100ml,0,0,0,0,OK,Não,Sem divergência real (falso positivo)
Movimentados - Geral 13.05.xlsm,Geral,Produto Acabado,2026-05-13 00:00:00,05104121,Poltrona Ilustre,0,0,0,0,OK,Não,Sem divergência real (falso positivo)
Movimentados - Geral 13.05.xlsm,Geral,Produto Acabado,2026-05-13 00:00:00,05004148,Caixa de Bombons M (14 bombons),29,29,0,0,OK,Não,Sem divergência real (falso positivo)
Movimentados - Geral 13.05.xlsm,Geral,Produto Acabado,2026-05-13 00:00:00,05004157,Sorvete de Açaí 100ml,0,0,0,0,OK,Não,Sem divergência real (falso positivo)
Movimentados - Geral 13.05.xlsm,Geral,Produto Acabado,2026-05-13 00:00:00,05004158,Sorvete de Cupuaçu 100ml,0,0,0,0,OK,Não,Sem divergência real (falso positivo)
Movimentados - Geral 13.05.xlsm,Geral,Produto Acabado,2026-05-13 00:00:00,05104033,Formigueiro Caramelo de Maracujá 16g,65,65,0,0,OK,Não,Sem divergência real (falso positivo)
Movimentados - Geral 13.05.xlsm,Geral,Produto Acabado,2026-05-13 00:00:00,05104022,Trufas Nativas Pistache 20g,35,35,0,0,OK,Não,Sem divergência real (falso positivo)
Movimentados - Geral 13.05.xlsm,Geral,Produto Acabado,2026-05-13 00:00:00,05004097,Barra ES Leite com Avelã e Maracujá 80g,247,247,0,0,OK,Não,Sem divergência real (falso positivo)
Movimentados - Geral 14.05.xlsm,Geral,Embalagem,2026-05-14 00:00:00,0190213133,Berço interno caixa 14 bombons,440,440,0,0,OK,Não,Sem divergência real (falso positivo)
Movimentados - Geral 14.05.xlsm,Geral,Embalagem,2026-05-14 00:00:00,190213099,Caixa Esfirra N1,9,9,0,0,OK,Não,Sem divergência real (falso positivo)
Movimentados - Geral 14.05.xlsm,Geral,Embalagem,2026-05-14 00:00:00,0190213060,Berço termoformado LO,0,0,0,0,OK,Não,Sem divergência real (falso positivo)
Movimentados - Geral 14.05.xlsm,Geral,Embalagem,2026-05-14 00:00:00,0190213130,Berço Caixa 14 Bombons,440,440,0,0,OK,Não,Sem divergência real (falso positivo)
Movimentados - Geral 14.05.xlsm,Geral,Embalagem,2026-05-14 00:00:00,9990712045,Etiqueta Lacre 2 - Adesivo transparente,23616,23616,0,0,OK,Não,Sem divergência real (falso positivo)
Movimentados - Geral 14.05.xlsm,Geral,Embalagem,2026-05-14 00:00:00,0190213116,Caixa 14 bombons,440,440,0,0,OK,Não,Sem divergência real (falso positivo)
Movimentados - Geral 14.05.xlsm,Geral,Embalagem,2026-05-14 00:00:00,0190213114,Prato Base Cerâmica,1,1,0,0,OK,Não,Sem divergência real (falso positivo)
Movimentados - Geral 14.05.xlsm,Geral,Materia Prima,2026-05-14 00:00:00,9990111005,Lecitina de Soja,3.02,2.01,-1.0100000000000002,47.11326800000001,"Faltando 1 garrafa de 1,005KGs - Verificar com Fabrica Se houve Transf. Fisica a mais",Sim,Outros / não categorizado
Movimentados - Geral 14.05.xlsm,Geral,Materia Prima,2026-05-14 00:00:00,9990111023,Sorbitol em Pó,0.75,0.75,0.0,0,OK,Não,Sem divergência real (falso positivo)
Movimentados - Geral 14.05.xlsm,Geral,Materia Prima,2026-05-14 00:00:00,9990111074,Ovo de Galinha,20,20,0,0,OK,Não,Sem divergência real (falso positivo)
Movimentados - Geral 14.05.xlsm,Geral,Materia Prima,2026-05-14 00:00:00,0990101001,Amêndoa de Cacau Terceiros,7,7.565,0.5650000000000004,-11.300000000000008,"Provavelmente Foi enviado 0,565G a menos no ultimo pedido: 0000001318",Não,Outros / não categorizado
Movimentados - Geral 14.05.xlsm,Geral,Materia Prima,2026-05-14 00:00:00,03001001,Leite em Pó integral,155.4,155.4,0.0,0,OK,Não,Sem divergência real (falso positivo)
Movimentados - Geral 14.05.xlsm,Geral,Materia Prima,2026-05-14 00:00:00,9990107001,MANTEIGA DE CACAU desodorizada,925,925,0,0,OK,Não,Sem divergência real (falso positivo)
Movimentados - Geral 14.05.xlsm,Geral,Outros Insumos,2026-05-14 00:00:00,0540001,Pão de queijo 70 gr,105,105,0,0,OK,Não,Sem divergência real (falso positivo)
Movimentados - Geral 14.05.xlsm,Geral,Outros Insumos,2026-05-14 00:00:00,0540002,Pão de queijo com requeijão 100gr,70,70,0,0,OK,Não,Sem divergência real (falso positivo)
Movimentados - Geral 14.05.xlsm,Geral,Produto Acabado,2026-05-14 00:00:00,05004138,Língua de Onça Int Praliné Flowpack 11g,1192,1164,-28,30.5816,Ajuste de estoque - OK,Não,Ajuste de sistema pendente
Movimentados - Geral 14.05.xlsm,Geral,Produto Acabado,2026-05-14 00:00:00,05004047,Biscoito Cast. Pará Chocolate 60% 150g,6,6,0,0,OK,Não,Sem divergência real (falso positivo)
Movimentados - Geral 14.05.xlsm,Geral,Produto Acabado,2026-05-14 00:00:00,05004148,Caixa de Bombons M (14 bombons),18,2,-16,322.768,Baixa Por Shelf - 16 Caixas Vencidas - OK,Não,Outros / não categorizado
Movimentados - Geral 14.05.xlsm,Geral,Produto Acabado,2026-05-14 00:00:00,05004017,Língua de Onça Leit Praliné Flowpack 11g,2044,2044,0,0,OK,Não,Sem divergência real (falso positivo)
Movimentados - Geral 14.05.xlsm,Geral,Produto em Processo,2026-05-14 00:00:00,0260303001,Nibs de Cacau Moju,21.75,21.75,0.0,0,OK,Não,Sem divergência real (falso positivo)
Movimentados - Geral 14.05.xlsm,Geral,Produto em Processo,2026-05-14 00:00:00,0080305004,Massa de  Cupuaçu - Santa Bárbara (PA),7,7,0,0,OK,Não,Sem divergência real (falso positivo)
Movimentados - Geral 14.05.xlsm,Geral,Produto em Processo,2026-05-14 00:00:00,9990311030,Praliné de Avelã colagem,23.078,23.078,0.0,0,OK,Não,Sem divergência real (falso positivo)
Movimentados - Geral 14.07.xlsm,Geral,Materia Prima,2026-07-13 00:00:00,0140106805,Açúcar refinado,112,111,-1,2.9389,Solicitar Baixa no fluxo de baixas,Não,Outros / não categorizado
Movimentados - Geral 14.07.xlsm,Geral,Materia Prima,2026-07-13 00:00:00,03001001,Leite em Pó integral,51.1,49.7,-1.3999999999999986,35.587999999999965,Verificar na Fabrica se houve Transf. Sem movimentação.,Sim,Outros / não categorizado
Movimentados - Geral 15-06.xlsm,Geral,Embalagem,2026-06-12 00:00:00,0190213106,Sacolas de papel tamanho M (32A x 23L),399,402,3,-9.42,Alinhado com Maurício e Matheus para dar baixo uma vez por semana dos pedidos que não faturam sacolas.,,Pendência de faturamento
Movimentados - Geral 15-06.xlsm,Geral,Embalagem,2026-06-12 00:00:00,0190213105,Sacolas de papel tamanho P (24A x 16L),658,627,-31,70.37,Alinhado com Maurício e Matheus para dar baixo uma vez por semana dos pedidos que não faturam sacolas.,,Pendência de faturamento
Movimentados - Geral 15-06.xlsm,Geral,Embalagem,2026-06-12 00:00:00,0190213119,Sacola de Papel Tamanho G,87,85,-2,11.18,Alinhado com Maurício e Matheus para dar baixo uma vez por semana dos pedidos que não faturam sacolas.,,Pendência de faturamento
Movimentados - Geral 15-06.xlsm,Geral,Produto Acabado,2026-06-12 00:00:00,05004015,MAGIO Língua de Onça ao Leite Cx80g,1308,1308,0,0,"Problema de contagem, esqueceram de contar uma caixa",,Recontagem necessária
Movimentados - Geral 15-06.xlsm,Geral,Produto em Processo,2026-06-12 00:00:00,0050305006,MASSA DE CHOCOLATE -AO LEITE   NF24,6.396,4.886,-1.5099999999999998,54.14573099999999,Transferência pendente,,Transferência pendente
Movimentados - Geral 15.05.xlsm,Geral,Embalagem,2026-05-15 00:00:00,0190213106,Sacolas de papel tamanho M (32A x 23L),463,181,-282,885.48,Vou realizar a movimentação para o box hoje.,Não,Outros / não categorizado
Movimentados - Geral 15.05.xlsm,Geral,Embalagem,2026-05-15 00:00:00,0190213105,Sacolas de papel tamanho P (24A x 16L),752,284,-468,1062.36,Vou realizar a movimentação para o box hoje.,Não,Outros / não categorizado
Movimentados - Geral 15.05.xlsm,Geral,Materia Prima,2026-05-15 00:00:00,0140106805,Açúcar refinado,125,123,-2,6.1172,Baixa Por Consumo - Copa - 2KG - ok,Não,Baixa por consumo (processo semanal)
Movimentados - Geral 15.05.xlsm,Geral,Produto Acabado,2026-05-15 00:00:00,05004014,MAGIO Língua de Onça Intso Praliné Cx80g,1124,1124,0,0,Erro de contagem - ok,Não,Recontagem necessária
Movimentados - Geral 15.05.xlsm,Geral,Produto Acabado,2026-05-15 00:00:00,05004140,Língua de Onça Intenso Flowpack 11g,1943,1950,7,-6.7249,Movimentação de estoque Fisico - Sobra identificada na ativação.,Não,Outros / não categorizado
Movimentados - Geral 15.05.xlsm,Geral,Produto Acabado,2026-05-15 00:00:00,05004016,MAGIO Lg de Onça Lt Praliné Avelã Cx80g,1418,1415,-3,21.346799999999998,Falta de 3 unidades injustificada,Sim,Outros / não categorizado
Movimentados - Geral 15.07.xlsm,Geral,Produto Acabado,2026-07-14 00:00:00,05004007,MAGIO Povos Sakaguchi 78% 60g,431,430,-1,6.8722,1 Unidade Sumiu - Sem justificativa,Sim,Perda não identificada (possível furto)
Movimentados - Geral 16-06.xlsm,Geral,Embalagem,2026-06-15 00:00:00,0190213106,Sacolas de papel tamanho M (32A x 23L),534,534,0,0,Alinhado com Maurício e Matheus para dar baixo uma vez por semana dos pedidos que não faturam sacolas.,,Pendência de faturamento
Movimentados - Geral 16-06.xlsm,Geral,Embalagem,2026-06-15 00:00:00,05004029,Caixa Folha Simples a Granel | 100g,249,249,0,0,Alinhado com Maurício e Matheus para dar baixo uma vez por semana dos pedidos que não faturam sacolas.,,Pendência de faturamento
Movimentados - Geral 16-06.xlsm,Geral,Embalagem,2026-06-15 00:00:00,0190213088,Caixa cartonada rígida  18x12x4 azul M,16,15,-1,11,Alinhado com Maurício e Matheus para dar baixo uma vez por semana dos pedidos que não faturam sacolas.,,Pendência de faturamento
Movimentados - Geral 16-06.xlsm,Geral,Embalagem,2026-06-15 00:00:00,0190213119,Sacola de Papel Tamanho G,747,747,0,0,Alinhado com Maurício e Matheus para dar baixo uma vez por semana dos pedidos que não faturam sacolas.,,Pendência de faturamento
Movimentados - Geral 16-06.xlsm,Geral,Materia Prima,2026-06-15 00:00:00,9990111021,DEXTROSE,2,2,0,0,"Ajustar 0,058",,Ajuste de sistema pendente
Movimentados - Geral 16-06.xlsm,Geral,Materia Prima,2026-06-15 00:00:00,9990111023,Sorbitol em Pó,1,0.2,-0.8,48.544000000000004,Cancelamento - Transf. Pendente,Não,Transferência pendente
Movimentados - Geral 16-06.xlsm,Geral,Produto Acabado,2026-06-15 00:00:00,05004138,Língua de Onça Int Praliné Flowpack 11g,1095,1095,0,0,Ajuste para Devolução - Corrigido,,Ajuste de sistema pendente
Movimentados - Geral 16-06.xlsm,Geral,Produto Acabado,2026-06-15 00:00:00,05004139,Língua de Onça Leite Flowpack 11g,1832,1832,0,0,"Recontagem foi feita, estava faltando uma transferência e de 835 unidades que n havia sido contada. Após a recontagem perdemos 10 unidades",,Recontagem necessária
Movimentados - Geral 16-06.xlsm,Geral,Produto Acabado,2026-06-15 00:00:00,05004002,PI Paiter Suruí 70% 60g,66,65,-1,4.3301,"Com base no histórico de contagem de movimentados, esse item está divergente depois do inventario.",,Recontagem necessária
Movimentados - Geral 16.07.xlsm,Geral,Materia Prima,2026-07-15 00:00:00,03001001,Leite em Pó integral,177.1,175.7,-1.4000000000000057,34.44000000000014,Diferença Não justificada - Pendente,,Outros / não categorizado
Movimentados - Geral 16.07.xlsm,Geral,Materia Prima,2026-07-15 00:00:00,9990111006,Manteiga de Leite,6.2,7,0.7999999999999998,-52.959999999999994,"Divergência para positivo, sem histórico visível de erro de movimentação.",,Outros / não categorizado
Movimentados - Geral 16.07.xlsm,Geral,Produto Acabado,2026-07-15 00:00:00,05004007,MAGIO Povos Sakaguchi 78% 60g,430,429,-1,6.8722,Sumiu 1 Unidade sem Justificativa,,Perda não identificada (possível furto)
Movimentados - Geral 17.07.xlsm,Geral,Embalagem,2026-07-16 00:00:00,0190213133,Berço interno caixa 14 bombons,980,1380,400,-432,"Histórico de ajustes no sistema, analisar.",,Ajuste de sistema pendente
Movimentados - Geral 18.05.xlsm,Geral,Embalagem,2026-05-18 00:00:00,0190213105,Sacolas de papel tamanho P (24A x 16L),351,282,-69,156.63,Emitir Nfe - consumo operacional,Não,Outros / não categorizado
Movimentados - Geral 18.05.xlsm,Geral,Embalagem,2026-05-18 00:00:00,0190213169,Caixa B2B 4 Bombons,395,392,-3,0,Baixa Inovações,Sim,Outros / não categorizado
Movimentados - Geral 18.05.xlsm,Geral,Embalagem,2026-05-18 00:00:00,0190213106,Sacolas de papel tamanho M (32A x 23L),254,247,-7,21.98,Baixar estoque  - Consumo,Sim,Baixa por consumo (processo semanal)
Movimentados - Geral 18.05.xlsm,Geral,Embalagem,2026-05-18 00:00:00,0190213088,Caixa cartonada rígida  18x12x4 azul M,29,28,-1,11,Baixa Inovações,Não,Outros / não categorizado
Movimentados - Geral 18.05.xlsm,Geral,Materia Prima,2026-05-18 00:00:00,9990111015,Polpa Maracujá,8.58,5,-3.58,180.333908,PENDENTE - RECONTAR,Não,Recontagem necessária
Movimentados - Geral 18.05.xlsm,Geral,Materia Prima,2026-05-18 00:00:00,9990111065,Açaí Liofilizado,0.75,0.8,0.050000000000000044,-44.90000000000004,Ajustado,Não,Ajuste de sistema pendente
Movimentados - Geral 18.05.xlsm,Geral,Produto Acabado,2026-05-18 00:00:00,05004149,Caixa de Bombons G (30 bombons),1,0,-1,54.8828,Nota Cancelada em 1321/04 - Validar,Não,Erro fiscal (NF cancelada)
Movimentados - Geral 18.05.xlsm,Geral,Produto Acabado,2026-05-18 00:00:00,05004005,MAGIO PF Bom Jardim 63% 60g,11,10,-1,6.2005,Nota Cancelada em 1321/04 - Validar,Não,Erro fiscal (NF cancelada)
Movimentados - Geral 18.05.xlsm,Geral,Produto Acabado,2026-05-18 00:00:00,05004007,MAGIO PF Sakaguchi 78% 60g,518,528,10,-68.527,Nota Cancelada em 1321/04 - Validar,Não,Erro fiscal (NF cancelada)
Movimentados - Geral 18.05.xlsm,Geral,Produto Acabado,2026-05-18 00:00:00,05004004,MAGIO PF Acará-Açu 75% 60g,155,150,-5,33.4555,Nota Cancelada em 1321/04 - Validar,Não,Erro fiscal (NF cancelada)
Movimentados - Geral 18.05.xlsm,Geral,Produto Acabado,2026-05-18 00:00:00,05004014,MAGIO Língua de Onça Intso Praliné Cx80g,1124,1122,-2,14.1,Nota Cancelada em 1321/04 - Validar,Não,Erro fiscal (NF cancelada)
Movimentados - Geral 18.05.xlsm,Geral,Produto Acabado,2026-05-18 00:00:00,05004057,Barra ES ao Leite Praliné de Avelã 80g,182,180,-2,9.3636,Nota Cancelada em 1321/04 - Validar,Não,Erro fiscal (NF cancelada)
Movimentados - Geral 18.05.xlsm,Geral,Produto Acabado,2026-05-18 00:00:00,05104020,Trufas Nativas de Chocolate Intenso  20G,2,0,-2,1.7816,Nota Cancelada em 1321/04 - Validar,Não,Erro fiscal (NF cancelada)
Movimentados - Geral 18.05.xlsm,Geral,Produto Acabado,2026-05-18 00:00:00,05104022,Trufas Nativas Pistache 20g,32,30,-2,2.0224,Nota Cancelada em 1321/04 - Validar,Não,Erro fiscal (NF cancelada)
Movimentados - Geral 18.05.xlsm,Geral,Produto Acabado,2026-05-18 00:00:00,05004016,MAGIO Lg de Onça Lt Praliné Avelã Cx80g,1558,1568,10,-71.15599999999999,Nota Cancelada em 1321/04 - Validar,Não,Erro fiscal (NF cancelada)
Movimentados - Geral 18.05.xlsm,Geral,Produto Acabado,2026-05-18 00:00:00,05004138,Língua de Onça Int Praliné Flowpack 11g,1062,1064,2,-2.1844,Nota Cancelada em 1321/04 - Validar,Não,Erro fiscal (NF cancelada)
Movimentados - Geral 18.05.xlsm,Geral,Produto Acabado,2026-05-18 00:00:00,05004009,MAGIO PF Xiba 81% 60g,609,612,3,-19.6752,Nota Cancelada em 1321/04 - Validar,Não,Erro fiscal (NF cancelada)
Movimentados - Geral 18.05.xlsm,Geral,Produto Acabado,2026-05-18 00:00:00,05004010,MAGIO PF Mocajuba 74% 60g,206,204,-2,13.1198,Nota Cancelada em 1321/04 - Validar,Não,Erro fiscal (NF cancelada)
Movimentados - Geral 18.05.xlsm,Geral,Produto em Processo,2026-05-18 00:00:00,9990311031,Praliné Pistache colagem,54.4855,54.733,0.24749999999999517,-15.96092849999969,PENDENTE - RECONTAR,Não,Recontagem necessária
Movimentados - Geral 18.06.xlsm,Geral,Produto Acabado,2026-06-17 00:00:00,05004057,Barra ES ao Leite Praliné de Avelã 80g,282,276,-6,27.5814,6 unidades faltantes depois da mudança de estoque da ativação.,,Outros / não categorizado
Movimentados - Geral 18.06.xlsm,Geral,Embalagem,2026-06-17 00:00:00,0190213132,Envelope SSAL,70,69,-1,15,Falta Injustificada,,"Falta injustificada (não-estoque, revisar)"
Movimentados - Geral 18.06.xlsm,Geral,Embalagem,2026-06-17 00:00:00,0190213138,Folder informação nutricional SSAL,200,199,-1,2.15,Falta Injustificada,,"Falta injustificada (não-estoque, revisar)"
Movimentados - Geral 18.06.xlsm,Geral,Produto Acabado,2026-06-17 00:00:00,05004002,PI Paiter Suruí 70% 60g,64,63,-1,4.3301,"Uma unidade faltante desde o início do mês. Solução, ajuste no próximo inventário. (Erro, do processo, no dia da transferência para o box foi correta a contagem)",,Ajuste de sistema pendente
Movimentados - Geral 18.06.xlsm,Geral,Embalagem,2026-06-17 00:00:00,0190213119,Sacola de Papel Tamanho G,731,61,-670,3745.2999999999997,Alinhada com Matheus e Maurício para dar baixa nas sacolas que não são faturadas nos pedidos uma vez por semana.,,Outros / não categorizado
Movimentados - Geral 18.06.xlsm,Geral,Embalagem,2026-06-17 00:00:00,0190213106,Sacolas de papel tamanho M (32A x 23L),399,350,-49,153.86,Alinhada com Matheus e Maurício para dar baixa nas sacolas que não são faturadas nos pedidos uma vez por semana.,,Outros / não categorizado
Movimentados - Geral 18.06.xlsm,Geral,Embalagem,2026-06-17 00:00:00,0190213105,Sacolas de papel tamanho P (24A x 16L),650,605,-45,102.15,Alinhada com Matheus e Maurício para dar baixa nas sacolas que não são faturadas nos pedidos uma vez por semana.,,Outros / não categorizado
Movimentados - Geral 18.06.xlsm,Geral,Materia Prima,2026-06-17 00:00:00,9990111062,Tucumã Liofilizado,1.25,1.25,0.0,0,"Foi passado para o Josué que ao invés de considerar 0,025 gramas considerando oque tem no pacote, deveria ser feito a transferência de 0,050 gramas por pacote. Nesse caso a transferência foi feita errada, já realizei o ajuste do mesmo.",,Ajuste de sistema pendente
Movimentados - Geral 19-06.xlsm,Geral,Embalagem,2026-06-18 00:00:00,0190213074,Caixa Biscoitos Fundo cupu,200,195,-5,9.175,"Confirmações do Josué que o item é movimentado por pacotes fechados, não deveria ter essa divergência. Recontagem = contagem. Diferença de 5 und advinda do ajuste de inventário de maio",,Ajuste de sistema pendente
Movimentados - Geral 19-06.xlsm,Geral,Embalagem,2026-06-18 00:00:00,0190213072,Caixa formigueiro Maracuja,89,90,1,-15.2,Diferença de 1 und advinda do ajuste de inventário de maio. provável reajuste,,Ajuste de sistema pendente
Movimentados - Geral 19-06.xlsm,Geral,Embalagem,2026-06-18 00:00:00,0190213105,Sacolas de papel tamanho P (24A x 16L),620,550,-70,158.9,Alinhada com Matheus e Maurício para dar baixa nas sacolas que não são faturadas nos pedidos uma vez por semana.,,Outros / não categorizado
Movimentados - Geral 19-06.xlsm,Geral,Materia Prima,2026-06-18 00:00:00,9990111056,Castanha do Pará,11.405,11.345,-0.05999999999999872,14.639999999999688,"O item pode apresentar divergência na pesagem. Divergência identificada de 0,298 positivo.",,Outros / não categorizado
Movimentados - Geral 19-06.xlsm,Geral,Produto Acabado,2026-06-18 00:00:00,05004140,Língua de Onça Intenso Flowpack 11g,3512,3511,-1,1.0589,"Erro de contagem, temos 3512",,Recontagem necessária
Movimentados - Geral 19-06.xlsm,Geral,Produto em Processo,2026-06-18 00:00:00,0050303003,Nibs de Cacau - Sakaguchi(PA),184.95,185.248,0.2980000000000018,-15.078800000000092,"O item pode apresentar divergência na pesagem. Divergência identificada de 0,298 positivo.",,Outros / não categorizado
Movimentados - Geral 19.05.xlsm,Geral,Embalagem,2026-05-19 00:00:00,190213119,Sacola de Papel Tamanho G,826,12,-814,0,Algumas vendas não faturam sacolas.,Não,Pendência de faturamento
Movimentados - Geral 19.05.xlsm,Geral,Embalagem,2026-05-19 00:00:00,190213105,Sacolas de papel tamanho P (24A x 16L),262,92,-170,0,Algumas vendas não faturam sacolas.,Não,Pendência de faturamento
Movimentados - Geral 19.05.xlsm,Geral,Embalagem,2026-05-19 00:00:00,190213106,Sacolas de papel tamanho M (32A x 23L),232,137,-95,0,Algumas vendas não faturam sacolas.,Não,Pendência de faturamento
Movimentados - Geral 19.05.xlsm,Geral,Embalagem,2026-05-19 00:00:00,0190213169,Caixa B2B 4 Bombons,390,391,1,0,item ajustado ontem. Recontar,Não,Ajuste de sistema pendente
Movimentados - Geral 19.05.xlsm,Geral,Materia Prima,2026-05-19 00:00:00,9990111074,Ovo de Galinha,0,0,0,0,ok,Não,Sem divergência real (falso positivo)
Movimentados - Geral 19.05.xlsm,Geral,Produto Acabado,2026-05-19 00:00:00,05004058,Barra ES Intenso Praliné de Avelã 80g,147,147,0,0,ok,Não,Sem divergência real (falso positivo)
Movimentados - Geral 19.05.xlsm,Geral,Produto Acabado,2026-05-19 00:00:00,05004056,Barra ES Leite Praliné de Pistache 80g,295,295,0,0,ok,Não,Sem divergência real (falso positivo)
Movimentados - Geral 19.05.xlsm,Geral,Produto Acabado,2026-05-19 00:00:00,05004057,Barra ES ao Leite Praliné de Avelã 80g,117,117,0,0,ok,Não,Sem divergência real (falso positivo)
Movimentados - Geral 19.05.xlsm,Geral,Produto Acabado,2026-05-19 00:00:00,05004097,Barra ES Leite com Avelã e Maracujá 80g,220,220,0,0,ok,Não,Sem divergência real (falso positivo)
Movimentados - Geral 19.05.xlsm,Geral,Produto Acabado,2026-05-19 00:00:00,05104120,Bombom Mini Lua Cheia Choco Intenso 10g,0,0,0,0,ok,Não,Sem divergência real (falso positivo)
Movimentados - Geral 19.05.xlsm,Geral,Produto Acabado,2026-05-19 00:00:00,05104039,Bombom SF Ganache de Taperebá Int 10g,25,0,-25,19.6675,Nota Pendente de Integração:  1335,Não,Outros / não categorizado
Movimentados - Geral 19.05.xlsm,Geral,Produto Acabado,2026-05-19 00:00:00,05004148,Caixa de Bombons M (14 bombons),3,3,0,0,ok,Não,Sem divergência real (falso positivo)
Movimentados - Geral 19.05.xlsm,Geral,Produto Acabado,2026-05-19 00:00:00,05104012,Bombom SF Leite Praliné de Pistache 10g,0,0,0,0,ok,Não,Sem divergência real (falso positivo)
Movimentados - Geral 19.05.xlsm,Geral,Produto Acabado,2026-05-19 00:00:00,05104059,Bombom SF Doce de Cupuaçu 10g,4,4,0,0,ok,Não,Sem divergência real (falso positivo)
Movimentados - Geral 19.05.xlsm,Geral,Produto Acabado,2026-05-19 00:00:00,05104018,"Bombom SF Leite Ganache de Cupuaçu 7,7g",25,0,-25,6.757499999999999,Nota Pendente de Integração:  1335,Não,Outros / não categorizado
Movimentados - Geral 19.05.xlsm,Geral,Produto Acabado,2026-05-19 00:00:00,05004007,MAGIO PF Sakaguchi 78% 60g,498,508,10,-68.527,Conferir Lote para validarmos ajuste,Sim,Erro de lote (necessita ajuste)
Movimentados - Geral 19.05.xlsm,Geral,Produto Acabado,2026-05-19 00:00:00,05004014,MAGIO Língua de Onça Intso Praliné Cx80g,1092,1091,-1,7.05,1 Faturamento não tinha integrado,Não,Pendência de faturamento
Movimentados - Geral 19.05.xlsm,Geral,Produto Acabado,2026-05-19 00:00:00,05104008,Bombom ao Leite Praliné 10g,55,55,0,0,ok,Não,Sem divergência real (falso positivo)
Movimentados - Geral 19.05.xlsm,Geral,Produto Acabado,2026-05-19 00:00:00,05104007,Bombom Intenso Praliné 10g,55,55,0,0,ok,Não,Sem divergência real (falso positivo)
Movimentados - Geral 19.05.xlsm,Geral,Produto Acabado,2026-05-19 00:00:00,05104033,Formigueiro Caramelo de Maracujá 16g,15,15,0,0,ok,Não,Sem divergência real (falso positivo)
Movimentados - Geral 19.05.xlsm,Geral,Produto Acabado,2026-05-19 00:00:00,05104022,Trufas Nativas Pistache 20g,2,0,-2,2.0224,1 Faturamento não tinha integrado,Não,Pendência de faturamento
Movimentados - Geral 19.05.xlsm,Geral,Produto Acabado,2026-05-19 00:00:00,05004138,Língua de Onça Int Praliné Flowpack 11g,1012,1013,1,-1.0922,1 Faturamento não tinha integrado,Não,Pendência de faturamento
Movimentados - Geral 19.05.xlsm,Geral,Produto Acabado,2026-05-19 00:00:00,05004102,Lua Cheia Minis Chocolate ao Leite 100g,6,6,0,0,ok,Não,Sem divergência real (falso positivo)
Movimentados - Geral 19.05.xlsm,Geral,Produto Acabado,2026-05-19 00:00:00,05004048,Biscoito Cast. Pará Cupulate 70% 150g,1,1,0,0,ok,Não,Sem divergência real (falso positivo)
Movimentados - Geral 19.05.xlsm,Geral,Produto Acabado,2026-05-19 00:00:00,05004141,Língua de Onça Cupulate Flowpack 11g,1,1,0,0,ok,Não,Sem divergência real (falso positivo)
Movimentados - Geral 19.05.xlsm,Geral,Produto Acabado,2026-05-19 00:00:00,05004140,Língua de Onça Intenso Flowpack 11g,1901,1901,0,0,ok,Não,Sem divergência real (falso positivo)
Movimentados - Geral 19.05.xlsm,Geral,Produto Acabado,2026-05-19 00:00:00,05004139,Língua de Onça Leite Flowpack 11g,1741,1741,0,0,ok,Não,Sem divergência real (falso positivo)
Movimentados - Geral 19.05.xlsm,Geral,Produto Acabado,2026-05-19 00:00:00,05004004,MAGIO PF Acará-Açu 75% 60g,125,125,0,0,ok,Não,Sem divergência real (falso positivo)
Movimentados - Geral 19.05.xlsm,Geral,Produto Acabado,2026-05-19 00:00:00,05004003,MAGIO PF Sakaguchi ao Leite 41% 60g,740,740,0,0,ok,Não,Sem divergência real (falso positivo)
Movimentados - Geral 19.05.xlsm,Geral,Produto Acabado,2026-05-19 00:00:00,05004002,PI Paiter Suruí 70% 60g,92,92,0,0,ok,Não,Sem divergência real (falso positivo)
Movimentados - Geral 19.05.xlsm,Geral,Produto Acabado,2026-05-19 00:00:00,05004043,Formigueiro Caramelo de Maracujá Cx 80g,29,29,0,0,ok,Não,Sem divergência real (falso positivo)
Movimentados - Geral 19.05.xlsm,Geral,Produto Acabado,2026-05-19 00:00:00,05004006,MAGIO PF Vale do Jari 65% 60g,271,273,2,-10.4856,Conferir Lote para validarmos ajuste,Sim,Erro de lote (necessita ajuste)
Movimentados - Geral 19.05.xlsm,Geral,Produto Acabado,2026-05-19 00:00:00,05004005,MAGIO PF Bom Jardim 63% 60g,1,1,0,0,ok,Não,Sem divergência real (falso positivo)
Movimentados - Geral 19.05.xlsm,Geral,Produto Acabado,2026-05-19 00:00:00,05004011,MAGIO PF Kunkuni Cupulate 58% 60g,67,67,0,0,ok,Não,Sem divergência real (falso positivo)
Movimentados - Geral 19.05.xlsm,Geral,Produto Acabado,2026-05-19 00:00:00,05004010,MAGIO PF Mocajuba 74% 60g,186,186,0,0,ok,Não,Sem divergência real (falso positivo)
Movimentados - Geral 19.05.xlsm,Geral,Produto Acabado,2026-05-19 00:00:00,05004009,MAGIO PF Xiba 81% 60g,589,592,3,-19.6752,Conferir Lote para validarmos ajuste,Sim,Erro de lote (necessita ajuste)
Movimentados - Geral 19.05.xlsm,Geral,Produto Acabado,2026-05-19 00:00:00,05004165,Trio de Mini Ovos 75g,91,91,0,0,ok,Não,Sem divergência real (falso positivo)
Movimentados - Geral 19.05.xlsm,Geral,Produto Acabado,2026-05-19 00:00:00,05004012,MAGIO PF AMABELA Cupulate  54% 60g,53,53,0,0,ok,Não,Sem divergência real (falso positivo)
Movimentados - Geral 19.05.xlsm,Geral,Produto Acabado,2026-05-19 00:00:00,05004015,MAGIO Língua de Onça ao Leite Cx80g,1043,1044,1,-6.514,Conferir Lote para validarmos ajuste,Sim,Erro de lote (necessita ajuste)
Movimentados - Geral 19.05.xlsm,Geral,Produto Acabado,2026-05-19 00:00:00,05004143,Barra ES Chocolate Lt Pistache 29g,1,1,0,0,ok,Não,Sem divergência real (falso positivo)
Movimentados - Geral 19.05.xlsm,Geral,Produto Acabado,2026-05-19 00:00:00,05004142,Barra ES Chocolate Lt Maracujá 29g,1,1,0,0,ok,Não,Sem divergência real (falso positivo)
Movimentados - Geral 19.05.xlsm,Geral,Produto Acabado,2026-05-19 00:00:00,05004008,MAGIO PF Sakaguchi Cupulate 58% 60g,343,343,0,0,ok,Não,Sem divergência real (falso positivo)
Movimentados - Geral 19.05.xlsm,Geral,Produto Acabado,2026-05-19 00:00:00,05004017,Língua de Onça Leit Praliné Flowpack 11g,1892,1891,-1,1.0582,1 Faturamento não tinha integrado,Não,Pendência de faturamento
Movimentados - Geral 19.05.xlsm,Geral,Produto Acabado,2026-05-19 00:00:00,05004016,MAGIO Lg de Onça Lt Praliné Avelã Cx80g,1528,1521,-7,49.8092,Conferir Lote para validarmos ajuste,Sim,Erro de lote (necessita ajuste)
Movimentados - Geral 20.05.xlsm,Geral,Embalagem,2026-05-20 00:00:00,0190213105,Sacolas de papel tamanho P (24A x 16L),92,92,0,0,ok,Não,Sem divergência real (falso positivo)
Movimentados - Geral 20.05.xlsm,Geral,Embalagem,2026-05-20 00:00:00,0190213106,Sacolas de papel tamanho M (32A x 23L),57,107,50,-157,Estoque ok,Não,Outros / não categorizado
Movimentados - Geral 20.05.xlsm,Geral,Embalagem,2026-05-20 00:00:00,0190213072,Caixa formigueiro Maracuja,31,31,0,0,ok,Não,Sem divergência real (falso positivo)
Movimentados - Geral 20.05.xlsm,Geral,Embalagem,2026-05-20 00:00:00,0190213074,Caixa Biscoitos Fundo cupu,145,145,0,0,ok,Não,Sem divergência real (falso positivo)
Movimentados - Geral 20.05.xlsm,Geral,Embalagem,2026-05-20 00:00:00,0190213075,Caixa Biscoitos luva cupu,204,204,0,0,ok,Não,Sem divergência real (falso positivo)
Movimentados - Geral 20.05.xlsm,Geral,Embalagem,2026-05-20 00:00:00,05004029,Caixa Folha Simples a Granel | 100g,349,299,-50,0,Falta 50 unidades. Item ok na ultima contagem,Sim,Recontagem necessária
Movimentados - Geral 20.05.xlsm,Geral,Embalagem,2026-05-20 00:00:00,0190213088,Caixa cartonada rígida  18x12x4 azul M,27,28,1,-11,Recontar,Não,Recontagem necessária
Movimentados - Geral 20.05.xlsm,Geral,Embalagem,2026-05-20 00:00:00,0190213164,Caixa ES Ao Leite Praliné Avelã,3050,3050,0,0,ok,Não,Sem divergência real (falso positivo)
Movimentados - Geral 20.05.xlsm,Geral,Embalagem,2026-05-20 00:00:00,0190213169,Caixa B2B 4 Bombons,389,391,2,0,Faturar 2 Caixas,Não,Outros / não categorizado
Movimentados - Geral 20.05.xlsm,Geral,Materia Prima,2026-05-20 00:00:00,9990111047,Leite integral,62,60,-2,19.5,Consumo na Copa,Não,Outros / não categorizado
Movimentados - Geral 20.05.xlsm,Geral,Mercadoria de Revenda,2026-05-20 00:00:00,05400002,agua com Gas em Lata 310ml,66,66,0,0,ok,Não,Sem divergência real (falso positivo)
Movimentados - Geral 20.05.xlsm,Geral,Mercadoria de Revenda,2026-05-20 00:00:00,05400001,Agua sem Gas em Lata 310ml,99,99,0,0,ok,Não,Sem divergência real (falso positivo)
Movimentados - Geral 20.05.xlsm,Geral,Produto Acabado,2026-05-20 00:00:00,05004007,MAGIO PF Sakaguchi 78% 60g,497,507,10,-68.527,Erro de Contagem no inventário Estoque ok,Não,Recontagem necessária
Movimentados - Geral 20.05.xlsm,Geral,Produto Acabado,2026-05-20 00:00:00,05104039,Bombom SF Ganache de Taperebá Int 10g,0,0,0,0,ok,Prejuízo,Sem divergência real (falso positivo)
Movimentados - Geral 20.05.xlsm,Geral,Produto Acabado,2026-05-20 00:00:00,05004151,Caixa Simples SSAL 216g,24,24,0,0,ok,Prejuízo,Sem divergência real (falso positivo)
Movimentados - Geral 20.05.xlsm,Geral,Produto Acabado,2026-05-20 00:00:00,05004148,Caixa de Bombons M (14 bombons),2,2,0,0,ok,Prejuízo,Sem divergência real (falso positivo)
Movimentados - Geral 20.05.xlsm,Geral,Produto Acabado,2026-05-20 00:00:00,05004149,Caixa de Bombons G (30 bombons),0,0,0,0,ok,Prejuízo,Sem divergência real (falso positivo)
Movimentados - Geral 20.05.xlsm,Geral,Produto Acabado,2026-05-20 00:00:00,05104027,Língua de Onça Chocolate Intenso 11g,10,10,0,0,ok,Prejuízo,Sem divergência real (falso positivo)
Movimentados - Geral 20.05.xlsm,Geral,Produto Acabado,2026-05-20 00:00:00,05104022,Trufas Nativas Pistache 20g,0,0,0,0,ok,Prejuízo,Sem divergência real (falso positivo)
Movimentados - Geral 20.05.xlsm,Geral,Produto Acabado,2026-05-20 00:00:00,05104026,Língua de Onça Chocolate ao Leite 11g,10,10,0,0,ok,Prejuízo,Sem divergência real (falso positivo)
Movimentados - Geral 20.05.xlsm,Geral,Produto Acabado,2026-05-20 00:00:00,05104018,"Bombom SF Leite Ganache de Cupuaçu 7,7g",25,25,0,0,ok,Prejuízo,Sem divergência real (falso positivo)
Movimentados - Geral 20.05.xlsm,Geral,Produto Acabado,2026-05-20 00:00:00,05004014,MAGIO Língua de Onça Intso Praliné Cx80g,1090,1089,-1,7.05,Faltando 1 unidade,Sim,Outros / não categorizado
Movimentados - Geral 20.05.xlsm,Geral,Produto Acabado,2026-05-20 00:00:00,05104020,Trufas Nativas de Chocolate Intenso  20G,70,70,0,0,ok,Prejuízo,Sem divergência real (falso positivo)
Movimentados - Geral 20.05.xlsm,Geral,Produto Acabado,2026-05-20 00:00:00,05004056,Barra ES Leite Praliné de Pistache 80g,294,294,0,0,ok,Prejuízo,Sem divergência real (falso positivo)
Movimentados - Geral 20.05.xlsm,Geral,Produto Acabado,2026-05-20 00:00:00,05004097,Barra ES Leite com Avelã e Maracujá 80g,228,228,0,0,ok,Prejuízo,Sem divergência real (falso positivo)
Movimentados - Geral 20.05.xlsm,Geral,Produto Acabado,2026-05-20 00:00:00,05004057,Barra ES ao Leite Praliné de Avelã 80g,116,116,0,0,ok,Prejuízo,Sem divergência real (falso positivo)
Movimentados - Geral 20.05.xlsm,Geral,Produto Acabado,2026-05-20 00:00:00,05104007,Bombom Intenso Praliné 10g,5,5,0,0,ok,Prejuízo,Sem divergência real (falso positivo)
Movimentados - Geral 20.05.xlsm,Geral,Produto Acabado,2026-05-20 00:00:00,05004058,Barra ES Intenso Praliné de Avelã 80g,146,146,0,0,ok,Prejuízo,Sem divergência real (falso positivo)
Movimentados - Geral 20.05.xlsm,Geral,Produto Acabado,2026-05-20 00:00:00,05004165,Trio de Mini Ovos 75g,70,70,0,0,ok,Prejuízo,Sem divergência real (falso positivo)
Movimentados - Geral 20.05.xlsm,Geral,Produto Acabado,2026-05-20 00:00:00,05004102,Lua Cheia Minis Chocolate ao Leite 100g,0,0,0,0,ok,Prejuízo,Sem divergência real (falso positivo)
Movimentados - Geral 20.05.xlsm,Geral,Produto Acabado,2026-05-20 00:00:00,05004048,Biscoito Cast. Pará Cupulate 70% 150g,0,0,0,0,ok,Prejuízo,Sem divergência real (falso positivo)
Movimentados - Geral 20.05.xlsm,Geral,Produto Acabado,2026-05-20 00:00:00,05004047,Biscoito Cast. Pará Chocolate 60% 150g,0,0,0,0,ok,Prejuízo,Sem divergência real (falso positivo)
Movimentados - Geral 20.05.xlsm,Geral,Produto Acabado,2026-05-20 00:00:00,05004140,Língua de Onça Intenso Flowpack 11g,1900,1900,0,0,ok,Prejuízo,Sem divergência real (falso positivo)
Movimentados - Geral 20.05.xlsm,Geral,Produto Acabado,2026-05-20 00:00:00,05004139,Língua de Onça Leite Flowpack 11g,1740,1740,0,0,ok,Prejuízo,Sem divergência real (falso positivo)
Movimentados - Geral 20.05.xlsm,Geral,Produto Acabado,2026-05-20 00:00:00,05004138,Língua de Onça Int Praliné Flowpack 11g,1011,1013,2,-2.1844,Contagem OK - Ajustar,Não,Ajuste de sistema pendente
Movimentados - Geral 20.05.xlsm,Geral,Produto Acabado,2026-05-20 00:00:00,05004043,Formigueiro Caramelo de Maracujá Cx 80g,66,66,0,0,ok,Prejuízo,Sem divergência real (falso positivo)
Movimentados - Geral 20.05.xlsm,Geral,Produto Acabado,2026-05-20 00:00:00,05004003,MAGIO PF Sakaguchi ao Leite 41% 60g,739,738,-1,5.8222,"Erro de Contagem, Estoque ok",Não,Recontagem necessária
Movimentados - Geral 20.05.xlsm,Geral,Produto Acabado,2026-05-20 00:00:00,05004002,PI Paiter Suruí 70% 60g,91,91,0,0,ok,Prejuízo,Sem divergência real (falso positivo)
Movimentados - Geral 20.05.xlsm,Geral,Produto Acabado,2026-05-20 00:00:00,5104122,Teste Industrial,26,26,0,0,ok,Prejuízo,Sem divergência real (falso positivo)
Movimentados - Geral 20.05.xlsm,Geral,Produto Acabado,2026-05-20 00:00:00,05004006,MAGIO PF Vale do Jari 65% 60g,257,259,2,-10.4856,"Erro de Contagem, Diferênça de 2 uni",Não,Recontagem necessária
Movimentados - Geral 20.05.xlsm,Geral,Produto Acabado,2026-05-20 00:00:00,05004005,MAGIO PF Bom Jardim 63% 60g,0,0,0,0,ok,Prejuízo,Sem divergência real (falso positivo)
Movimentados - Geral 20.05.xlsm,Geral,Produto Acabado,2026-05-20 00:00:00,05004004,MAGIO PF Acará-Açu 75% 60g,124,123,-1,6.6911,Baixa Pendente: Nfe 01343 - Estoque Ok,Não,Outros / não categorizado
Movimentados - Geral 20.05.xlsm,Geral,Produto Acabado,2026-05-20 00:00:00,05004141,Língua de Onça Cupulate Flowpack 11g,0,0,0,0,ok,Prejuízo,Sem divergência real (falso positivo)
Movimentados - Geral 20.05.xlsm,Geral,Produto Acabado,2026-05-20 00:00:00,05004009,MAGIO PF Xiba 81% 60g,588,592,4,-26.2336,Contagem OK - Ajustar,Não,Ajuste de sistema pendente
Movimentados - Geral 20.05.xlsm,Geral,Produto Acabado,2026-05-20 00:00:00,05004008,MAGIO PF Sakaguchi Cupulate 58% 60g,342,342,0,0,ok,Prejuízo,Sem divergência real (falso positivo)
Movimentados - Geral 20.05.xlsm,Geral,Produto Acabado,2026-05-20 00:00:00,05004017,Língua de Onça Leit Praliné Flowpack 11g,1891,1890,-1,1.0582,Contagem OK - Ajustar,Sim,Ajuste de sistema pendente
Movimentados - Geral 20.05.xlsm,Geral,Produto Acabado,2026-05-20 00:00:00,05004010,MAGIO PF Mocajuba 74% 60g,185,185,0,0,ok,Prejuízo,Sem divergência real (falso positivo)
Movimentados - Geral 20.05.xlsm,Geral,Produto Acabado,2026-05-20 00:00:00,05004161,Ovo Marajoara - Recheio de Cupuaçu 420g,3,3,0,0,ok,Prejuízo,Sem divergência real (falso positivo)
Movimentados - Geral 20.05.xlsm,Geral,Produto Acabado,2026-05-20 00:00:00,05004012,MAGIO PF AMABELA Cupulate  54% 60g,52,53,1,-7.2981,Contagem OK - Ajustar,Não,Ajuste de sistema pendente
Movimentados - Geral 20.05.xlsm,Geral,Produto Acabado,2026-05-20 00:00:00,05004011,MAGIO PF Kunkuni Cupulate 58% 60g,66,67,1,-5.6168,"Erro de Contagem, Estoque ok",Não,Recontagem necessária
Movimentados - Geral 20.05.xlsm,Geral,Produto Acabado,2026-05-20 00:00:00,05004015,MAGIO Língua de Onça ao Leite Cx80g,1037,1043,6,-39.084,Contagem OK - Ajustar,Não,Ajuste de sistema pendente
Movimentados - Geral 20.05.xlsm,Geral,Produto Acabado,2026-05-20 00:00:00,05004143,Barra ES Chocolate Lt Pistache 29g,0,0,0,0,ok,Prejuízo,Sem divergência real (falso positivo)
Movimentados - Geral 20.05.xlsm,Geral,Produto Acabado,2026-05-20 00:00:00,05004142,Barra ES Chocolate Lt Maracujá 29g,0,0,0,0,ok,Prejuízo,Sem divergência real (falso positivo)
Movimentados - Geral 20.05.xlsm,Geral,Produto Acabado,2026-05-20 00:00:00,05004016,MAGIO Lg de Onça Lt Praliné Avelã Cx80g,1527,1521,-6,42.693599999999996,"Erro de Contagem, Estoque ok",Não,Recontagem necessária
Movimentados - Geral 20.05.xlsm,Geral,Produto em Processo,2026-05-20 00:00:00,0020305005,Massa de Chocolate - Chocolate - Mocajub,2,2,0,0,ok,Não,Sem divergência real (falso positivo)
Movimentados - Geral 20.05.xlsm,Geral,Produto em Processo,2026-05-20 00:00:00,0080302002,Amêndoa de Cupuaçu Torrada - Santa Bárba,25,25,0,0,ok,Não,Sem divergência real (falso positivo)
Movimentados - Geral 20.05.xlsm,Geral,Produto em Processo,2026-05-20 00:00:00,80305004,Massa de  Cupuaçu - Santa Bárbara (PA),32,25,-7,0,"Aparentemente inverteram a contagem do produto com o produto, 0210305004.",Não,Recontagem necessária
Movimentados - Geral 20.05.xlsm,Geral,Produto em Processo,2026-05-20 00:00:00,210305004,Massa  de Cupuaçu - Sakaguchi,24,31,7,0,"Aparentemente inverteram a contagem do produto com o produto, 0080305004.",Não,Recontagem necessária
Movimentados - Geral 20.05.xlsm,Geral,Produto em Processo,2026-05-20 00:00:00,9990111046,Água com Gás - Acquamix,21,21,0,0,ok,Não,Sem divergência real (falso positivo)
Movimentados - Geral 20.07.xlsm,Geral,Materia Prima,2026-07-17 00:00:00,9990111049,Polpa de Abacaxi com Hortelã,2.3,1.8,-0.4999999999999998,13.939999999999994,Sem histórico de erros nas movimentações. Erro passou despercebido no inventário.,,Outros / não categorizado
Movimentados - Geral 20.07.xlsm,Geral,Materia Prima,2026-07-17 00:00:00,9990111045,Polpa de Açaí,0.1,1.1,1.0,-34.7352,Sem histórico de erros nas movimentações.,,Outros / não categorizado
Movimentados - Geral 20.07.xlsm,Geral,Materia Prima,2026-07-17 00:00:00,9990111006,Manteiga de Leite,6,6.8,0.7999999999999998,-52.959999999999994,Reajuste no proximo inventário.,,Ajuste de sistema pendente
Movimentados - Geral 21.07.xlsm,Geral,Materia Prima,2026-07-20 00:00:00,03001001,Leite em Pó integral,156.8,155.4,-1.4000000000000057,34.44000000000014,"Divergência identificada nos movimentos anteriores. Solução, ajuste no inventário.",Sim,Ajuste de sistema pendente
Movimentados - Geral 22.05.xlsm,Geral,Embalagem,2026-05-22 00:00:00,9990712046,Etiqueta Lacre 1  - Adesivo com hot stam,39260,39260,0,0,OK,Não,Sem divergência real (falso positivo)
Movimentados - Geral 22.05.xlsm,Geral,Embalagem,2026-05-22 00:00:00,0190213119,Sacola de Papel Tamanho G,823,8,-815,4555.849999999999,Verificar no Box,Não,Outros / não categorizado
Movimentados - Geral 22.05.xlsm,Geral,Embalagem,2026-05-22 00:00:00,0190213106,Sacolas de papel tamanho M (32A x 23L),24,22,-2,6.28,Baixar Por Consumo,Não,Baixa por consumo (processo semanal)
Movimentados - Geral 22.05.xlsm,Geral,Embalagem,2026-05-22 00:00:00,0190213105,Sacolas de papel tamanho P (24A x 16L),81,81,0,0,OK,Não,Sem divergência real (falso positivo)
Movimentados - Geral 22.05.xlsm,Geral,Materia Prima,2026-05-22 00:00:00,0140106004,Açúcar Demerara,9,9,0,0,OK,Não,Sem divergência real (falso positivo)
Movimentados - Geral 22.05.xlsm,Geral,Materia Prima,2026-05-22 00:00:00,9990111048,Café organico em graos,8,8,0,0,OK,Não,Sem divergência real (falso positivo)
Movimentados - Geral 22.05.xlsm,Geral,Materia Prima,2026-05-22 00:00:00,9990111003,Creme de Leite UHT 25%,8,9,1,-38.8516,Ajustar estoque,Não,Ajuste de sistema pendente
Movimentados - Geral 22.05.xlsm,Geral,Outros Insumos,2026-05-22 00:00:00,0540001,Pão de queijo 70 gr,0,0,0,0,OK,Não,Sem divergência real (falso positivo)
Movimentados - Geral 22.05.xlsm,Geral,Outros Insumos,2026-05-22 00:00:00,0540002,Pão de queijo com requeijão 100gr,0,0,0,0,OK,Não,Sem divergência real (falso positivo)
Movimentados - Geral 22.05.xlsm,Geral,Produto Acabado,2026-05-22 00:00:00,05104016,"Bombom SF Leite Ganache de Maracujá 7,7g",0,0,0,0,OK,Não,Sem divergência real (falso positivo)
Movimentados - Geral 22.05.xlsm,Geral,Produto Acabado,2026-05-22 00:00:00,05004057,Barra ES ao Leite Praliné de Avelã 80g,193,193,0,0,OK,Não,Sem divergência real (falso positivo)
Movimentados - Geral 22.05.xlsm,Geral,Produto Acabado,2026-05-22 00:00:00,05104036,Bombom SF Açaí 10g,0,0,0,0,OK,Não,Sem divergência real (falso positivo)
Movimentados - Geral 22.05.xlsm,Geral,Produto Acabado,2026-05-22 00:00:00,05104039,Bombom SF Ganache de Taperebá Int 10g,0,0,0,0,OK,Não,Sem divergência real (falso positivo)
Movimentados - Geral 22.05.xlsm,Geral,Produto Acabado,2026-05-22 00:00:00,05104059,Bombom SF Doce de Cupuaçu 10g,0,0,0,0,OK,Não,Sem divergência real (falso positivo)
Movimentados - Geral 22.05.xlsm,Geral,Produto Acabado,2026-05-22 00:00:00,05104033,Formigueiro Caramelo de Maracujá 16g,85,87,2,-0.9268,Erro de Contagem - Ok,Não,Recontagem necessária
Movimentados - Geral 22.05.xlsm,Geral,Produto Acabado,2026-05-22 00:00:00,05004007,MAGIO PF Sakaguchi 78% 60g,503,503,0,0,OK,Não,Sem divergência real (falso positivo)
Movimentados - Geral 22.05.xlsm,Geral,Produto Acabado,2026-05-22 00:00:00,05004014,MAGIO Língua de Onça Intso Praliné Cx80g,1082,1082,0,0,OK,Não,Sem divergência real (falso positivo)
Movimentados - Geral 22.05.xlsm,Geral,Produto Acabado,2026-05-22 00:00:00,05104020,Trufas Nativas de Chocolate Intenso  20G,48,48,0,0,OK,Não,Sem divergência real (falso positivo)
Movimentados - Geral 22.05.xlsm,Geral,Produto Acabado,2026-05-22 00:00:00,05104018,"Bombom SF Leite Ganache de Cupuaçu 7,7g",0,0,0,0,OK,Não,Sem divergência real (falso positivo)
Movimentados - Geral 22.05.xlsm,Geral,Produto Acabado,2026-05-22 00:00:00,05104007,Bombom Intenso Praliné 10g,17,19,2,-0.9158,Ajustar estoque,Não,Ajuste de sistema pendente
Movimentados - Geral 22.05.xlsm,Geral,Produto Acabado,2026-05-22 00:00:00,05104012,Bombom SF Leite Praliné de Pistache 10g,0,0,0,0,OK,Não,Sem divergência real (falso positivo)
Movimentados - Geral 22.05.xlsm,Geral,Produto Acabado,2026-05-22 00:00:00,05104008,Bombom ao Leite Praliné 10g,70,72,2,-0.9282,Separação errada - Estoque OK - corrigir Lote,Não,Outros / não categorizado
Movimentados - Geral 22.05.xlsm,Geral,Produto Acabado,2026-05-22 00:00:00,05004016,MAGIO Lg de Onça Lt Praliné Avelã Cx80g,1843,1838,-5,35.577999999999996,Falta de  6 unidades não justificada após ajuste,Sim,Ajuste de sistema pendente
Movimentados - Geral 22.05.xlsm,Geral,Produto Acabado,2026-05-22 00:00:00,05004015,MAGIO Língua de Onça ao Leite Cx80g,1035,1035,0,0,OK,Não,Sem divergência real (falso positivo)
Movimentados - Geral 22.05.xlsm,Geral,Produto Acabado,2026-05-22 00:00:00,05004012,MAGIO PF AMABELA Cupulate  54% 60g,51,51,0,0,OK,Não,Sem divergência real (falso positivo)
Movimentados - Geral 22.05.xlsm,Geral,Produto Acabado,2026-05-22 00:00:00,05004140,Língua de Onça Intenso Flowpack 11g,1899,1899,0,0,OK,Não,Sem divergência real (falso positivo)
Movimentados - Geral 22.05.xlsm,Geral,Produto Acabado,2026-05-22 00:00:00,05004139,Língua de Onça Leite Flowpack 11g,1737,1737,0,0,OK,Não,Sem divergência real (falso positivo)
Movimentados - Geral 22.05.xlsm,Geral,Produto Acabado,2026-05-22 00:00:00,05004017,Língua de Onça Leit Praliné Flowpack 11g,1888,1890,2,-2.1164,Erro de Contagem - Ok,Não,Recontagem necessária
Movimentados - Geral 22.05.xlsm,Geral,Produto Acabado,2026-05-22 00:00:00,05004004,MAGIO PF Acará-Açu 75% 60g,120,120,0,0,OK,Não,Sem divergência real (falso positivo)
Movimentados - Geral 22.05.xlsm,Geral,Produto Acabado,2026-05-22 00:00:00,05004003,MAGIO PF Sakaguchi ao Leite 41% 60g,729,729,0,0,OK,Não,Sem divergência real (falso positivo)
Movimentados - Geral 22.05.xlsm,Geral,Produto Acabado,2026-05-22 00:00:00,05004002,PI Paiter Suruí 70% 60g,87,87,0,0,OK,Não,Sem divergência real (falso positivo)
Movimentados - Geral 22.05.xlsm,Geral,Produto Acabado,2026-05-22 00:00:00,05004010,MAGIO PF Mocajuba 74% 60g,183,183,0,0,OK,Não,Sem divergência real (falso positivo)
Movimentados - Geral 22.05.xlsm,Geral,Produto Acabado,2026-05-22 00:00:00,05004009,MAGIO PF Xiba 81% 60g,588,586,-2,13.1168,Falta 2 unidades - VERIFICAR,Sim,Outros / não categorizado
Movimentados - Geral 22.05.xlsm,Geral,Produto Acabado,2026-05-22 00:00:00,05004006,MAGIO PF Vale do Jari 65% 60g,238,238,0,0,OK,Não,Sem divergência real (falso positivo)
Movimentados - Geral 22.05.xlsm,Geral,Produto Acabado,2026-05-22 00:00:00,05104096,Bombom SF Castanha-do-Pará 10g,29,29,0,0,OK,Não,Sem divergência real (falso positivo)
Movimentados - Geral 22.05.xlsm,Geral,Produto Acabado,2026-05-22 00:00:00,05104071,Bombom Bom Jardim Intenso 10g,0,0,0,0,OK,Não,Sem divergência real (falso positivo)
Movimentados - Geral 22.05.xlsm,Geral,Produto Acabado,2026-05-22 00:00:00,05004148,Caixa de Bombons M (14 bombons),5,5,0,0,OK,Não,Sem divergência real (falso positivo)
Movimentados - Geral 22.05.xlsm,Geral,Produto Acabado,2026-05-22 00:00:00,05104122,Teste Industrial,0,0,0,0,OK,Não,Sem divergência real (falso positivo)
Movimentados - Geral 22.05.xlsm,Geral,Produto Acabado,2026-05-22 00:00:00,05104119,Bombom Mini Lua Cheia Choco ao Leite 10g,61,61,0,0,OK,Não,Sem divergência real (falso positivo)
Movimentados - Geral 22.05.xlsm,Geral,Produto Acabado,2026-05-22 00:00:00,05004143,Barra ES Chocolate Lt Pistache 29g,220,221,1,-2.2481,Recontar,Não,Recontagem necessária
Movimentados - Geral 22.05.xlsm,Geral,Produto Acabado,2026-05-22 00:00:00,05004142,Barra ES Chocolate Lt Maracujá 29g,142,141,-1,1.9281,Recontar,Não,Recontagem necessária
Movimentados - Geral 22.05.xlsm,Geral,Produto Acabado,2026-05-22 00:00:00,05004141,Língua de Onça Cupulate Flowpack 11g,94,94,0,0,OK,Não,Sem divergência real (falso positivo)
Movimentados - Geral 22.05.xlsm,Geral,Produto Acabado,2026-05-22 00:00:00,05004048,Biscoito Cast. Pará Cupulate 70% 150g,63,63,0,0,OK,Não,Sem divergência real (falso positivo)
Movimentados - Geral 22.05.xlsm,Geral,Produto Acabado,2026-05-22 00:00:00,05004043,Formigueiro Caramelo de Maracujá Cx 80g,60,60,0,0,OK,Não,Sem divergência real (falso positivo)
Movimentados - Geral 22.05.xlsm,Geral,Produto em Processo,2026-05-22 00:00:00,0020303003,Nibs de Cacau - Mocajuba (PA),24,24,0,0,OK,Não,Sem divergência real (falso positivo)
Movimentados - Geral 22.06.xlsm,Geral,Embalagem,2026-06-19 00:00:00,0190213105,Sacolas de papel tamanho P (24A x 16L),605,524,-81,183.87,Baixa Semanal Por Consumo - Aguaradndo Fiscal,Não,Baixa por consumo (processo semanal)
Movimentados - Geral 22.06.xlsm,Geral,Embalagem,2026-06-19 00:00:00,0190213119,Sacola de Papel Tamanho G,730,206,-524,2929.16,Baixa Semanal Por Consumo - Aguaradndo Fiscal,Não,Baixa por consumo (processo semanal)
Movimentados - Geral 22.06.xlsm,Geral,Produto Acabado,2026-06-19 00:00:00,05004002,PI Paiter Suruí 70% 60g,63,62,-1,4.3311,sumiu 1 unidade,Sim,Perda não identificada (possível furto)
Movimentados - Geral 22.06.xlsm,Geral,Produto Acabado,2026-06-19 00:00:00,05004142,Barra ES Chocolate Lt Maracujá 29g,149,128,-21,40.1289,Sumiu 21 unidades - demais almox conferidos já,Sim,Perda não identificada (possível furto)
Movimentados - Geral 22.07.xlsm,Geral,Embalagem,2026-07-21 00:00:00,0190213133,Berço interno caixa 14 bombons,900,1651,751,-811.08,Transf.Pendente Box,Não,Transferência pendente
Movimentados - Geral 22.07.xlsm,Geral,Embalagem,2026-07-21 00:00:00,0190213165,Caixa ES Ao Leite com Praliné e Maracujá,147,143,-4,2.378,Baixa Por Consumo - Fake loja,Não,Baixa por consumo (processo semanal)
Movimentados - Geral 22.07.xlsm,Geral,Embalagem,2026-07-21 00:00:00,0190213057,Embalagem – mod. Envelope p/ barra,32,12,-20,38.4,Baixa Por Consumo - Fake loja,Não,Baixa por consumo (processo semanal)
Movimentados - Geral 22.07.xlsm,Geral,Embalagem,2026-07-21 00:00:00,0190213134,Folder das Caixas de 14 Bombons,347,350,3,0,Ajustar Saldo +3,Sim,Ajuste de sistema pendente
Movimentados - Geral 22.07.xlsm,Geral,Embalagem,2026-07-21 00:00:00,0190213056,Envelope plastico transparente,1000,1400,400,-58.4,Verificando,Não,Outros / não categorizado
Movimentados - Geral 22.07.xlsm,Geral,Produto Acabado,2026-07-21 00:00:00,05004102,Lua Cheia Minis Chocolate ao Leite 100g,194,195,1,-6.5537,Ajustar +1,Não,Ajuste de sistema pendente
Movimentados - Geral 22.07.xlsm,Geral,Produto Acabado,2026-07-21 00:00:00,05004043,Formigueiro Caramelo de Maracujá Cx 80g,166,169,3,-38.3436,Ajustar +3,Não,Ajuste de sistema pendente
Movimentados - Geral 23.06.xlsm,Geral,Embalagem,2026-06-22 00:00:00,0190213138,Folder informação nutricional SSAL,197,194,-3,6.449999999999999,Divergência Injustificada,Sim,Outros / não categorizado
Movimentados - Geral 23.06.xlsm,Geral,Embalagem,2026-06-22 00:00:00,0190213154,Candy Pad Caixa 7 camadas black,67,61,-6,64.5,Divergência Injustificada,Sim,Outros / não categorizado
Movimentados - Geral 23.06.xlsm,Geral,Embalagem,2026-06-22 00:00:00,0190213106,Sacolas de papel tamanho M (32A x 23L),389,340,-49,153.86,Baixa Por consumo semanal,Não,Baixa por consumo (processo semanal)
Movimentados - Geral 23.06.xlsm,Geral,Embalagem,2026-06-22 00:00:00,0190213131,Caixa SSAL SIMPLES,397,27,-370,42920,"Anteriormente recebemos algumas unidades, mas a NF foi dada entrada 100%, nesse caso o restante das unidades estão com o fornecedor.",Não,Outros / não categorizado
Movimentados - Geral 23.06.xlsm,Geral,Embalagem,2026-06-22 00:00:00,0190213119,Sacola de Papel Tamanho G,723,200,-523,2923.5699999999997,Baixa Por consumo semanal,Não,Baixa por consumo (processo semanal)
Movimentados - Geral 23.06.xlsm,Geral,Materia Prima,2026-06-22 00:00:00,0990101001,Amêndoa de Cacau Terceiros,6.565,6.555,-0.010000000000000675,0.2000000000000135,Variação de pesagem.,Não,Outros / não categorizado
Movimentados - Geral 23.06.xlsm,Geral,Produto Acabado,2026-06-22 00:00:00,05004002,PI Paiter Suruí 70% 60g,60,59,-1,4.2745,"Sem histórico, ajustar no próximo inventário.",Sim,Ajuste de sistema pendente
Movimentados - Geral 23.06.xlsm,Geral,Produto Acabado,2026-06-22 00:00:00,05004102,Lua Cheia Minis Chocolate ao Leite 100g,59,58,-1,6.8427,Transf.Pendente P/Loja - OK,Não,Transferência pendente
Movimentados - Geral 24.06.xlsm,Geral,Embalagem,2026-06-23 00:00:00,0190213131,Caixa SSAL SIMPLES,444,26,-418,48488,Recebimento Parcial,Não,Outros / não categorizado
Movimentados - Geral 24.06.xlsm,Geral,Embalagem,2026-06-23 00:00:00,0190213154,Candy Pad Caixa 7 camadas black,63,57,-6,64.5,Falta Injustificada,Sim,"Falta injustificada (não-estoque, revisar)"
Movimentados - Geral 24.06.xlsm,Geral,Embalagem,2026-06-23 00:00:00,0200216015,Papel Chumbo Azul Claro,50,0,-50,49.120000000000005,"Nota fiscal antiga, item utilizado na páscoa. Dar baixa.",Não,Outros / não categorizado
Movimentados - Geral 24.06.xlsm,Geral,Embalagem,2026-06-23 00:00:00,945,Folder SSAL,104,107,3,-3,Falta Injustificada,Sim,"Falta injustificada (não-estoque, revisar)"
Movimentados - Geral 24.06.xlsm,Geral,Embalagem,2026-06-23 00:00:00,0200216014,Papel Chumbo Prata,50,0,-50,37.64,"Nota fiscal antiga, item utilizado na páscoa. Dar baixa.",Não,Outros / não categorizado
Movimentados - Geral 24.06.xlsm,Geral,Embalagem,2026-06-23 00:00:00,0200216013,Papel Chumbo Toffe,100,0,-100,98.24000000000001,"Nota fiscal antiga, item utilizado na páscoa. Dar baixa.",Não,Outros / não categorizado
Movimentados - Geral 25.05.xlsm,Geral,Embalagem,2026-05-25 00:00:00,0190213106,Sacolas de papel tamanho M (32A x 23L),224,294,70,-219.8,Saldo Ajustado,Não,Ajuste de sistema pendente
Movimentados - Geral 25.05.xlsm,Geral,Embalagem,2026-05-25 00:00:00,0190213088,Caixa cartonada rígida  18x12x4 azul M,25,26,1,-11,Ajustado saldo 1 unidade +,Não,Ajuste de sistema pendente
Movimentados - Geral 25.05.xlsm,Geral,Embalagem,2026-05-25 00:00:00,0190213119,Sacola de Papel Tamanho G,819,149,-670,3745.2999999999997,Plano para mantermos nosso estoque fábrica ajustado até o inventário. Transferir divergência para o box e considerar apenas o estoque físico  que temos aqui.,Não,Ajuste de sistema pendente
Movimentados - Geral 25.05.xlsm,Geral,Embalagem,2026-05-25 00:00:00,0190213169,Caixa B2B 4 Bombons,386,387,1,0,Ajustado saldo 1 unidade +,Não,Ajuste de sistema pendente
Movimentados - Geral 25.05.xlsm,Geral,Materia Prima,2026-05-25 00:00:00,0140106806,Açúcar Mascavo,10,8,-2,29.356,Transf. Pendente Fab x Loja - ok,Não,Transferência pendente
Movimentados - Geral 25.05.xlsm,Geral,Materia Prima,2026-05-25 00:00:00,9990111020,Avelã,20.44,20.26,-0.17999999999999972,17.269199999999973,Ajuste de gramatura,Sim,Ajuste de sistema pendente
Movimentados - Geral 25.05.xlsm,Geral,Materia Prima,2026-05-25 00:00:00,0140106805,Açúcar refinado,113,112,-1,3.0586,1kg destinado a copa.,Não,Outros / não categorizado
Movimentados - Geral 25.05.xlsm,Geral,Outros Insumos,2026-05-25 00:00:00,0540002,Pão de queijo com requeijão 100gr,70,48,-22,59.3516,Ajustado Pós cancelamento de Recebimento,Não,Ajuste de sistema pendente
Movimentados - Geral 25.05.xlsm,Geral,Outros Insumos,2026-05-25 00:00:00,0540001,Pão de queijo 70 gr,105,84,-21,29.7339,Ajustado Pós cancelamento de Recebimento,Não,Ajuste de sistema pendente
Movimentados - Geral 25.05.xlsm,Geral,Produto Acabado,2026-05-25 00:00:00,05004143,Barra ES Chocolate Lt Pistache 29g,218,219,1,-2.2481,Ajustado saldo 1 unidade +,Não,Ajuste de sistema pendente
Movimentados - Geral 25.05.xlsm,Geral,Produto Acabado,2026-05-25 00:00:00,05004016,MAGIO Lg de Onça Lt Praliné Avelã Cx80g,1840,1835,-5,35.577999999999996,Sumiu 5 unidades - 0050401600001212026,Sim,Perda não identificada (possível furto)
Movimentados - Geral 25.06.xlsm,Geral,Embalagem,2026-06-24 00:00:00,0190213105,Sacolas de papel tamanho P (24A x 16L),585,504,-81,183.87,Alinhado com Maurício e Matheus para dar baixo uma vez por semana dos pedidos que não faturam sacolas.,Não,Pendência de faturamento
Movimentados - Geral 25.06.xlsm,Geral,Embalagem,2026-06-24 00:00:00,0190213106,Sacolas de papel tamanho M (32A x 23L),369,315,-54,169.56,Alinhado com Maurício e Matheus para dar baixo uma vez por semana dos pedidos que não faturam sacolas.,Não,Pendência de faturamento
Movimentados - Geral 25.06.xlsm,Geral,Materia Prima,2026-06-24 00:00:00,9990111021,DEXTROSE,1.5,1.2,-0.30000000000000004,7.773600000000001,"O pacote individual do item possui 0,250g, temos algumas transferências de 0,200g, Ajustar quantidade no inventário.",Sim,Ajuste de sistema pendente
Movimentados - Geral 25.06.xlsm,Geral,Produto em Processo,2026-06-24 00:00:00,0260303001,Nibs de Cacau Moju,6.95,6.615,-0.33499999999999996,15.403299999999998,"Fábrica pediu o item, descemos o pacote completo sem ser pesado, e subiu com a afirmação de que não utilizaram.",Sim,Outros / não categorizado
Movimentados - Par#U00e1 01.07.xlsm,Par#U,Embalagem,2026-06-30 00:00:00,0190213119,Sacola de Papel Tamanho G,10,8,-2,11.18,em faturamento,Não,Pendência de faturamento
Movimentados - Par#U00e1 01.07.xlsm,Par#U,Embalagem,2026-06-30 00:00:00,0190213106,Sacolas de papel tamanho M (32A x 23L),25,23,-2,6.28,em faturamento,Não,Pendência de faturamento
Movimentados - Par#U00e1 01.07.xlsm,Par#U,Embalagem,2026-06-30 00:00:00,0190213105,Sacolas de papel tamanho P (24A x 16L),25,20,-5,11.348,em faturamento,Não,Pendência de faturamento
Movimentados - Par#U00e1 01.07.xlsm,Par#U,Materia Prima,2026-06-30 00:00:00,9990111001,Flor de Sal,0.285,0.285,0.0,0,ok,Não,Sem divergência real (falso positivo)
Movimentados - Par#U00e1 01.07.xlsm,Par#U,Materia Prima,2026-06-30 00:00:00,0020301006,Amêndoa de Cacau Seca Aprovada - Mocajub,156,156,0,0,ok,Não,Sem divergência real (falso positivo)
Movimentados - Par#U00e1 01.07.xlsm,Par#U,Produto Acabado,2026-06-30 00:00:00,05004139,Língua de Onça Leite Flowpack 11g,10,10,0,0,ok,Não,Sem divergência real (falso positivo)
Movimentados - Par#U00e1 01.07.xlsm,Par#U,Produto Acabado,2026-06-30 00:00:00,05004140,Língua de Onça Intenso Flowpack 11g,10,7,-3,3.168,em faturamento,Não,Pendência de faturamento
Movimentados - Par#U00e1 01.07.xlsm,Par#U,Produto Acabado,2026-06-30 00:00:00,05004142,Barra ES Chocolate Lt Maracujá 29g,10,8,-2,3.856,em faturamento,Não,Pendência de faturamento
Movimentados - Par#U00e1 01.07.xlsm,Par#U,Produto Acabado,2026-06-30 00:00:00,05004143,Barra ES Chocolate Lt Pistache 29g,10,6,-4,8.992,em faturamento,Não,Pendência de faturamento
Movimentados - Par#U00e1 01.07.xlsm,Par#U,Produto Acabado,2026-06-30 00:00:00,05004097,Barra ES Leite com Avelã e Maracujá 80g,29,19,-10,33.985,em faturamento,Não,Pendência de faturamento
Movimentados - Par#U00e1 01.07.xlsm,Par#U,Produto Acabado,2026-06-30 00:00:00,05004014,MAGIO Língua de Onça Intso Praliné Cx80g,10,8,-2,11.6112,em faturamento,Não,Pendência de faturamento
Movimentados - Par#U00e1 01.07.xlsm,Par#U,Produto Acabado,2026-06-30 00:00:00,05004007,MAGIO PF Sakaguchi 78% 60g,14,5,-9,52.7409,em faturamento,Não,Pendência de faturamento
Movimentados - Par#U00e1 01.07.xlsm,Par#U,Produto Acabado,2026-06-30 00:00:00,05004056,Barra ES Leite Praliné de Pistache 80g,28,17,-11,56.2518,em faturamento,Não,Pendência de faturamento
Movimentados - Par#U00e1 01.07.xlsm,Par#U,Produto Acabado,2026-06-30 00:00:00,05004057,Barra ES ao Leite Praliné de Avelã 80g,28,20,-8,37.456,em faturamento,Não,Pendência de faturamento
Movimentados - Par#U00e1 01.07.xlsm,Par#U,Produto Acabado,2026-06-30 00:00:00,05004058,Barra ES Intenso Praliné de Avelã 80g,29,19,-10,39.692,em faturamento,Não,Pendência de faturamento
Movimentados - Par#U00e1 01.07.xlsm,Par#U,Produto Acabado,2026-06-30 00:00:00,05004138,Língua de Onça Int Praliné Flowpack 11g,10,7,-3,3.555,em faturamento,Não,Pendência de faturamento
Movimentados - Par#U00e1 01.07.xlsm,Par#U,Produto Acabado,2026-06-30 00:00:00,05004009,MAGIO PF Xiba 81% 60g,5,4,-1,6.578,em faturamento,Não,Pendência de faturamento
Movimentados - Par#U00e1 01.07.xlsm,Par#U,Produto Acabado,2026-06-30 00:00:00,05004008,MAGIO PF Sakaguchi Cupulate 58% 60g,15,4,-11,86.2906,em faturamento,Não,Pendência de faturamento
Movimentados - Par#U00e1 01.07.xlsm,Par#U,Produto Acabado,2026-06-30 00:00:00,05004011,MAGIO PF Kunkuni Cupulate 58% 60g,5,4,-1,5.644,em faturamento,Não,Pendência de faturamento
Movimentados - Par#U00e1 01.07.xlsm,Par#U,Produto Acabado,2026-06-30 00:00:00,05004010,MAGIO PF Mocajuba 74% 60g,5,1,-4,26.352,em faturamento,Não,Pendência de faturamento
Movimentados - Par#U00e1 01.07.xlsm,Par#U,Produto Acabado,2026-06-30 00:00:00,05004003,MAGIO PF Sakaguchi ao Leite 41% 60g,14,5,-9,52.450199999999995,em faturamento,Não,Pendência de faturamento
Movimentados - Par#U00e1 01.07.xlsm,Par#U,Produto Acabado,2026-06-30 00:00:00,05004002,PI Paiter Suruí 70% 60g,10,20,10,-43.16,em faturamento,Não,Pendência de faturamento
Movimentados - Par#U00e1 01.07.xlsm,Par#U,Produto Acabado,2026-06-30 00:00:00,05004006,MAGIO PF Vale do Jari 65% 60g,13,5,-8,42.24,em faturamento,Não,Pendência de faturamento
Movimentados - Par#U00e1 01.07.xlsm,Par#U,Produto Acabado,2026-06-30 00:00:00,05004004,MAGIO PF Acará-Açu 75% 60g,5,5,0,0,ok,Não,Sem divergência real (falso positivo)
Movimentados - Par#U00e1 01.07.xlsm,Par#U,Produto Acabado,2026-06-30 00:00:00,05004047,Biscoito Cast. Pará Chocolate 60% 150g,10,10,0,0,ok,Não,Sem divergência real (falso positivo)
Movimentados - Par#U00e1 01.07.xlsm,Par#U,Produto Acabado,2026-06-30 00:00:00,05004043,Formigueiro Caramelo de Maracujá Cx 80g,10,7,-3,53.24759999999999,em faturamento,Não,Pendência de faturamento
Movimentados - Par#U00e1 01.07.xlsm,Par#U,Produto Acabado,2026-06-30 00:00:00,05004102,Lua Cheia Minis Chocolate ao Leite 100g,15,5,-10,68.34,em faturamento,Não,Pendência de faturamento
Movimentados - Par#U00e1 01.07.xlsm,Par#U,Produto Acabado,2026-06-30 00:00:00,05004048,Biscoito Cast. Pará Cupulate 70% 150g,10,9,-1,15.604,em faturamento,Não,Pendência de faturamento
Movimentados - Par#U00e1 01.07.xlsm,Par#U,Produto Acabado,2026-06-30 00:00:00,05004015,MAGIO Língua de Onça ao Leite Cx80g,10,8,-2,13.044,em faturamento,Não,Pendência de faturamento
Movimentados - Par#U00e1 01.07.xlsm,Par#U,Produto Acabado,2026-06-30 00:00:00,05004012,MAGIO PF AMABELA Cupulate  54% 60g,5,3,-2,14.656,em faturamento,Não,Pendência de faturamento
Movimentados - Par#U00e1 01.07.xlsm,Par#U,Produto Acabado,2026-06-30 00:00:00,05004017,Língua de Onça Leit Praliné Flowpack 11g,10,9,-1,1.146,em faturamento,Não,Pendência de faturamento
Movimentados - Par#U00e1 01.07.xlsm,Par#U,Produto Acabado,2026-06-30 00:00:00,05004016,MAGIO Lg de Onça Lt Praliné Avelã Cx80g,10,9,-1,6.826,em faturamento,Não,Pendência de faturamento
Movimentados - Par#U00e1 08.07.xlsm,Par#U,Materia Prima,2026-07-07 00:00:00,9990107001,MANTEIGA DE CACAU desodorizada,33.24,33,-0.240000000000002,15.106440000000125,Desvio Padrão,Sim,Outros / não categorizado
Movimentados - Par#U00e1 21.07.xlsm,Par#U,Materia Prima,2026-07-20 00:00:00,0050111002,Aromatizante Puxuri,0.399,0.398,-0.0010000000000000009,0,Dispersão de Ficha técnica,Não,Divergência de Ficha Técnica
Movimentados - Par#U00e1 21.07.xlsm,Par#U,Materia Prima,2026-07-20 00:00:00,9990111001,Flor de Sal,0.4878,0.487,-0.0008000000000000229,0.07296000000000209,Dispersão de Ficha técnica,Não,Divergência de Ficha Técnica
Movimentados - Par#U00e1 21.07.xlsm,Par#U,Materia Prima,2026-07-20 00:00:00,0050108008,Biscoito de castanha do Pará,38.3435,36.9,-1.4435000000000002,129.91500000000002,Perda por avaria no processo,Sim,Avaria / Perda por avaria
Movimentados - Par#U00e1 21.07.xlsm,Par#U,Produto em Processo,2026-07-20 00:00:00,0050305009,Massa de Chocolate - Chocolate 60% - Sak,14.7,14.5,-0.1999999999999993,7.6250199999999735,Dispersão de Ficha técnica,Não,Divergência de Ficha Técnica
Movimentados - Par#U00e1 21.07.xlsm,Par#U,Produto em Processo,2026-07-20 00:00:00,0210305004,Massa  de Cupuaçu - Sakaguchi,6.2516,6.2,-0.051599999999999646,2.8258688399999805,Dispersão de Ficha técnica,Não,Divergência de Ficha Técnica
Movimentados - Processo 03.07.xlsm,Processo,Embalagem,2026-07-02 00:00:00,0190213165,Caixa ES Ao Leite com Praliné e Maracujá,351,351,0,0,OK,Não,Sem divergência real (falso positivo)
Movimentados - Processo 03.07.xlsm,Processo,Embalagem,2026-07-02 00:00:00,9990712038,Etiqueta Branca PF Vale do Jari 4.5x14.5,354,354,0,0,OK,Não,Sem divergência real (falso positivo)
Movimentados - Processo 03.07.xlsm,Processo,Embalagem,2026-07-02 00:00:00,0190213107,Caixa mini Lua Cheia ao Leite 100g,58,58,0,0,OK,Não,Sem divergência real (falso positivo)
Movimentados - Processo 03.07.xlsm,Processo,Embalagem,2026-07-02 00:00:00,9990712028,Etiqueta de dif PF Vale do Jari 6x12,326,326,0,0,OK,Não,Sem divergência real (falso positivo)
Movimentados - Processo 03.07.xlsm,Processo,Embalagem,2026-07-02 00:00:00,0190213057,Embalagem – mod. Envelope p/ barra,432,432,0,0,OK,Não,Sem divergência real (falso positivo)
Movimentados - Processo 03.07.xlsm,Processo,Materia Prima,2026-07-02 00:00:00,00801013,Mel,1.1,0.1,-1.0,47.9,"Inovação do Panetone ( item já foi consumido na op, Produção aponta que não recebeu transferência)",Sim,Outros / não categorizado
Movimentados - Processo 03.07.xlsm,Processo,Materia Prima,2026-07-02 00:00:00,1099,Melhorador para panetone,2.5,2.5,0.0,0,Inovação do Panetone,Não,Outros / não categorizado
Movimentados - Processo 03.07.xlsm,Processo,Materia Prima,2026-07-02 00:00:00,99901110061,Manteiga 80%,2.02,2.02,0.0,0,Inovação do Panetone,Não,Outros / não categorizado
Movimentados - Processo 03.07.xlsm,Processo,Materia Prima,2026-07-02 00:00:00,1101,Farinha Le 5 Stagioni,5,5,0,0,Inovação do Panetone,Não,Outros / não categorizado
Movimentados - Processo 03.07.xlsm,Processo,Materia Prima,2026-07-02 00:00:00,00801014,Laranja,0.942,0.942,0.0,0,Inovação do Panetone,Não,Outros / não categorizado
Movimentados - Processo 03.07.xlsm,Processo,Materia Prima,2026-07-02 00:00:00,00801015,Vinho,0.75,0.75,0.0,0,Inovação do Panetone,Não,Outros / não categorizado
Movimentados - Processo 03.07.xlsm,Processo,Materia Prima,2026-07-02 00:00:00,99901110603,Laranja em tiras,1,1,0,0,Inovação do Panetone,Não,Outros / não categorizado
Movimentados - Processo 03.07.xlsm,Processo,Produto Acabado,2026-07-02 00:00:00,05004102,Lua Cheia Minis Chocolate ao Leite 100g,0,0,0,0,OK,Não,Sem divergência real (falso positivo)
Movimentados - Processo 03.07.xlsm,Processo,Produto em Processo,2026-07-02 00:00:00,0020303003,Nibs de Cacau - Mocajuba (PA),0,0,0,0,OK,Não,Sem divergência real (falso positivo)
Movimentados - Processo 04.05.xlsm,Processo,Embalagem,2026-05-04 00:00:00,0190213063,Caixa Biscoitos luva choco,40,40,0,0,ok,Não,Sem divergência real (falso positivo)
Movimentados - Processo 04.05.xlsm,Processo,Embalagem,2026-05-04 00:00:00,0190213090,Flowpack LO Leite,13,13,0,0,ok,Não,Sem divergência real (falso positivo)
Movimentados - Processo 04.05.xlsm,Processo,Embalagem,2026-05-04 00:00:00,9990712045,Etiqueta Lacre 2 - Adesivo transparente,1236,1236,0,0,ok,Não,Sem divergência real (falso positivo)
Movimentados - Processo 04.05.xlsm,Processo,Embalagem,2026-05-04 00:00:00,019021424,CARTÃO QR,2432,2432,0,0,ok,Não,Sem divergência real (falso positivo)
Movimentados - Processo 04.05.xlsm,Processo,Embalagem,2026-05-04 00:00:00,0190213098,Caixa Esfirra N2,67,35,-32,72.5184,Item Não é Consiumido no Sistema,Não,Outros / não categorizado
Movimentados - Processo 04.05.xlsm,Processo,Embalagem,2026-05-04 00:00:00,0190213062,Caixa Biscoitos Fundo choco,45,45,0,0,ok,Não,Sem divergência real (falso positivo)
Movimentados - Processo 04.05.xlsm,Processo,Materia Prima,2026-05-04 00:00:00,9990111013,Polpa Cupuaçu,1,1,0,0,ok,Não,Sem divergência real (falso positivo)
Movimentados - Processo 04.05.xlsm,Processo,Materia Prima,2026-05-04 00:00:00,9990111021,DEXTROSE,0.4581,0.4581,0.0,0,ok,Não,Sem divergência real (falso positivo)
Movimentados - Processo 04.05.xlsm,Processo,Produto Acabado,2026-05-04 00:00:00,05104097,Bombom SSAL Choc Lt praliné de avelã 9g,100,100,0,0,ok,Não,Sem divergência real (falso positivo)
Movimentados - Processo 04.05.xlsm,Processo,Produto Acabado,2026-05-04 00:00:00,05104103,Bombom SSAL Choc Int Ganache Int 9g,103,103,0,0,ok,Não,Sem divergência real (falso positivo)
Movimentados - Processo 04.05.xlsm,Processo,Produto Acabado,2026-05-04 00:00:00,05004139,Língua de Onça Leite Flowpack 11g,0,0,0,0,ok,Não,Sem divergência real (falso positivo)
Movimentados - Processo 04.05.xlsm,Processo,Produto em Processo,2026-05-04 00:00:00,0070305005,Massa de Chocolate - Chocolate - Yanomam,8.6968,8.6968,0.0,0,ok,Não,Sem divergência real (falso positivo)
Movimentados - Processo 04.05.xlsm,Processo,Produto em Processo,2026-05-04 00:00:00,0050305014,PP LÍNGUA DE ONÇA 11G AO LEITE,2,0,-2,0.8,Perca no Processo produtivo - Avaria,Sim,Avaria / Perda por avaria
Movimentados - Processo 04.05.xlsm,Processo,Produto em Processo,2026-05-04 00:00:00,9990311030,Praliné de Avelã colagem,14.17,14.17,0.0,0,ok,,Sem divergência real (falso positivo)
Movimentados - Processo 04.05.xlsm,Processo,Produto em Processo,2026-05-04 00:00:00,0070305010,Massa de Chocolate - Yanomami Leite Test,4.6395,4.6395,0.0,0,ok,Não,Sem divergência real (falso positivo)
Movimentados - Processo 04.05.xlsm,Processo,Produto em Processo,2026-05-04 00:00:00,9990311025,Ganache Chocolate intenso,0,0,0,0,ok,Não,Sem divergência real (falso positivo)
Movimentados - Processo 04.05.xlsm,Processo,Produto em Processo,2026-05-04 00:00:00,0050308014,Biscoito 150 gr com choco,0,0,0,0,ok,Não,Sem divergência real (falso positivo)
Movimentados - Processo 05.05.xlsm,Processo,Embalagem,2026-05-05 00:00:00,0190213098,Caixa Esfirra N2,34,34,0,0,ok,Não,Sem divergência real (falso positivo)
Movimentados - Processo 05.05.xlsm,Processo,Embalagem,2026-05-05 00:00:00,0190213099,Caixa Esfirra N1,2,0,-2,3.0848,Baixa por Avaria,Sim,Avaria / Perda por avaria
Movimentados - Processo 05.05.xlsm,Processo,Embalagem,2026-05-05 00:00:00,9990712045,Etiqueta Lacre 2 - Adesivo transparente,1187,1187,0,0,ok,Não,Sem divergência real (falso positivo)
Movimentados - Processo 05.05.xlsm,Processo,Embalagem,2026-05-05 00:00:00,0190213072,Caixa formigueiro Maracuja,0,0,0,0,ok,Não,Sem divergência real (falso positivo)
Movimentados - Processo 05.05.xlsm,Processo,Embalagem,2026-05-05 00:00:00,0190213092,Flowpack LO Intenso,2239,2239,0,0,ok,Não,Sem divergência real (falso positivo)
Movimentados - Processo 05.05.xlsm,Processo,Embalagem,2026-05-05 00:00:00,0190213093,Flowpack LO Intenso c/ Praliné,2289,2289,0,0,ok,Não,Sem divergência real (falso positivo)
Movimentados - Processo 05.05.xlsm,Processo,Embalagem,2026-05-05 00:00:00,0190213090,Flowpack LO Leite,813,813,0,0,ok,Não,Sem divergência real (falso positivo)
Movimentados - Processo 05.05.xlsm,Processo,Embalagem,2026-05-05 00:00:00,019021424,CARTÃO QR,2383,2383,0,0,ok,Não,Sem divergência real (falso positivo)
Movimentados - Processo 05.05.xlsm,Processo,Materia Prima,2026-05-05 00:00:00,9990111009,Gelatina incolor,0.8098,0.8098,0.0,0,ok,Não,Sem divergência real (falso positivo)
Movimentados - Processo 05.05.xlsm,Processo,Materia Prima,2026-05-05 00:00:00,9990111004,Baunilha em Fava,0.1594,0.1594,0.0,0,ok,Não,Sem divergência real (falso positivo)
Movimentados - Processo 05.05.xlsm,Processo,Materia Prima,2026-05-05 00:00:00,0140106805,Açúcar refinado,30.2362,30.2362,0.0,0,ok,Não,Sem divergência real (falso positivo)
Movimentados - Processo 05.05.xlsm,Processo,Materia Prima,2026-05-05 00:00:00,9990107001,MANTEIGA DE CACAU desodorizada,48.4683,48.4683,0.0,0,ok,Não,Sem divergência real (falso positivo)
Movimentados - Processo 05.05.xlsm,Processo,Materia Prima,2026-05-05 00:00:00,9990111007,Clara em Pó,0.341,0.341,0.0,0,ok,Não,Sem divergência real (falso positivo)
Movimentados - Processo 05.05.xlsm,Processo,Materia Prima,2026-05-05 00:00:00,9990111008,Xarope de glucose,4.1755,4.1755,0.0,0,ok,Não,Sem divergência real (falso positivo)
Movimentados - Processo 05.05.xlsm,Processo,Produto Acabado,2026-05-05 00:00:00,05104121,Poltrona Ilustre,350,350,0,0,ok,Não,Sem divergência real (falso positivo)
Movimentados - Processo 05.05.xlsm,Processo,Produto Acabado,2026-05-05 00:00:00,05104033,Formigueiro Caramelo de Maracujá 16g,50,0,-50,23.400000000000002,Falta de Transferência (estoque),Não,Outros / não categorizado
Movimentados - Processo 05.05.xlsm,Processo,Produto em Processo,2026-05-05 00:00:00,9990311009,Recheio Yara Maracujá,0.016,0.016,0.0,0,ok,Não,Sem divergência real (falso positivo)
Movimentados - Processo 05.05.xlsm,Processo,Produto em Processo,2026-05-05 00:00:00,9990311030,Praliné de Avelã colagem,21.955,21.955,0.0,0,ok,Não,Sem divergência real (falso positivo)
Movimentados - Processo 05.05.xlsm,Processo,Produto em Processo,2026-05-05 00:00:00,0050305006,MASSA DE CHOCOLATE -AO LEITE   NF24,83.4976,83.4976,0.0,0,ok,Não,Sem divergência real (falso positivo)
Movimentados - Processo 05.05.xlsm,Processo,Produto em Processo,2026-05-05 00:00:00,9990311038,Recheio Caramelo Maracujá,7.8758,7.8758,0.0,0,ok,Não,Sem divergência real (falso positivo)
Movimentados - Processo 06.05.xlsm,Processo,Embalagem,2026-05-06 00:00:00,0190213131,Caixa SSAL SIMPLES,30,30,0,0,ok,Não,Sem divergência real (falso positivo)
Movimentados - Processo 06.05.xlsm,Processo,Embalagem,2026-05-06 00:00:00,0190213092,Flowpack LO Intenso,2439,2439,0,0,ok,Não,Sem divergência real (falso positivo)
Movimentados - Processo 06.05.xlsm,Processo,Embalagem,2026-05-06 00:00:00,0190213104,Folha papel barrado Mágio,13,13,0,0,ok,Não,Sem divergência real (falso positivo)
Movimentados - Processo 06.05.xlsm,Processo,Materia Prima,2026-05-06 00:00:00,0140106804,Açúcar invertido,1.0127,1.0127,0.0,0,ok,Não,Sem divergência real (falso positivo)
Movimentados - Processo 06.05.xlsm,Processo,Materia Prima,2026-05-06 00:00:00,9990111010,Pistache,0.9436,0.9436,0.0,0,ok,Não,Sem divergência real (falso positivo)
Movimentados - Processo 06.05.xlsm,Processo,Materia Prima,2026-05-06 00:00:00,9990111006,Manteiga de Leite,3.0219,3.0219,0.0,0,ok,Não,Sem divergência real (falso positivo)
Movimentados - Processo 06.05.xlsm,Processo,Materia Prima,2026-05-06 00:00:00,9990117003,Cacau em Pó Alcalino,0.702,0.702,0.0,0,ok,Não,Sem divergência real (falso positivo)
Movimentados - Processo 06.05.xlsm,Processo,Materia Prima,2026-05-06 00:00:00,9990111003,Creme de Leite UHT 25%,3.2365,3.2365,0.0,0,ok,Não,Sem divergência real (falso positivo)
Movimentados - Processo 06.05.xlsm,Processo,Materia Prima,2026-05-06 00:00:00,0140106004,Açúcar Demerara,6,6,0,0,ok,Não,Sem divergência real (falso positivo)
Movimentados - Processo 06.05.xlsm,Processo,Materia Prima,2026-05-06 00:00:00,03001001,Leite em Pó integral,29.676,29.676,0.0,0,ok,Não,Sem divergência real (falso positivo)
Movimentados - Processo 06.05.xlsm,Processo,Produto Acabado,2026-05-06 00:00:00,05104020,Trufas Nativas de Chocolate Intenso  20G,40,40,0,0,ok,Não,Sem divergência real (falso positivo)
Movimentados - Processo 06.05.xlsm,Processo,Produto Acabado,2026-05-06 00:00:00,05104121,Poltrona Ilustre,0,0,0,0,ok,Não,Sem divergência real (falso positivo)
Movimentados - Processo 06.05.xlsm,Processo,Produto Acabado,2026-05-06 00:00:00,05104022,Trufas Nativas Pistache 20g,40,40,0,0,ok,Não,Sem divergência real (falso positivo)
Movimentados - Processo 06.05.xlsm,Processo,Produto Acabado,2026-05-06 00:00:00,05104033,Formigueiro Caramelo de Maracujá 16g,0,0,0,0,ok,Não,Sem divergência real (falso positivo)
Movimentados - Processo 06.05.xlsm,Processo,Produto em Processo,2026-05-06 00:00:00,0260303001,Nibs de Cacau Moju,2.5,2.5,0.0,0,ok,Não,Sem divergência real (falso positivo)
Movimentados - Processo 06.05.xlsm,Processo,Produto em Processo,2026-05-06 00:00:00,9990311004,Praliné Pistache,0.3986,0.3986,0.0,0,ok,Não,Sem divergência real (falso positivo)
Movimentados - Processo 06.05.xlsm,Processo,Produto em Processo,2026-05-06 00:00:00,0050304004,Liquor de Cacau - Sakaguchi (PA),16.294,16.294,0.0,0,ok,Não,Sem divergência real (falso positivo)
Movimentados - Processo 07.05.xlsm,Processo,Embalagem,2026-05-07 00:00:00,0190213107,Caixa mini Lua Cheia ao Leite 100g,35,34,-1,2.05,Avaria no Processo - OK,Sim,Avaria / Perda por avaria
Movimentados - Processo 07.05.xlsm,Processo,Embalagem,2026-05-07 00:00:00,9990712045,Etiqueta Lacre 2 - Adesivo transparente,1133,1133,0,0,OK,Não,Sem divergência real (falso positivo)
Movimentados - Processo 07.05.xlsm,Processo,Embalagem,2026-05-07 00:00:00,019021424,CARTÃO QR,2356,2356,0,0,OK,Não,Sem divergência real (falso positivo)
Movimentados - Processo 07.05.xlsm,Processo,Embalagem,2026-05-07 00:00:00,0190213091,Flowpack LO Leite c/ Praliné,1095,1095,0,0,OK,Não,Sem divergência real (falso positivo)
Movimentados - Processo 07.05.xlsm,Processo,Materia Prima,2026-05-07 00:00:00,9990111023,Sorbitol em Pó,0.491,0,-0.491,23.332320000000003,Em produção,Não,Produção em andamento (OP não encerrada)
Movimentados - Processo 07.05.xlsm,Processo,Materia Prima,2026-05-07 00:00:00,9990111058,Tapereba Liofilizado,0.204,0.204,0.0,0,OK,Não,Sem divergência real (falso positivo)
Movimentados - Processo 07.05.xlsm,Processo,Materia Prima,2026-05-07 00:00:00,9990111005,Lecitina de Soja,0.755,0.755,0.0,0,OK,Não,Sem divergência real (falso positivo)
Movimentados - Processo 07.05.xlsm,Processo,Materia Prima,2026-05-07 00:00:00,9990111021,DEXTROSE,0.4548,0,-0.4548,17.173247999999997,Em produção,Não,Produção em andamento (OP não encerrada)
Movimentados - Processo 07.05.xlsm,Processo,Materia Prima,2026-05-07 00:00:00,9990111003,Creme de Leite UHT 25%,3.1399,3.1399,0.0,0,OK,Não,Sem divergência real (falso positivo)
Movimentados - Processo 07.05.xlsm,Processo,Materia Prima,2026-05-07 00:00:00,9990111006,Manteiga de Leite,2.9977,0,-2.9977,195.53757284000002,Em produção,Não,Produção em andamento (OP não encerrada)
Movimentados - Processo 07.05.xlsm,Processo,Materia Prima,2026-05-07 00:00:00,0140106804,Açúcar invertido,0.998,0,-0.998,10.978,Em produção,Não,Produção em andamento (OP não encerrada)
Movimentados - Processo 07.05.xlsm,Processo,Materia Prima,2026-05-07 00:00:00,9990111008,Xarope de glucose,4.1705,4.1705,0.0,0,OK,Não,Sem divergência real (falso positivo)
Movimentados - Processo 07.05.xlsm,Processo,Materia Prima,2026-05-07 00:00:00,9990111053,MALTODEXTRINA DE10 1910,0.9793,0,-0.9793,17.690662779999997,Em produção,Não,Produção em andamento (OP não encerrada)
Movimentados - Processo 07.05.xlsm,Processo,Materia Prima,2026-05-07 00:00:00,9990107001,MANTEIGA DE CACAU desodorizada,47.2644,0,-47.2644,3628.02479688,Em produção,Não,Produção em andamento (OP não encerrada)
Movimentados - Processo 07.05.xlsm,Processo,Materia Prima,2026-05-07 00:00:00,0140106004,Açúcar Demerara,6,6,0,0,OK,Não,Sem divergência real (falso positivo)
Movimentados - Processo 07.05.xlsm,Processo,Materia Prima,2026-05-07 00:00:00,9990111042,Xerem de Castanha de Caju,0.4218,0,-0.4218,25.26582,Em produção,Não,Produção em andamento (OP não encerrada)
Movimentados - Processo 07.05.xlsm,Processo,Outros Insumos,2026-05-07 00:00:00,9990111054,Sorbato de Potássio Granulado,0.1973,0,-0.1973,4.080164,Em produção,Não,Produção em andamento (OP não encerrada)
Movimentados - Processo 07.05.xlsm,Processo,Produto Acabado,2026-05-07 00:00:00,05104007,Bombom Intenso Praliné 10g,55,55,0,0,OK,Não,Sem divergência real (falso positivo)
Movimentados - Processo 07.05.xlsm,Processo,Produto Acabado,2026-05-07 00:00:00,05004102,Lua Cheia Minis Chocolate ao Leite 100g,27,27,0,0,OK,Não,Sem divergência real (falso positivo)
Movimentados - Processo 07.05.xlsm,Processo,Produto Acabado,2026-05-07 00:00:00,05104071,Bombom Bom Jardim Intenso 10g,55,55,0,0,OK,Não,Sem divergência real (falso positivo)
Movimentados - Processo 07.05.xlsm,Processo,Produto Acabado,2026-05-07 00:00:00,05104022,Trufas Nativas Pistache 20g,0,0,0,0,OK,Não,Sem divergência real (falso positivo)
Movimentados - Processo 07.05.xlsm,Processo,Produto Acabado,2026-05-07 00:00:00,05104020,Trufas Nativas de Chocolate Intenso  20G,0,0,0,0,OK,Não,Sem divergência real (falso positivo)
Movimentados - Processo 07.05.xlsm,Processo,Produto Acabado,2026-05-07 00:00:00,05104008,Bombom ao Leite Praliné 10g,55,55,0,0,OK,Não,Sem divergência real (falso positivo)
Movimentados - Processo 07.05.xlsm,Processo,Produto Acabado,2026-05-07 00:00:00,05104012,Bombom SF Leite Praliné de Pistache 10g,47,47,0,0,OK,Não,Sem divergência real (falso positivo)
Movimentados - Processo 07.05.xlsm,Processo,Produto Acabado,2026-05-07 00:00:00,05104039,Bombom SF Ganache de Taperebá Int 10g,57,57,0,0,OK,Não,Sem divergência real (falso positivo)
Movimentados - Processo 07.05.xlsm,Processo,Produto em Processo,2026-05-07 00:00:00,0020305008,Massa de Chocolate - Mocajuba Intenso,19.1276,0,-19.1276,659.63823912,Em produção,Não,Produção em andamento (OP não encerrada)
Movimentados - Processo 07.05.xlsm,Processo,Produto em Processo,2026-05-07 00:00:00,0050305017,PP LÍNGUA DE ONÇA 11G INTENSO,2085,2085,0,0,OK,Não,Sem divergência real (falso positivo)
Movimentados - Processo 07.05.xlsm,Processo,Produto em Processo,2026-05-07 00:00:00,9990311040,Colagem praliné para lua cheia,7.5268,7.5268,0.0,0,OK,Não,Sem divergência real (falso positivo)
Movimentados - Processo 07.05.xlsm,Processo,Produto em Processo,2026-05-07 00:00:00,9990311013,Ganache de Taperebá,0,0,0,0,OK,Não,Sem divergência real (falso positivo)
Movimentados - Processo 07.05.xlsm,Processo,Produto em Processo,2026-05-07 00:00:00,0020303003,Nibs de Cacau - Mocajuba (PA),0,0,0,0,OK,Não,Sem divergência real (falso positivo)
Movimentados - Processo 07.05.xlsm,Processo,Produto em Processo,2026-05-07 00:00:00,9990315027,Polpa de Tapereba Reduzida,2.0248,2.0248,0.0,0,OK,Não,Sem divergência real (falso positivo)
Movimentados - Processo 07.05.xlsm,Processo,Produto em Processo,2026-05-07 00:00:00,0050305006,MASSA DE CHOCOLATE -AO LEITE   NF24,82.1848,0,-82.1848,2946.99077688,Em produção,Não,Produção em andamento (OP não encerrada)
Movimentados - Processo 07.05.xlsm,Processo,Produto em Processo,2026-05-07 00:00:00,9990311030,Praliné de Avelã colagem,21.35,21.35,0.0,0,OK,Não,Sem divergência real (falso positivo)
Movimentados - Processo 07.05.xlsm,Processo,Produto em Processo,2026-05-07 00:00:00,9990311004,Praliné Pistache,0,0,0,0,OK,Não,Sem divergência real (falso positivo)
Movimentados - Processo 07.07.xlsm,Processo,Embalagem,2026-07-06 00:00:00,0190213060,Berço termoformado LO,229,229,0,0,Em Apontamento,,Aguardando apontamento de produção
Movimentados - Processo 07.07.xlsm,Processo,Embalagem,2026-07-06 00:00:00,0190213054,Luva LO 80GR ao leite,336,336,0,0,Em Apontamento,,Aguardando apontamento de produção
Movimentados - Processo 07.07.xlsm,Processo,Embalagem,2026-07-06 00:00:00,019021424,CARTÃO QR,1013,1013,0,0,Em Apontamento,,Aguardando apontamento de produção
Movimentados - Processo 07.07.xlsm,Processo,Embalagem,2026-07-06 00:00:00,9990712045,Etiqueta Lacre 2 - Adesivo transparente,528,528,0,0,Em Apontamento,,Aguardando apontamento de produção
Movimentados - Processo 07.07.xlsm,Processo,Embalagem,2026-07-06 00:00:00,0190213051,Caixa Base  LO 80g,238,238,0,0,Em Apontamento,,Aguardando apontamento de produção
Movimentados - Processo 07.07.xlsm,Processo,Materia Prima,2026-07-06 00:00:00,9990111045,Polpa de Açaí,1,1,0,0,Em produção,,Produção em andamento (OP não encerrada)
Movimentados - Processo 07.07.xlsm,Processo,Materia Prima,2026-07-06 00:00:00,9990111010,Pistache,2.4426,2.4426,0.0,0,Em produção,,Produção em andamento (OP não encerrada)
Movimentados - Processo 07.07.xlsm,Processo,Materia Prima,2026-07-06 00:00:00,0140106805,Açúcar refinado,60.8752,60.8752,0.0,0,Em produção,,Produção em andamento (OP não encerrada)
Movimentados - Processo 07.07.xlsm,Processo,Materia Prima,2026-07-06 00:00:00,9990111020,Avelã,10.26,10.26,0.0,0,Em produção,,Produção em andamento (OP não encerrada)
Movimentados - Processo 07.07.xlsm,Processo,Materia Prima,2026-07-06 00:00:00,9990111059,Cupuaçu Liofilizado,0.174,0.174,0.0,0,Em produção,,Produção em andamento (OP não encerrada)
Movimentados - Processo 07.07.xlsm,Processo,Materia Prima,2026-07-06 00:00:00,9990111055,Polpa Caja/Tapereba,2,2,0,0,Em produção,,Produção em andamento (OP não encerrada)
Movimentados - Processo 07.07.xlsm,Processo,Materia Prima,2026-07-06 00:00:00,9990111031,Amêndoa,1.904,1.904,0.0,0,Em produção,,Produção em andamento (OP não encerrada)
Movimentados - Processo 07.07.xlsm,Processo,Materia Prima,2026-07-06 00:00:00,0050108008,Biscoito de castanha do Pará,1.57,1.57,0.0,0,Movimentação Identificada,,Outros / não categorizado
Movimentados - Processo 07.07.xlsm,Processo,Materia Prima,2026-07-06 00:00:00,9990111008,Xarope de glucose,6.6262,6.6262,0.0,0,Em produção,,Produção em andamento (OP não encerrada)
Movimentados - Processo 07.07.xlsm,Processo,Materia Prima,2026-07-06 00:00:00,9990111004,Baunilha em Fava,0.8,0.8,0.0,0,Em produção,,Produção em andamento (OP não encerrada)
Movimentados - Processo 07.07.xlsm,Processo,Materia Prima,2026-07-06 00:00:00,9990111015,Polpa Maracujá,6.4,6.4,0.0,0,Em produção,,Produção em andamento (OP não encerrada)
Movimentados - Processo 07.07.xlsm,Processo,Produto Acabado,2026-07-06 00:00:00,05004015,MAGIO Língua de Onça ao Leite Cx80g,202,202,0,0,Em Apontamento,,Aguardando apontamento de produção
Movimentados - Processo 07.07.xlsm,Processo,Produto Acabado,2026-07-06 00:00:00,05004097,Barra ES Leite com Avelã e Maracujá 80g,137,135,-2,7.294,Solicitado baixa de 2 itens por avaria,Sim,Avaria / Perda por avaria
Movimentados - Processo 07.07.xlsm,Processo,Produto em Processo,2026-07-06 00:00:00,0050305006,MASSA DE CHOCOLATE -AO LEITE   NF24,70.2172,70.2172,0.0,0,Em produção,,Produção em andamento (OP não encerrada)
Movimentados - Processo 07.07.xlsm,Processo,Produto em Processo,2026-07-06 00:00:00,0050305009,Massa de Chocolate - Chocolate 60% - Sak,0.79,0.79,0.0,0,Movimentação Identificada,,Outros / não categorizado
Movimentados - Processo 08.05.xlsm,Processo,Embalagem,2026-05-08 00:00:00,9990712068,"ADESIVO SSAL - 1,1X4,5CM",1975,1900,-75,25.529999999999998,Baixa Por consumo - Fora da estrutura - CORRIGIDO,Não,Baixa por consumo (processo semanal)
Movimentados - Processo 08.05.xlsm,Processo,Embalagem,2026-05-08 00:00:00,0190213152,Candy Pad Caixa Simples SSAL,1,0,-1,2.96,Baixa Por Avaria - OK,Sim,Avaria / Perda por avaria
Movimentados - Processo 08.05.xlsm,Processo,Embalagem,2026-05-08 00:00:00,0190213090,Flowpack LO Leite,0,0,0,0,OK,Não,Sem divergência real (falso positivo)
Movimentados - Processo 08.05.xlsm,Processo,Embalagem,2026-05-08 00:00:00,0190213092,Flowpack LO Intenso,322,322,0,0,OK,Não,Sem divergência real (falso positivo)
Movimentados - Processo 08.05.xlsm,Processo,Embalagem,2026-05-08 00:00:00,9990712064,"ADESIVO SSAL- 3,5X5,5CM",1029,950,-79,59.5581,Baixa Por consumo - Fora da estrutura - CORRIGIDO,Não,Baixa por consumo (processo semanal)
Movimentados - Processo 08.05.xlsm,Processo,Embalagem,2026-05-08 00:00:00,019021424,CARTÃO QR,2331,2331,0,0,OK,Não,Sem divergência real (falso positivo)
Movimentados - Processo 08.05.xlsm,Processo,Embalagem,2026-05-08 00:00:00,0190213131,Caixa SSAL SIMPLES,5,5,0,0,OK,Não,Sem divergência real (falso positivo)
Movimentados - Processo 08.05.xlsm,Processo,Materia Prima,2026-05-08 00:00:00,0140106804,Açúcar invertido,0.9491,0.9491,0.0,0,OK,Não,Sem divergência real (falso positivo)
Movimentados - Processo 08.05.xlsm,Processo,Materia Prima,2026-05-08 00:00:00,9990111003,Creme de Leite UHT 25%,2.8633,2.8633,0.0,0,OK,Não,Sem divergência real (falso positivo)
Movimentados - Processo 08.05.xlsm,Processo,Materia Prima,2026-05-08 00:00:00,9990111023,Sorbitol em Pó,0.4582,0.4582,0.0,0,OK,Não,Sem divergência real (falso positivo)
Movimentados - Processo 08.05.xlsm,Processo,Materia Prima,2026-05-08 00:00:00,9990111042,Xerem de Castanha de Caju,1.4218,1.4218,0.0,0,OK,Não,Sem divergência real (falso positivo)
Movimentados - Processo 08.05.xlsm,Processo,Materia Prima,2026-05-08 00:00:00,9990117003,Cacau em Pó Alcalino,0.662,0.662,0.0,0,OK,Não,Sem divergência real (falso positivo)
Movimentados - Processo 08.05.xlsm,Processo,Produto Acabado,2026-05-08 00:00:00,05104012,Bombom SF Leite Praliné de Pistache 10g,0,0,0,0,OK,Não,Sem divergência real (falso positivo)
Movimentados - Processo 08.05.xlsm,Processo,Produto Acabado,2026-05-08 00:00:00,05104071,Bombom Bom Jardim Intenso 10g,0,0,0,0,OK,Não,Sem divergência real (falso positivo)
Movimentados - Processo 08.05.xlsm,Processo,Produto Acabado,2026-05-08 00:00:00,05104007,Bombom Intenso Praliné 10g,0,0,0,0,OK,Não,Sem divergência real (falso positivo)
Movimentados - Processo 08.05.xlsm,Processo,Produto Acabado,2026-05-08 00:00:00,05004102,Lua Cheia Minis Chocolate ao Leite 100g,0,0,0,0,OK,Não,Sem divergência real (falso positivo)
Movimentados - Processo 08.05.xlsm,Processo,Produto Acabado,2026-05-08 00:00:00,05104008,Bombom ao Leite Praliné 10g,0,0,0,0,OK,Não,Sem divergência real (falso positivo)
Movimentados - Processo 08.05.xlsm,Processo,Produto Acabado,2026-05-08 00:00:00,05104060,Língua de Onça Chocolate ao Leite 5g,636,0,-636,115.3068,Item Reprocessado - Transformado em colagem.,Não,Outros / não categorizado
Movimentados - Processo 08.05.xlsm,Processo,Produto Acabado,2026-05-08 00:00:00,05104103,Bombom SSAL Choc Int Ganache Int 9g,3,0,-3,0.8922,Baixa Por Avaria - OK,Sim,Avaria / Perda por avaria
Movimentados - Processo 08.05.xlsm,Processo,Produto Acabado,2026-05-08 00:00:00,05104104,Bombom SSAL Choc Int Taperebá 10g,8,0,-8,6.1096,Baixa Por Avaria - OK,Sim,Avaria / Perda por avaria
Movimentados - Processo 08.05.xlsm,Processo,Produto Acabado,2026-05-08 00:00:00,05104039,Bombom SF Ganache de Taperebá Int 10g,10,0,-10,7.866999999999999,Baixa Por Avaria - OK,Sim,Avaria / Perda por avaria
Movimentados - Processo 08.05.xlsm,Processo,Produto Acabado,2026-05-08 00:00:00,05104101,Bombom SSAL Choc Branco Nibs 8g,10,6,-4,1.2516,Baixa Por Avaria - OK,Sim,Avaria / Perda por avaria
Movimentados - Processo 08.05.xlsm,Processo,Produto Acabado,2026-05-08 00:00:00,05104097,Bombom SSAL Choc Lt praliné de avelã 9g,0,0,0,0,OK,Não,Sem divergência real (falso positivo)
Movimentados - Processo 08.05.xlsm,Processo,Produto Acabado,2026-05-08 00:00:00,05104098,Bombom SSAL Choc Lt Doce Cupu 10 g,9,0,-9,4.3812,Baixa Por Avaria - OK,Sim,Avaria / Perda por avaria
Movimentados - Processo 08.05.xlsm,Processo,Produto Acabado,2026-05-08 00:00:00,05104099,Bombom SSAL Choc Lt Castanha do Pará 8g,1,0,-1,0.4384,Baixa Por Avaria - OK,Sim,Avaria / Perda por avaria
Movimentados - Processo 08.05.xlsm,Processo,Produto Acabado,2026-05-08 00:00:00,05104028,Língua de Onça Cupulate 11g,100,0,-100,76.38000000000001,Item Reprocessado - Transformado em colagem.,Não,Outros / não categorizado
Movimentados - Processo 08.05.xlsm,Processo,Produto Acabado,2026-05-08 00:00:00,05004140,Língua de Onça Intenso Flowpack 11g,2085,0,-2085,2003.0595,Transf.Pendente,Não,Transferência pendente
Movimentados - Processo 08.05.xlsm,Processo,Produto Acabado,2026-05-08 00:00:00,05004139,Língua de Onça Leite Flowpack 11g,828,828,0,0,OK,Não,Sem divergência real (falso positivo)
Movimentados - Processo 08.05.xlsm,Processo,Produto em Processo,2026-05-08 00:00:00,0050305017,PP LÍNGUA DE ONÇA 11G INTENSO,0,0,0,0,OK,Não,Sem divergência real (falso positivo)
Movimentados - Processo 08.05.xlsm,Processo,Produto em Processo,2026-05-08 00:00:00,0050305014,PP LÍNGUA DE ONÇA 11G AO LEITE,0,0,0,0,OK,Não,Sem divergência real (falso positivo)
Movimentados - Processo 08.05.xlsm,Processo,Produto em Processo,2026-05-08 00:00:00,0050305021,PP Língua de Onça intenso Praliné 11G,1044,1044,0,0,OK,Não,Sem divergência real (falso positivo)
Movimentados - Processo 08.07.xlsm,Processo,Embalagem,2026-07-07 00:00:00,9990712046,Etiqueta Lacre 1  - Adesivo com hot stam,570,570,0,0,Em apontamento,Não,Aguardando apontamento de produção
Movimentados - Processo 08.07.xlsm,Processo,Embalagem,2026-07-07 00:00:00,9990712056,Etiqueta alto teor de açúcar e gordura,1493,1493,0,0,Em apontamento,Não,Aguardando apontamento de produção
Movimentados - Processo 08.07.xlsm,Processo,Embalagem,2026-07-07 00:00:00,9990712045,Etiqueta Lacre 2 - Adesivo transparente,1282,1282,0,0,Em apontamento,Não,Aguardando apontamento de produção
Movimentados - Processo 08.07.xlsm,Processo,Embalagem,2026-07-07 00:00:00,9990712028,Etiqueta de dif PF Vale do Jari 6x12,271,271,0,0,Em apontamento,Não,Aguardando apontamento de produção
Movimentados - Processo 08.07.xlsm,Processo,Embalagem,2026-07-07 00:00:00,0190213104,Folha papel barrado Mágio,1012,1012,0,0,Em apontamento,Não,Aguardando apontamento de produção
Movimentados - Processo 08.07.xlsm,Processo,Embalagem,2026-07-07 00:00:00,019021424,CARTÃO QR,759,759,0,0,Em apontamento,Não,Aguardando apontamento de produção
Movimentados - Processo 08.07.xlsm,Processo,Embalagem,2026-07-07 00:00:00,0190213057,Embalagem – mod. Envelope p/ barra,977,977,0,0,Em apontamento,Não,Aguardando apontamento de produção
Movimentados - Processo 08.07.xlsm,Processo,Materia Prima,2026-07-07 00:00:00,999011186,Amido modificado,1,0,-1,36.9,Falha na Transf.Estoque - Não existe,Não,Outros / não categorizado
Movimentados - Processo 08.07.xlsm,Processo,Materia Prima,2026-07-07 00:00:00,9990107001,MANTEIGA DE CACAU desodorizada,74.8073,74.8073,0.0,0,Em Produção,Não,Produção em andamento (OP não encerrada)
Movimentados - Processo 08.07.xlsm,Processo,Produto Acabado,2026-07-07 00:00:00,05004006,MAGIO PF Vale do Jari 65% 60g,55,55,0,0,Em apontamento,Não,Aguardando apontamento de produção
Movimentados - Processo 08.07.xlsm,Processo,Produto em Processo,2026-07-07 00:00:00,0050305006,MASSA DE CHOCOLATE -AO LEITE   NF24,54.4564,54.4564,0.0,0,Em Produção,Não,Produção em andamento (OP não encerrada)
Movimentados - Processo 08.07.xlsm,Processo,Produto em Processo,2026-07-07 00:00:00,0050321021,Barra 60g Terroir da Amazonia Vale do Ja,145,145,0,0,Em apontamento,Não,Aguardando apontamento de produção
Movimentados - Processo 09.06.xlsm,Processo,Embalagem,2026-06-08 00:00:00,0190213051,Caixa Base  LO 80g,230.0059,230.0059,0.0,0,Em Apontamento,Não,Aguardando apontamento de produção
Movimentados - Processo 09.06.xlsm,Processo,Embalagem,2026-06-08 00:00:00,9990712045,Etiqueta Lacre 2 - Adesivo transparente,641,641,0,0,Em Apontamento,Não,Aguardando apontamento de produção
Movimentados - Processo 09.06.xlsm,Processo,Embalagem,2026-06-08 00:00:00,0190213054,Luva LO 80GR ao leite,738,738,0,0,Em Apontamento,Não,Aguardando apontamento de produção
Movimentados - Processo 09.06.xlsm,Processo,Embalagem,2026-06-08 00:00:00,019021424,CARTÃO QR,1404,1404,0,0,Em Apontamento,Não,Aguardando apontamento de produção
Movimentados - Processo 09.06.xlsm,Processo,Materia Prima,2026-06-08 00:00:00,9990107001,MANTEIGA DE CACAU desodorizada,49.7874,49.7874,0.0,0,Em Produção,Não,Produção em andamento (OP não encerrada)
Movimentados - Processo 09.06.xlsm,Processo,Materia Prima,2026-06-08 00:00:00,9990111073,Castanha de Caju,1.15,1.15,0.0,0,Em Produção,Não,Produção em andamento (OP não encerrada)
Movimentados - Processo 09.06.xlsm,Processo,Materia Prima,2026-06-08 00:00:00,9990111008,Xarope de glucose,8.1362,8.1362,0.0,0,Em Produção,Não,Produção em andamento (OP não encerrada)
Movimentados - Processo 09.06.xlsm,Processo,Materia Prima,2026-06-08 00:00:00,9990111005,Lecitina de Soja,1.225,1.225,0.0,0,Em Produção,Não,Produção em andamento (OP não encerrada)
Movimentados - Processo 09.06.xlsm,Processo,Materia Prima,2026-06-08 00:00:00,0140106804,Açúcar invertido,0.9263,0.9263,0.0,0,Em Produção,Não,Produção em andamento (OP não encerrada)
Movimentados - Processo 09.06.xlsm,Processo,Materia Prima,2026-06-08 00:00:00,9990111026,Sal,0.9663,0.9663,0.0,0,Em Produção,Não,Produção em andamento (OP não encerrada)
Movimentados - Processo 09.06.xlsm,Processo,Materia Prima,2026-06-08 00:00:00,9990111021,DEXTROSE,0.7174,0.7174,0.0,0,Em Produção,Não,Produção em andamento (OP não encerrada)
Movimentados - Processo 09.06.xlsm,Processo,Materia Prima,2026-06-08 00:00:00,0140106805,Açúcar refinado,62.2595,62.2595,0.0,0,Em Produção,Não,Produção em andamento (OP não encerrada)
Movimentados - Processo 09.06.xlsm,Processo,Materia Prima,2026-06-08 00:00:00,9990111013,Polpa Cupuaçu,0.7,0.7,0.0,0,Em Produção,Não,Produção em andamento (OP não encerrada)
Movimentados - Processo 09.06.xlsm,Processo,Materia Prima,2026-06-08 00:00:00,9990111023,Sorbitol em Pó,0.3759,0.3759,0.0,0,Em Produção,Não,Produção em andamento (OP não encerrada)
Movimentados - Processo 09.06.xlsm,Processo,Materia Prima,2026-06-08 00:00:00,9990111006,Manteiga de Leite,4,4,0,0,Em Produção,Não,Produção em andamento (OP não encerrada)
Movimentados - Processo 09.06.xlsm,Processo,Materia Prima,2026-06-08 00:00:00,9990111053,MALTODEXTRINA DE10 1910,0.8668,0.8668,0.0,0,Em Produção,Não,Produção em andamento (OP não encerrada)
Movimentados - Processo 09.06.xlsm,Processo,Materia Prima,2026-06-08 00:00:00,9990111059,Cupuaçu Liofilizado,0.1293,0.1293,0.0,0,Em Produção,Não,Produção em andamento (OP não encerrada)
Movimentados - Processo 09.06.xlsm,Processo,Materia Prima,2026-06-08 00:00:00,9990111058,Tapereba Liofilizado,0.0658,0.0658,0.0,0,Em Produção,Não,Produção em andamento (OP não encerrada)
Movimentados - Processo 09.06.xlsm,Processo,Materia Prima,2026-06-08 00:00:00,9990117003,Cacau em Pó Alcalino,0.6,0.6,0.0,0,Em Produção,Não,Produção em andamento (OP não encerrada)
Movimentados - Processo 09.06.xlsm,Processo,Materia Prima,2026-06-08 00:00:00,9990111056,Castanha do Pará,1.061,1.061,0.0,0,Em Produção,Não,Produção em andamento (OP não encerrada)
Movimentados - Processo 09.06.xlsm,Processo,Produto Acabado,2026-06-08 00:00:00,9990111054,Sorbato de Potássio Granulado,0.1823,0.1823,0.0,0,Em Produção,Não,Produção em andamento (OP não encerrada)
Movimentados - Processo 09.06.xlsm,Processo,Produto Acabado,2026-06-08 00:00:00,05004015,MAGIO Língua de Onça ao Leite Cx80g,141,0,-141,918.474,Transf.Pendente - Aguardando Conferência do Estoque - PENDENTE,Não,Transferência pendente
Movimentados - Processo 09.06.xlsm,Processo,Produto em Processo,2026-06-08 00:00:00,0050305013,PP LÍNGUA DE ONÇA 5G AO LEITE,3200,3200,0,0,Em Apontamento,Não,Aguardando apontamento de produção
Movimentados - Processo 09.06.xlsm,Processo,Produto em Processo,2026-06-08 00:00:00,0020315001,Bolo de Chocolate Loja,3,0.15,-2.85,412.97326499999997,Transf.Pendente - Produção Bolo Pós Evento - OK,Não,Transferência pendente
Movimentados - Processo 09.06.xlsm,Processo,Produto em Processo,2026-06-08 00:00:00,0050305006,MASSA DE CHOCOLATE -AO LEITE   NF24,59.0911,59.0911,0.0,0,Em Produção,Não,Produção em andamento (OP não encerrada)
Movimentados - Processo 09.06.xlsm,Processo,Produto em Processo,2026-06-08 00:00:00,9990311044,Praliné de castanhas - Bolo de chocolate,4,0,-4,456.7172,Transf.Pendente - Produção Bolo Pós Evento - OK,Não,Transferência pendente
Movimentados - Processo 10.06.xlsm,Processo,Embalagem,2026-06-09 00:00:00,0190213132,Envelope SSAL,3,3,0,0,Ok,Não,Sem divergência real (falso positivo)
Movimentados - Processo 10.06.xlsm,Processo,Embalagem,2026-06-09 00:00:00,0190213133,Berço interno caixa 14 bombons,83,83,0,0,Ok,Não,Sem divergência real (falso positivo)
Movimentados - Processo 10.06.xlsm,Processo,Embalagem,2026-06-09 00:00:00,9990712045,Etiqueta Lacre 2 - Adesivo transparente,1567,1567,0,0,Ok,Não,Sem divergência real (falso positivo)
Movimentados - Processo 10.06.xlsm,Processo,Embalagem,2026-06-09 00:00:00,9990712068,"ADESIVO SSAL - 1,1X4,5CM",12,20,8,-2.7232,Delay Na movimentação - Transf. Pendente (Hoje),Não,Transferência pendente
Movimentados - Processo 10.06.xlsm,Processo,Embalagem,2026-06-09 00:00:00,0190213117,Caixa 30 bombons,22,22,0,0,Ok,Não,Sem divergência real (falso positivo)
Movimentados - Processo 10.06.xlsm,Processo,Embalagem,2026-06-09 00:00:00,0190213125,Tampa Caixa 30 bombons,22,22,0,0,Ok,Não,Sem divergência real (falso positivo)
Movimentados - Processo 10.06.xlsm,Processo,Embalagem,2026-06-09 00:00:00,0190213130,Berço Caixa 14 Bombons,49,49,0,0,Ok,Não,Sem divergência real (falso positivo)
Movimentados - Processo 10.06.xlsm,Processo,Embalagem,2026-06-09 00:00:00,0190213090,Flowpack LO Leite,107,107,0,0,Ok,Não,Sem divergência real (falso positivo)
Movimentados - Processo 10.06.xlsm,Processo,Embalagem,2026-06-09 00:00:00,0190213091,Flowpack LO Leite c/ Praliné,1715,1715,0,0,Ok,Não,Sem divergência real (falso positivo)
Movimentados - Processo 10.06.xlsm,Processo,Embalagem,2026-06-09 00:00:00,0190213154,Candy Pad Caixa 7 camadas black,3,5,2,-21.5,Delay Na movimentação - Transf. Pendente (Hoje),Não,Transferência pendente
Movimentados - Processo 10.06.xlsm,Processo,Embalagem,2026-06-09 00:00:00,019021424,CARTÃO QR,1204,1204,0,0,Ok,Não,Sem divergência real (falso positivo)
Movimentados - Processo 10.06.xlsm,Processo,Embalagem,2026-06-09 00:00:00,0190213138,Folder informação nutricional SSAL,3,5,2,-4.3,Delay Na movimentação - Transf. Pendente (Hoje),Não,Transferência pendente
Movimentados - Processo 10.06.xlsm,Processo,Embalagem,2026-06-09 00:00:00,9990712064,"ADESIVO SSAL- 3,5X5,5CM",10,18,8,-6.0312,Delay Na movimentação - Transf. Pendente (Hoje),Não,Transferência pendente
Movimentados - Processo 10.06.xlsm,Processo,Embalagem,2026-06-09 00:00:00,945,Folder SSAL,3,5,2,-2,Delay Na movimentação - Transf. Pendente (Hoje),Não,Transferência pendente
Movimentados - Processo 10.06.xlsm,Processo,Embalagem,2026-06-09 00:00:00,0190213052,Luva LO 80GR ao leite com Praliné,475,475,0,0,Ok,Não,Sem divergência real (falso positivo)
Movimentados - Processo 10.06.xlsm,Processo,Embalagem,2026-06-09 00:00:00,0190213054,Luva LO 80GR ao leite,538,538,0,0,Ok,Não,Sem divergência real (falso positivo)
Movimentados - Processo 10.06.xlsm,Processo,Embalagem,2026-06-09 00:00:00,0190213141,Foto A4 Paisagem Pico,3,3,0,0,Ok,Não,Sem divergência real (falso positivo)
Movimentados - Processo 10.06.xlsm,Processo,Embalagem,2026-06-09 00:00:00,0190213051,Caixa Base  LO 80g,637,637,0,0,Ok,Não,Sem divergência real (falso positivo)
Movimentados - Processo 10.06.xlsm,Processo,Embalagem,2026-06-09 00:00:00,0190213107,Caixa mini Lua Cheia ao Leite 100g,77,77,0,0,Ok,Não,Sem divergência real (falso positivo)
Movimentados - Processo 10.06.xlsm,Processo,Embalagem,2026-06-09 00:00:00,0190213116,Caixa 14 bombons,41,41,0,0,Ok,Não,Sem divergência real (falso positivo)
Movimentados - Processo 10.06.xlsm,Processo,Embalagem,2026-06-09 00:00:00,0190213060,Berço termoformado LO,628,628,0,0,Ok,Não,Sem divergência real (falso positivo)
Movimentados - Processo 10.06.xlsm,Processo,Embalagem,2026-06-09 00:00:00,0190213131,Caixa SSAL SIMPLES,3,5,2,-232,Delay Na movimentação - Transf. Pendente (Hoje),Não,Transferência pendente
Movimentados - Processo 10.06.xlsm,Processo,Materia Prima,2026-06-09 00:00:00,9990117003,Cacau em Pó Alcalino,1.6,1.6,0.0,0,Ok,Não,Sem divergência real (falso positivo)
Movimentados - Processo 10.06.xlsm,Processo,Materia Prima,2026-06-09 00:00:00,9990111073,Castanha de Caju,1.6,1.6,0.0,0,Ok,Não,Sem divergência real (falso positivo)
Movimentados - Processo 10.06.xlsm,Processo,Materia Prima,2026-06-09 00:00:00,9990111006,Manteiga de Leite,3.8,3.8,0.0,0,Em produção,Não,Produção em andamento (OP não encerrada)
Movimentados - Processo 10.06.xlsm,Processo,Materia Prima,2026-06-09 00:00:00,9990111042,Xerem de Castanha de Caju,4.3112,4.3112,0.0,0,Em produção,Não,Produção em andamento (OP não encerrada)
Movimentados - Processo 10.06.xlsm,Processo,Materia Prima,2026-06-09 00:00:00,9990111010,Pistache,2.0786,2.0786,0.0,0,Em produção,Não,Produção em andamento (OP não encerrada)
Movimentados - Processo 10.06.xlsm,Processo,Materia Prima,2026-06-09 00:00:00,9990111031,Amêndoa,1,1,0,0,Em produção,Não,Produção em andamento (OP não encerrada)
Movimentados - Processo 10.06.xlsm,Processo,Produto Acabado,2026-06-09 00:00:00,05004015,MAGIO Língua de Onça ao Leite Cx80g,200,200,0,0,Ok,Não,Sem divergência real (falso positivo)
Movimentados - Processo 10.06.xlsm,Processo,Produto Acabado,2026-06-09 00:00:00,05104018,"Bombom SF Leite Ganache de Cupuaçu 7,7g",0,0,0,0,Ok,Não,Sem divergência real (falso positivo)
Movimentados - Processo 10.06.xlsm,Processo,Produto Acabado,2026-06-09 00:00:00,05104039,Bombom SF Ganache de Taperebá Int 10g,0,0,0,0,Ok,Não,Sem divergência real (falso positivo)
Movimentados - Processo 10.06.xlsm,Processo,Produto Acabado,2026-06-09 00:00:00,05004139,Língua de Onça Leite Flowpack 11g,1693,1693,0,0,Ok,Não,Sem divergência real (falso positivo)
Movimentados - Processo 10.06.xlsm,Processo,Produto em Processo,2026-06-09 00:00:00,0050305013,PP LÍNGUA DE ONÇA 5G AO LEITE,0,0,0,0,Ok,Não,Sem divergência real (falso positivo)
Movimentados - Processo 10.06.xlsm,Processo,Produto em Processo,2026-06-09 00:00:00,0050305006,MASSA DE CHOCOLATE -AO LEITE   NF24,40.6543,40.6543,0.0,0,Em produção,Não,Produção em andamento (OP não encerrada)
Movimentados - Processo 11 -06.xlsm,Processo,Materia Prima,2026-06-10 00:00:00,0140106004,Açúcar Demerara,10.2,10.2,0.0,0,Em produção,,Produção em andamento (OP não encerrada)
Movimentados - Processo 11 -06.xlsm,Processo,Materia Prima,2026-06-10 00:00:00,0140106804,Açúcar invertido,0.733,0.733,0.0,0,Em produção,,Produção em andamento (OP não encerrada)
Movimentados - Processo 11 -06.xlsm,Processo,Materia Prima,2026-06-10 00:00:00,0140106805,Açúcar refinado,66.6693,66.6693,0.0,0,Em produção,,Produção em andamento (OP não encerrada)
Movimentados - Processo 11 -06.xlsm,Processo,Embalagem,2026-06-10 00:00:00,9990712068,"ADESIVO SSAL - 1,1X4,5CM",4,16,12,-4.0847999999999995,ajuste,,Ajuste de sistema pendente
Movimentados - Processo 11 -06.xlsm,Processo,Embalagem,2026-06-10 00:00:00,9990712064,"ADESIVO SSAL- 3,5X5,5CM",10,16,6,-4.5234000000000005,ajuste,,Ajuste de sistema pendente
Movimentados - Processo 11 -06.xlsm,Processo,Materia Prima,2026-06-10 00:00:00,9990111004,Baunilha em Fava,0.1073,0.1073,0.0,0,Em produção,,Produção em andamento (OP não encerrada)
Movimentados - Processo 11 -06.xlsm,Processo,Materia Prima,2026-06-10 00:00:00,9990111003,Creme de Leite UHT 25%,5.9394,5.9394,0.0,0,Em produção,,Produção em andamento (OP não encerrada)
Movimentados - Processo 11 -06.xlsm,Processo,Materia Prima,2026-06-10 00:00:00,9990111059,Cupuaçu Liofilizado,0.1239,0.1239,0.0,0,Em produção,,Produção em andamento (OP não encerrada)
Movimentados - Processo 11 -06.xlsm,Processo,Materia Prima,2026-06-10 00:00:00,9990111021,DEXTROSE,0.7145,0.7145,0.0,0,Em produção,,Produção em andamento (OP não encerrada)
Movimentados - Processo 11 -06.xlsm,Processo,Embalagem,2026-06-10 00:00:00,0190213141,Foto A4 Paisagem Pico,0,2,2,0,necessita ajuste,,Ajuste de sistema pendente
Movimentados - Processo 11 -06.xlsm,Processo,Materia Prima,2026-06-10 00:00:00,9990111009,Gelatina incolor,1.7551,1.7551,0.0,0,Em produção,,Produção em andamento (OP não encerrada)
Movimentados - Processo 11 -06.xlsm,Processo,Materia Prima,2026-06-10 00:00:00,03001001,Leite em Pó integral,37.0739,37.0739,0.0,0,Em produção,,Produção em andamento (OP não encerrada)
Movimentados - Processo 11 -06.xlsm,Processo,Produto Acabado,2026-06-10 00:00:00,05004139,Língua de Onça Leite Flowpack 11g,1695,0,-1695,1802.8020000000001,falta de transferencia provavel (resolvido),,Outros / não categorizado
Movimentados - Processo 11 -06.xlsm,Processo,Materia Prima,2026-06-10 00:00:00,9990111053,MALTODEXTRINA DE10 1910,0.8643,0.8643,0.0,0,Em produção,,Produção em andamento (OP não encerrada)
Movimentados - Processo 11 -06.xlsm,Processo,Materia Prima,2026-06-10 00:00:00,9990107001,MANTEIGA DE CACAU desodorizada,49.7855,49.7855,0.0,0,Em produção,,Produção em andamento (OP não encerrada)
Movimentados - Processo 11 -06.xlsm,Processo,Materia Prima,2026-06-10 00:00:00,9990111006,Manteiga de Leite,3.4,3.4,0.0,0,Em produção,,Produção em andamento (OP não encerrada)
Movimentados - Processo 11 -06.xlsm,Processo,Produto em Processo,2026-06-10 00:00:00,0020305008,Massa de Chocolate - Mocajuba Intenso,25,25,0,0,Em produção,,Produção em andamento (OP não encerrada)
Movimentados - Processo 11 -06.xlsm,Processo,Produto em Processo,2026-06-10 00:00:00,0050305006,MASSA DE CHOCOLATE -AO LEITE   NF24,36.8263,36.8263,0.0,0,Em produção,,Produção em andamento (OP não encerrada)
Movimentados - Processo 11 -06.xlsm,Processo,Materia Prima,2026-06-10 00:00:00,9990111010,Pistache,1.5055,1.5055,0.0,0,Em produção,,Produção em andamento (OP não encerrada)
Movimentados - Processo 11 -06.xlsm,Processo,Produto em Processo,2026-06-10 00:00:00,9990315026,Polpa de Cupuaçu Reduzida,0.4751,0.4751,0.0,0,Em produção,,Produção em andamento (OP não encerrada)
Movimentados - Processo 11 -06.xlsm,Processo,Produto em Processo,2026-06-10 00:00:00,9990315027,Polpa de Tapereba Reduzida,1.4416,1.4416,0.0,0,Em produção,,Produção em andamento (OP não encerrada)
Movimentados - Processo 11 -06.xlsm,Processo,Produto em Processo,2026-06-10 00:00:00,9990311030,Praliné de Avelã colagem,13.6476,13.6476,0.0,0,Em produção,,Produção em andamento (OP não encerrada)
Movimentados - Processo 11 -06.xlsm,Processo,Materia Prima,2026-06-10 00:00:00,9990111026,Sal,0.9661,0.9661,0.0,0,Em produção,,Produção em andamento (OP não encerrada)
Movimentados - Processo 11 -06.xlsm,Processo,Materia Prima,2026-06-10 00:00:00,9990111023,Sorbitol em Pó,1.0366,1.0366,0.0,0,Em produção,,Produção em andamento (OP não encerrada)
Movimentados - Processo 11 -06.xlsm,Processo,Materia Prima,2026-06-10 00:00:00,9990111058,Tapereba Liofilizado,0.0548,0.0548,0.0,0,Em produção,,Produção em andamento (OP não encerrada)
Movimentados - Processo 11 -06.xlsm,Processo,Produto Acabado,2026-06-10 00:00:00,05104020,Trufas Nativas de Chocolate Intenso  20G,60,59,-1,0.8964,avaria,,Avaria / Perda por avaria
Movimentados - Processo 11 -06.xlsm,Processo,Materia Prima,2026-06-10 00:00:00,9990111008,Xarope de glucose,7.9094,7.9094,0.0,0,Em produção,,Produção em andamento (OP não encerrada)
Movimentados - Processo 11.05.xlsm,Processo,,2026-05-11 00:00:00,0050305036,Massa de Chocolate ao Leite - Reprocesso,2.8,2.8,0.0,0,OK,Não,Sem divergência real (falso positivo)
Movimentados - Processo 11.05.xlsm,Processo,,2026-05-11 00:00:00,0210305005,Massa de Cupuaçu  Sakaguchi - Reprocesso,1.18,1.18,0.0,0,OK,Não,Sem divergência real (falso positivo)
Movimentados - Processo 11.05.xlsm,Processo,Embalagem,2026-05-11 00:00:00,0190213091,Flowpack LO Leite c/ Praliné,115,115,0,0,OK,Não,Sem divergência real (falso positivo)
Movimentados - Processo 11.05.xlsm,Processo,Embalagem,2026-05-11 00:00:00,0190213093,Flowpack LO Intenso c/ Praliné,1245,1245,0,0,OK,Não,Sem divergência real (falso positivo)
Movimentados - Processo 11.05.xlsm,Processo,Embalagem,2026-05-11 00:00:00,0190213104,Folha papel barrado Mágio,1013,1013,0,0,OK,Não,Sem divergência real (falso positivo)
Movimentados - Processo 11.05.xlsm,Processo,Embalagem,2026-05-11 00:00:00,0190213117,Caixa 30 bombons,3,3,0,0,OK,Não,Sem divergência real (falso positivo)
Movimentados - Processo 11.05.xlsm,Processo,Embalagem,2026-05-11 00:00:00,0190213124,Forminha para Bombons Caixas,1104,1104,0,0,OK,Não,Sem divergência real (falso positivo)
Movimentados - Processo 11.05.xlsm,Processo,Materia Prima,2026-05-11 00:00:00,9990111058,Tapereba Liofilizado,0.1879,0.1879,0.0,0,OK,Não,Sem divergência real (falso positivo)
Movimentados - Processo 11.05.xlsm,Processo,Materia Prima,2026-05-11 00:00:00,9990111006,Manteiga de Leite,2.92,0,-2.92,190.469264,Em produção,Não,Produção em andamento (OP não encerrada)
Movimentados - Processo 11.05.xlsm,Processo,Materia Prima,2026-05-11 00:00:00,9990111021,DEXTROSE,0.4478,0,-0.4478,16.908928,Em produção,Não,Produção em andamento (OP não encerrada)
Movimentados - Processo 11.05.xlsm,Processo,Materia Prima,2026-05-11 00:00:00,9990111059,Cupuaçu Liofilizado,0.2707,0,-0.2707,210.6046,Em produção,Não,Produção em andamento (OP não encerrada)
Movimentados - Processo 11.05.xlsm,Processo,Materia Prima,2026-05-11 00:00:00,9990111056,Castanha do Pará,0.1609,0.1609,0.0,0,OK,Não,Sem divergência real (falso positivo)
Movimentados - Processo 11.05.xlsm,Processo,Materia Prima,2026-05-11 00:00:00,0140106804,Açúcar invertido,0.9325,0,-0.9325,10.2575,Em produção,Não,Produção em andamento (OP não encerrada)
Movimentados - Processo 11.05.xlsm,Processo,Materia Prima,2026-05-11 00:00:00,03001001,Leite em Pó integral,30.376,0,-30.376,772.1579200000001,Em produção,Não,Produção em andamento (OP não encerrada)
Movimentados - Processo 11.05.xlsm,Processo,Materia Prima,2026-05-11 00:00:00,9990107001,MANTEIGA DE CACAU desodorizada,47.2583,0,-47.2583,3627.55655966,Em produção,Não,Produção em andamento (OP não encerrada)
Movimentados - Processo 11.05.xlsm,Processo,Materia Prima,2026-05-11 00:00:00,9990111023,Sorbitol em Pó,0.4257,0,-0.4257,20.229264000000004,Em produção,Não,Produção em andamento (OP não encerrada)
Movimentados - Processo 11.05.xlsm,Processo,Materia Prima,2026-05-11 00:00:00,9990111031,Amêndoa,3,0,-3,186,Em produção,Não,Produção em andamento (OP não encerrada)
Movimentados - Processo 11.05.xlsm,Processo,Materia Prima,2026-05-11 00:00:00,9990111026,Sal,0.9692,0,-0.9692,3.1710285599999994,Em produção,Não,Produção em andamento (OP não encerrada)
Movimentados - Processo 11.05.xlsm,Processo,Materia Prima,2026-05-11 00:00:00,0140106805,Açúcar refinado,60.2362,0,-60.2362,184.23844132,Em produção,Não,Produção em andamento (OP não encerrada)
Movimentados - Processo 11.05.xlsm,Processo,Materia Prima,2026-05-11 00:00:00,9990111003,Creme de Leite UHT 25%,2.8246,0,-2.8246,109.74022936,Em produção,Não,Produção em andamento (OP não encerrada)
Movimentados - Processo 11.05.xlsm,Processo,Materia Prima,2026-05-11 00:00:00,9990111013,Polpa Cupuaçu,3,0,-3,92.96340000000001,Em produção,Não,Produção em andamento (OP não encerrada)
Movimentados - Processo 11.05.xlsm,Processo,Materia Prima,2026-05-11 00:00:00,9990111042,Xerem de Castanha de Caju,1.1718,1.1718,0.0,0,OK,Não,Sem divergência real (falso positivo)
Movimentados - Processo 11.05.xlsm,Processo,Materia Prima,2026-05-11 00:00:00,9990111010,Pistache,12.1676,0,-12.1676,1726.0957360000002,Em produção,Não,Produção em andamento (OP não encerrada)
Movimentados - Processo 11.05.xlsm,Processo,Materia Prima,2026-05-11 00:00:00,9990111008,Xarope de glucose,4.1626,0,-4.1626,53.073150000000005,Em produção,Não,Produção em andamento (OP não encerrada)
Movimentados - Processo 11.05.xlsm,Processo,Materia Prima,2026-05-11 00:00:00,9990111053,MALTODEXTRINA DE10 1910,0.9725,0,-0.9725,17.5678235,Em produção,Não,Produção em andamento (OP não encerrada)
Movimentados - Processo 11.05.xlsm,Processo,Materia Prima,2026-05-11 00:00:00,9990111020,Avelã,10,0,-10,959.4,Em produção,Não,Produção em andamento (OP não encerrada)
Movimentados - Processo 11.05.xlsm,Processo,Outros Insumos,2026-05-11 00:00:00,9990111054,Sorbato de Potássio Granulado,0.1965,0,-0.1965,4.06362,Em produção,Não,Produção em andamento (OP não encerrada)
Movimentados - Processo 11.05.xlsm,Processo,Produto Acabado,2026-05-11 00:00:00,05104060,Língua de Onça Chocolate ao Leite 5g,0,0,0,0,OK,Não,Sem divergência real (falso positivo)
Movimentados - Processo 11.05.xlsm,Processo,Produto Acabado,2026-05-11 00:00:00,05004149,Caixa de Bombons G (30 bombons),10,10,0,0,OK,Não,Sem divergência real (falso positivo)
Movimentados - Processo 11.05.xlsm,Processo,Produto Acabado,2026-05-11 00:00:00,05004140,Língua de Onça Intenso Flowpack 11g,0,0,0,0,OK,Não,Sem divergência real (falso positivo)
Movimentados - Processo 11.05.xlsm,Processo,Produto Acabado,2026-05-11 00:00:00,05104028,Língua de Onça Cupulate 11g,0,0,0,0,OK,Não,Sem divergência real (falso positivo)
Movimentados - Processo 11.05.xlsm,Processo,Produto Acabado,2026-05-11 00:00:00,05004139,Língua de Onça Leite Flowpack 11g,825,0,-825,804.87,Transf.Pendente - Estoque - OK,Não,Transferência pendente
Movimentados - Processo 11.05.xlsm,Processo,Produto Acabado,2026-05-11 00:00:00,05004017,Língua de Onça Leit Praliné Flowpack 11g,1180,1180,0,0,OK,Não,Sem divergência real (falso positivo)
Movimentados - Processo 11.05.xlsm,Processo,Produto Acabado,2026-05-11 00:00:00,05004138,Língua de Onça Int Praliné Flowpack 11g,1044,1044,0,0,OK,Não,Sem divergência real (falso positivo)
Movimentados - Processo 11.05.xlsm,Processo,Produto em Processo,2026-05-11 00:00:00,0020305008,Massa de Chocolate - Mocajuba Intenso,2.218,0,-2.218,76.4903916,Em produção,Não,Produção em andamento (OP não encerrada)
Movimentados - Processo 11.05.xlsm,Processo,Produto em Processo,2026-05-11 00:00:00,9990311038,Recheio Caramelo Maracujá,6.7761,6.7761,0.0,0,OK,Não,Sem divergência real (falso positivo)
Movimentados - Processo 11.05.xlsm,Processo,Produto em Processo,2026-05-11 00:00:00,9990311040,Colagem praliné para lua cheia,7.2,7.2,0.0,0,OK,Não,Sem divergência real (falso positivo)
Movimentados - Processo 11.05.xlsm,Processo,Produto em Processo,2026-05-11 00:00:00,0050305021,PP Língua de Onça intenso Praliné 11G,0,0,0,0,OK,Não,Sem divergência real (falso positivo)
Movimentados - Processo 11.05.xlsm,Processo,Produto em Processo,2026-05-11 00:00:00,9990311030,Praliné de Avelã colagem,7.0011,0,-7.0011,385.32584169,Em produção,Não,Produção em andamento (OP não encerrada)
Movimentados - Processo 11.05.xlsm,Processo,Produto em Processo,2026-05-11 00:00:00,0050305006,MASSA DE CHOCOLATE -AO LEITE   NF24,58.7352,0,-58.7352,2106.13267512,Em produção,Não,Produção em andamento (OP não encerrada)
Movimentados - Processo 11.05.xlsm,Processo,Produto em Processo,2026-05-11 00:00:00,0050321024,Barra 80 GR  Caram de Maracujá+praliné,80,79,-1,3.1354,Corrigida OP 3995/1 - 1 baixa na Produção - OK,Sim,Outros / não categorizado
Movimentados - Processo 11.05.xlsm,Processo,Produto em Processo,2026-05-11 00:00:00,9990315025,Polpa de Maracujá Reduzida,2.1247,2.1247,0.0,0,OK,Não,Sem divergência real (falso positivo)
Movimentados - Processo 11.05.xlsm,Processo,Produto em Processo,2026-05-11 00:00:00,9990315027,Polpa de Tapereba Reduzida,1.9453,1.9453,0.0,0,OK,Não,Sem divergência real (falso positivo)
Movimentados - Processo 11.05.xlsm,Processo,Produto em Processo,2026-05-11 00:00:00,9990315026,Polpa de Cupuaçu Reduzida,0.6215,0.6215,0.0,0,OK,Não,Sem divergência real (falso positivo)
Movimentados - Processo 12.05.xlsm,Processo,,2026-05-12 00:00:00,01902131561,Candy Pad branco caixa 30,50,40,-10,55.7,Verificar Com Estoque - ok,Não,Outros / não categorizado
Movimentados - Processo 12.05.xlsm,Processo,Embalagem,2026-05-12 00:00:00,0190213097,Caixa Esfirra N3,55,25,-30,470.679,Item Consumido - Sem Ficha Técnica,Não,Divergência de Ficha Técnica
Movimentados - Processo 12.05.xlsm,Processo,Embalagem,2026-05-12 00:00:00,0190213154,Candy Pad Caixa 7 camadas black,25,0,-25,268.75,Verificar Com Estoque - ok,Não,Outros / não categorizado
Movimentados - Processo 12.05.xlsm,Processo,Materia Prima,2026-05-12 00:00:00,9990111023,Sorbitol em Pó,0.4,0.4,0.0,0,Em produção,Não,Produção em andamento (OP não encerrada)
Movimentados - Processo 12.05.xlsm,Processo,Materia Prima,2026-05-12 00:00:00,9990111006,Manteiga de Leite,2.8,2.8,0.0,0,Em produção,Não,Produção em andamento (OP não encerrada)
Movimentados - Processo 12.05.xlsm,Processo,Produto em Processo,2026-05-12 00:00:00,0020305008,Massa de Chocolate - Mocajuba Intenso,1.714,1.714,0.0,0,Em produção,Não,Produção em andamento (OP não encerrada)
Movimentados - Processo 12.05.xlsm,Processo,Produto em Processo,2026-05-12 00:00:00,0050305006,MASSA DE CHOCOLATE -AO LEITE   NF24,151.5912,151.5912,0.0,0,Em produção,Não,Produção em andamento (OP não encerrada)
Movimentados - Processo 13.05.xlsm,Processo,Embalagem,2026-05-13 00:00:00,0190213052,Luva LO 80GR ao leite com Praliné,719,719,0,0,Em produção,Não,Produção em andamento (OP não encerrada)
Movimentados - Processo 13.05.xlsm,Processo,Embalagem,2026-05-13 00:00:00,0190213051,Caixa Base  LO 80g,865,865,0,0,Em produção,Não,Produção em andamento (OP não encerrada)
Movimentados - Processo 13.05.xlsm,Processo,Embalagem,2026-05-13 00:00:00,0190213060,Berço termoformado LO,242,242,0,0,Em produção,Não,Produção em andamento (OP não encerrada)
Movimentados - Processo 13.05.xlsm,Processo,Embalagem,2026-05-13 00:00:00,0190213072,Caixa formigueiro Maracuja,43,43,0,0,Em Apontamento,Não,Aguardando apontamento de produção
Movimentados - Processo 13.05.xlsm,Processo,Embalagem,2026-05-13 00:00:00,019021424,CARTÃO QR,2108,2108,0,0,Em Apontamento,Não,Aguardando apontamento de produção
Movimentados - Processo 13.05.xlsm,Processo,Materia Prima,2026-05-13 00:00:00,0140106805,Açúcar refinado,24.922,24.922,0.0,0,Em produção,Não,Produção em andamento (OP não encerrada)
Movimentados - Processo 13.05.xlsm,Processo,Materia Prima,2026-05-13 00:00:00,9990111068,Farinha de Trigo,0.6,0.6,0.0,0,Em produção,Não,Produção em andamento (OP não encerrada)
Movimentados - Processo 13.05.xlsm,Processo,Materia Prima,2026-05-13 00:00:00,9990111006,Manteiga de Leite,2.64,2.64,0.0,0,Em produção,Não,Produção em andamento (OP não encerrada)
Movimentados - Processo 13.05.xlsm,Processo,Produto Acabado,2026-05-13 00:00:00,05104122,Teste Industrial,60,0,-60,0,Baixa por Inovação (Qualidade),Não,Outros / não categorizado
Movimentados - Processo 13.05.xlsm,Processo,Produto em Processo,2026-05-13 00:00:00,0050305025,FORMIGUEIRO MARACUJÁ 16g,215,215,0,0,Em Apontamento,Não,Aguardando apontamento de produção
Movimentados - Processo 13.05.xlsm,Processo,Produto em Processo,2026-05-13 00:00:00,0050305006,MASSA DE CHOCOLATE -AO LEITE   NF24,148.4752,148.4752,0.0,0,Em produção,Não,Produção em andamento (OP não encerrada)
Movimentados - Processo 13.05.xlsm,Processo,Produto em Processo,2026-05-13 00:00:00,9990311038,Recheio Caramelo Maracujá,5.9381,5.9381,0.0,0,Em produção,Não,Produção em andamento (OP não encerrada)
Movimentados - Processo 13.07.xlsm,Processo,,2026-07-08 00:00:00,05004178,MAGIO PF Xiba 63% 60g,0,0,0,0,Em apontamento,,Aguardando apontamento de produção
Movimentados - Processo 13.07.xlsm,Processo,,2026-07-08 00:00:00,0010321002,Barra 60g Terroir da Amazonia XIBA 63%,0,0,0,0,Em apontamento,,Aguardando apontamento de produção
Movimentados - Processo 13.07.xlsm,Processo,Embalagem,2026-07-08 00:00:00,0190213057,Embalagem – mod. Envelope p/ barra,0,0,0,0,Em apontamento,,Aguardando apontamento de produção
Movimentados - Processo 13.07.xlsm,Processo,Embalagem,2026-07-08 00:00:00,0190213107,Caixa mini Lua Cheia ao Leite 100g,68,66,-2,4.1,Baixa em 2un por avaria,Sim,Avaria / Perda por avaria
Movimentados - Processo 13.07.xlsm,Processo,Embalagem,2026-07-08 00:00:00,0190213104,Folha papel barrado Mágio,0,0,0,0,Em apontamento,,Aguardando apontamento de produção
Movimentados - Processo 13.07.xlsm,Processo,Embalagem,2026-07-08 00:00:00,0190213056,Envelope plastico transparente,0,0,0,0,Em produção,,Produção em andamento (OP não encerrada)
Movimentados - Processo 13.07.xlsm,Processo,Embalagem,2026-07-08 00:00:00,9990712028,Etiqueta de dif PF Vale do Jari 6x12,120,119,-1,0.59,Baixa em 1 un por avaria,Sim,Avaria / Perda por avaria
Movimentados - Processo 13.07.xlsm,Processo,Embalagem,2026-07-08 00:00:00,9990712038,Etiqueta Branca PF Vale do Jari 4.5x14.5,148,147,-1,0.54,Baixa em 1 un por avaria,Sim,Avaria / Perda por avaria
Movimentados - Processo 13.07.xlsm,Processo,Embalagem,2026-07-08 00:00:00,019021424,CARTÃO QR,0,0,0,0,Em apontamento,,Aguardando apontamento de produção
Movimentados - Processo 13.07.xlsm,Processo,Embalagem,2026-07-08 00:00:00,9990712056,Etiqueta alto teor de açúcar e gordura,0,0,0,0,Em produção,,Produção em andamento (OP não encerrada)
Movimentados - Processo 13.07.xlsm,Processo,Embalagem,2026-07-08 00:00:00,9990712045,Etiqueta Lacre 2 - Adesivo transparente,0,0,0,0,Em apontamento,,Aguardando apontamento de produção
Movimentados - Processo 13.07.xlsm,Processo,Embalagem,2026-07-08 00:00:00,9990712046,Etiqueta Lacre 1  - Adesivo com hot stam,0,0,0,0,Em apontamento,,Aguardando apontamento de produção
Movimentados - Processo 13.07.xlsm,Processo,Materia Prima,2026-07-08 00:00:00,9990111006,Manteiga de Leite,0,0,0,0,Em produção,,Produção em andamento (OP não encerrada)
Movimentados - Processo 13.07.xlsm,Processo,Materia Prima,2026-07-08 00:00:00,0140106804,Açúcar invertido,0,0,0,0,Em produção,,Produção em andamento (OP não encerrada)
Movimentados - Processo 13.07.xlsm,Processo,Materia Prima,2026-07-08 00:00:00,9990111008,Xarope de glucose,0,0,0,0,Em produção,,Produção em andamento (OP não encerrada)
Movimentados - Processo 13.07.xlsm,Processo,Materia Prima,2026-07-08 00:00:00,99901110604,Camu Camu liofilizado,0,0,0,0,Em produção,,Produção em andamento (OP não encerrada)
Movimentados - Processo 13.07.xlsm,Processo,Materia Prima,2026-07-08 00:00:00,9990111065,Açaí Liofilizado,0,0,0,0,Em produção,,Produção em andamento (OP não encerrada)
Movimentados - Processo 13.07.xlsm,Processo,Materia Prima,2026-07-08 00:00:00,9990111059,Cupuaçu Liofilizado,0,0,0,0,Em produção,,Produção em andamento (OP não encerrada)
Movimentados - Processo 13.07.xlsm,Processo,Materia Prima,2026-07-08 00:00:00,9990712070,Etiqueta Xiba 63% Verso,0,0,0,0,Em apontamento,,Aguardando apontamento de produção
Movimentados - Processo 13.07.xlsm,Processo,Materia Prima,2026-07-08 00:00:00,9990712069,Etiqueta xiba 63% frente,0,0,0,0,Em apontamento,,Aguardando apontamento de produção
Movimentados - Processo 13.07.xlsm,Processo,Materia Prima,2026-07-08 00:00:00,999011181,Maltitol em pó,0,0,0,0,Em produção,,Produção em andamento (OP não encerrada)
Movimentados - Processo 13.07.xlsm,Processo,Materia Prima,2026-07-08 00:00:00,9990111054,Sorbato de Potássio Granulado,0,0,0,0,Em produção,,Produção em andamento (OP não encerrada)
Movimentados - Processo 13.07.xlsm,Processo,Materia Prima,2026-07-08 00:00:00,9990111053,MALTODEXTRINA DE10 1910,0,0,0,0,Em produção,,Produção em andamento (OP não encerrada)
Movimentados - Processo 13.07.xlsm,Processo,Materia Prima,2026-07-08 00:00:00,9990111021,DEXTROSE,0,0,0,0,Em produção,,Produção em andamento (OP não encerrada)
Movimentados - Processo 13.07.xlsm,Processo,Materia Prima,2026-07-08 00:00:00,9990111023,Sorbitol em Pó,0,0,0,0,Em produção,,Produção em andamento (OP não encerrada)
Movimentados - Processo 13.07.xlsm,Processo,Materia Prima,2026-07-08 00:00:00,1096,Farinha Criscito,0,0,0,0,Em produção,,Produção em andamento (OP não encerrada)
Movimentados - Processo 13.07.xlsm,Processo,Materia Prima,2026-07-08 00:00:00,9990107001,MANTEIGA DE CACAU desodorizada,0,0,0,0,Em produção,,Produção em andamento (OP não encerrada)
Movimentados - Processo 13.07.xlsm,Processo,Materia Prima,2026-07-08 00:00:00,9990111026,Sal,0,0,0,0,Em produção,,Produção em andamento (OP não encerrada)
Movimentados - Processo 13.07.xlsm,Processo,Produto em Processo,2026-07-08 00:00:00,0020305008,Massa de Chocolate - Mocajuba Intenso,0,0,0,0,Em produção,,Produção em andamento (OP não encerrada)
Movimentados - Processo 13.07.xlsm,Processo,Produto em Processo,2026-07-08 00:00:00,0020315001,Bolo de Chocolate Loja,3.6,3,-0.6000000000000001,86.52936000000001,Baixa por Descarte Loja,Sim,Outros / não categorizado
Movimentados - Processo 13.07.xlsm,Processo,Produto em Processo,2026-07-08 00:00:00,9990315026,Polpa de Cupuaçu Reduzida,0,0,0,0,Em produção,,Produção em andamento (OP não encerrada)
Movimentados - Processo 13.07.xlsm,Processo,Produto em Processo,2026-07-08 00:00:00,9990315028,Polpa de Açaí Reduzida,0,0,0,0,Em produção,,Produção em andamento (OP não encerrada)
Movimentados - Processo 13.07.xlsm,Processo,Produto em Processo,2026-07-08 00:00:00,0050305006,MASSA DE CHOCOLATE -AO LEITE   NF24,0,0,0,0,Em produção,,Produção em andamento (OP não encerrada)
Movimentados - Processo 14.05.xlsm,Processo,Embalagem,2026-05-14 00:00:00,0190213052,Luva LO 80GR ao leite com Praliné,681,681,0,0,Em Apontamento,Não,Aguardando apontamento de produção
Movimentados - Processo 14.05.xlsm,Processo,Embalagem,2026-05-14 00:00:00,0190213051,Caixa Base  LO 80g,827,827,0,0,Em Apontamento,Não,Aguardando apontamento de produção
Movimentados - Processo 14.05.xlsm,Processo,Embalagem,2026-05-14 00:00:00,0190213099,Caixa Esfirra N1,25,25,0,0,OK,Não,Sem divergência real (falso positivo)
Movimentados - Processo 14.05.xlsm,Processo,Embalagem,2026-05-14 00:00:00,0190213060,Berço termoformado LO,1404,1404,0,0,"Foi transferido 600 un a mais, pessoal do estoque está ciente que tem que estornar",Não,Outros / não categorizado
Movimentados - Processo 14.05.xlsm,Processo,Embalagem,2026-05-14 00:00:00,9990712045,Etiqueta Lacre 2 - Adesivo transparente,1959,1959,0,0,Em Apontamento,Não,Aguardando apontamento de produção
Movimentados - Processo 14.05.xlsm,Processo,Embalagem,2026-05-14 00:00:00,0190213072,Caixa formigueiro Maracuja,0,0,0,0,OK,Não,Sem divergência real (falso positivo)
Movimentados - Processo 14.05.xlsm,Processo,Embalagem,2026-05-14 00:00:00,0190213056,Envelope plastico transparente,471,471,0,0,OK,Não,Sem divergência real (falso positivo)
Movimentados - Processo 14.05.xlsm,Processo,Embalagem,2026-05-14 00:00:00,0190213165,Caixa ES Ao Leite com Praliné e Maracujá,234,234,0,0,OK,Não,Sem divergência real (falso positivo)
Movimentados - Processo 14.05.xlsm,Processo,Embalagem,2026-05-14 00:00:00,019021424,CARTÃO QR,1950,1950,0,0,Em Apontamento,Não,Aguardando apontamento de produção
Movimentados - Processo 14.05.xlsm,Processo,Materia Prima,2026-05-14 00:00:00,9990111005,Lecitina de Soja,1.4128,1.4128,0.0,0,Em produção,Não,Produção em andamento (OP não encerrada)
Movimentados - Processo 14.05.xlsm,Processo,Materia Prima,2026-05-14 00:00:00,9990111020,Avelã,0,0,0,0,OK,Não,Sem divergência real (falso positivo)
Movimentados - Processo 14.05.xlsm,Processo,Materia Prima,2026-05-14 00:00:00,03001001,Leite em Pó integral,0.7,0.7,0.0,0,OK,Não,Sem divergência real (falso positivo)
Movimentados - Processo 14.05.xlsm,Processo,Materia Prima,2026-05-14 00:00:00,9990111010,Pistache,0,0,0,0,OK,Não,Sem divergência real (falso positivo)
Movimentados - Processo 14.05.xlsm,Processo,Materia Prima,2026-05-14 00:00:00,9990111031,Amêndoa,0,0,0,0,OK,Não,Sem divergência real (falso positivo)
Movimentados - Processo 14.05.xlsm,Processo,Materia Prima,2026-05-14 00:00:00,9990111023,Sorbitol em Pó,0.65,0.65,0.0,0,Em produção,Não,Produção em andamento (OP não encerrada)
Movimentados - Processo 14.05.xlsm,Processo,Materia Prima,2026-05-14 00:00:00,0140106805,Açúcar refinado,11,11,0,0,Em produção,Não,Produção em andamento (OP não encerrada)
Movimentados - Processo 14.05.xlsm,Processo,Materia Prima,2026-05-14 00:00:00,9990107001,MANTEIGA DE CACAU desodorizada,28.181,28.181,0.0,0,Em produção,Não,Produção em andamento (OP não encerrada)
Movimentados - Processo 14.05.xlsm,Processo,Produto Acabado,2026-05-14 00:00:00,05004017,Língua de Onça Leit Praliné Flowpack 11g,0,0,0,0,OK,Não,Sem divergência real (falso positivo)
Movimentados - Processo 14.05.xlsm,Processo,Produto Acabado,2026-05-14 00:00:00,05104081,Barra Recheada Maracujá Granel 80g,3,3,0,0,OK,Não,Sem divergência real (falso positivo)
Movimentados - Processo 14.05.xlsm,Processo,Produto Acabado,2026-05-14 00:00:00,05004016,MAGIO Lg de Onça Lt Praliné Avelã Cx80g,182,182,0,0,Em Apontamento,Não,Aguardando apontamento de produção
Movimentados - Processo 14.05.xlsm,Processo,Produto Acabado,2026-05-14 00:00:00,05004043,Formigueiro Caramelo de Maracujá Cx 80g,43,43,0,0,OK,Não,Sem divergência real (falso positivo)
Movimentados - Processo 14.05.xlsm,Processo,Produto Acabado,2026-05-14 00:00:00,05004097,Barra ES Leite com Avelã e Maracujá 80g,77,77,0,0,OK,Não,Sem divergência real (falso positivo)
Movimentados - Processo 14.05.xlsm,Processo,Produto Acabado,2026-05-14 00:00:00,05004138,Língua de Onça Int Praliné Flowpack 11g,0,0,0,0,OK,Não,Sem divergência real (falso positivo)
Movimentados - Processo 14.05.xlsm,Processo,Produto em Processo,2026-05-14 00:00:00,9990311004,Praliné Pistache,1,1,0,0,OK,Não,Sem divergência real (falso positivo)
Movimentados - Processo 14.05.xlsm,Processo,Produto em Processo,2026-05-14 00:00:00,0050305010,PP LÍNGUA DE ONÇA 5G PRALINÉ,2560,2560,0,0,Em Apontamento,Não,Aguardando apontamento de produção
Movimentados - Processo 14.05.xlsm,Processo,Produto em Processo,2026-05-14 00:00:00,9990311030,Praliné de Avelã colagem,22.84,22.84,0.0,0,OK,Não,Sem divergência real (falso positivo)
Movimentados - Processo 14.05.xlsm,Processo,Produto em Processo,2026-05-14 00:00:00,0260303001,Nibs de Cacau Moju,3.75,3.75,0.0,0,OK,Não,Sem divergência real (falso positivo)
Movimentados - Processo 14.05.xlsm,Processo,Produto em Processo,2026-05-14 00:00:00,9990311038,Recheio Caramelo Maracujá,4.8381,4.8341,-0.0039999999999995595,0.11743319999998707,Desvio de Ficha Técnica,Sim,Divergência de Ficha Técnica
Movimentados - Processo 14.05.xlsm,Processo,Produto em Processo,2026-05-14 00:00:00,0050305025,FORMIGUEIRO MARACUJÁ 16g,0,0,0,0,OK,Não,Sem divergência real (falso positivo)
Movimentados - Processo 14.05.xlsm,Processo,Produto em Processo,2026-05-14 00:00:00,0080305004,Massa de  Cupuaçu - Santa Bárbara (PA),6,6,0,0,OK,Não,Sem divergência real (falso positivo)
Movimentados - Processo 14.05.xlsm,Processo,Produto em Processo,2026-05-14 00:00:00,0050305006,MASSA DE CHOCOLATE -AO LEITE   NF24,123.129,123.129,0.0,0,Em produção,Não,Produção em andamento (OP não encerrada)
Movimentados - Processo 14.05.xlsm,Processo,Produto em Processo,2026-05-14 00:00:00,0020303003,Nibs de Cacau - Mocajuba (PA),7.2,7.2,0.0,0,OK,Não,Sem divergência real (falso positivo)
Movimentados - Processo 14.05.xlsm,Processo,Produto em Processo,2026-05-14 00:00:00,9990311043,Praliné de Avelã,1,1,0,0,OK,Não,Sem divergência real (falso positivo)
Movimentados - Processo 14.05.xlsm,Processo,Produto em Processo,2026-05-14 00:00:00,9990311031,Praliné Pistache colagem,31.119,31.119,0.0,0,OK,Não,Sem divergência real (falso positivo)
Movimentados - Processo 14.07.xlsm,Processo,Embalagem,2026-07-13 00:00:00,0190213060,Berço termoformado LO,462,462,0,0,Em Apontamento,,Aguardando apontamento de produção
Movimentados - Processo 14.07.xlsm,Processo,Embalagem,2026-07-13 00:00:00,0190213054,Luva LO 80GR ao leite,169,169,0,0,Em Apontamento,,Aguardando apontamento de produção
Movimentados - Processo 14.07.xlsm,Processo,Embalagem,2026-07-13 00:00:00,0190213107,Caixa mini Lua Cheia ao Leite 100g,28,26,-2,4.1,Solicitado baixa de 2 un por avaria,Sim,Avaria / Perda por avaria
Movimentados - Processo 14.07.xlsm,Processo,Embalagem,2026-07-13 00:00:00,0190213051,Caixa Base  LO 80g,471,471,0,0,Em Apontamento,,Aguardando apontamento de produção
Movimentados - Processo 14.07.xlsm,Processo,Embalagem,2026-07-13 00:00:00,0190213056,Envelope plastico transparente,1271,1191,-80,11.68,Solicitado baixa de 80 un por avaria,Sim,Avaria / Perda por avaria
Movimentados - Processo 14.07.xlsm,Processo,Embalagem,2026-07-13 00:00:00,9990712045,Etiqueta Lacre 2 - Adesivo transparente,565,565,0,0,Em Apontamento,,Aguardando apontamento de produção
Movimentados - Processo 14.07.xlsm,Processo,Embalagem,2026-07-13 00:00:00,019021424,CARTÃO QR,1554,1554,0,0,Em Apontamento,,Aguardando apontamento de produção
Movimentados - Processo 14.07.xlsm,Processo,Embalagem,2026-07-13 00:00:00,0190213167,Caixa ES Intenso Praliné Avelã,66,50,-16,11.1248,Solicitado baixa de 16 un por avaria,Sim,Avaria / Perda por avaria
Movimentados - Processo 14.07.xlsm,Processo,Materia Prima,2026-07-13 00:00:00,9990107001,MANTEIGA DE CACAU desodorizada,71.2643,71.2643,0.0,0,Em produção,,Produção em andamento (OP não encerrada)
Movimentados - Processo 14.07.xlsm,Processo,Materia Prima,2026-07-13 00:00:00,03001003,Leite em pó desnatado molico 280gr,1.08,1.08,0.0,0,Em produção,,Produção em andamento (OP não encerrada)
Movimentados - Processo 14.07.xlsm,Processo,Materia Prima,2026-07-13 00:00:00,03001001,Leite em Pó integral,36.434,36.434,0.0,0,Em produção,,Produção em andamento (OP não encerrada)
Movimentados - Processo 14.07.xlsm,Processo,Materia Prima,2026-07-13 00:00:00,0140106805,Açúcar refinado,65.2213,65.2213,0.0,0,Em produção,,Produção em andamento (OP não encerrada)
Movimentados - Processo 14.07.xlsm,Processo,Materia Prima,2026-07-13 00:00:00,9990111005,Lecitina de Soja,1.865,1.865,0.0,0,Em produção,,Produção em andamento (OP não encerrada)
Movimentados - Processo 14.07.xlsm,Processo,Materia Prima,2026-07-13 00:00:00,9990111021,DEXTROSE,1.6072,1.6072,0.0,0,Em produção,,Produção em andamento (OP não encerrada)
Movimentados - Processo 14.07.xlsm,Processo,Materia Prima,2026-07-13 00:00:00,9990111023,Sorbitol em Pó,1.2256,1.2256,0.0,0,Em produção,,Produção em andamento (OP não encerrada)
Movimentados - Processo 14.07.xlsm,Processo,Produto Acabado,2026-07-13 00:00:00,05004015,MAGIO Língua de Onça ao Leite Cx80g,168,168,0,0,Em Apontamento,,Aguardando apontamento de produção
Movimentados - Processo 14.07.xlsm,Processo,Produto em Processo,2026-07-13 00:00:00,0050305013,PP LÍNGUA DE ONÇA 5G AO LEITE,576,576,0,0,Em Apontamento,,Aguardando apontamento de produção
Movimentados - Processo 14.07.xlsm,Processo,Produto em Processo,2026-07-13 00:00:00,0020305008,Massa de Chocolate - Mocajuba Intenso,34.7699,34.7699,0.0,0,Em produção,,Produção em andamento (OP não encerrada)
Movimentados - Processo 14.07.xlsm,Processo,Produto em Processo,2026-07-13 00:00:00,0050305006,MASSA DE CHOCOLATE -AO LEITE   NF24,30.3639,30.3639,0.0,0,Em produção,,Produção em andamento (OP não encerrada)
Movimentados - Processo 14.07.xlsm,Processo,Produto em Processo,2026-07-13 00:00:00,9990311031,Praliné Pistache colagem,23.0835,23.0835,0.0,0,Em produção,,Produção em andamento (OP não encerrada)
Movimentados - Processo 14.07.xlsm,Processo,Produto em Processo,2026-07-13 00:00:00,0050303003,Nibs de Cacau - Sakaguchi(PA),17.6,17.6,0.0,0,Em produção,,Produção em andamento (OP não encerrada)
Movimentados - Processo 14.07.xlsm,Processo,Produto em Processo,2026-07-13 00:00:00,0260303001,Nibs de Cacau Moju,15.425,15.425,0.0,0,Em produção,,Produção em andamento (OP não encerrada)
Movimentados - Processo 15.05.xlsm,Processo,Materia Prima,2026-05-15 00:00:00,0140106805,Açúcar refinado,31,31,0,0,Em produção,Não,Produção em andamento (OP não encerrada)
Movimentados - Processo 15.05.xlsm,Processo,Materia Prima,2026-05-15 00:00:00,9990111003,Creme de Leite UHT 25%,3.6125,3.6125,0.0,0,Em produção,Não,Produção em andamento (OP não encerrada)
Movimentados - Processo 15.05.xlsm,Processo,Materia Prima,2026-05-15 00:00:00,03001001,Leite em Pó integral,17.5,17.5,0.0,0,Em produção,Não,Produção em andamento (OP não encerrada)
Movimentados - Processo 15.05.xlsm,Processo,Materia Prima,2026-05-15 00:00:00,9990107001,MANTEIGA DE CACAU desodorizada,53.181,53.181,0.0,0,Em produção,Não,Produção em andamento (OP não encerrada)
Movimentados - Processo 15.05.xlsm,Processo,Produto em Processo,2026-05-15 00:00:00,0050304004,Liquor de Cacau - Sakaguchi (PA),7,7,0,0,Em produção,Não,Produção em andamento (OP não encerrada)
Movimentados - Processo 15.07.xlsm,Processo,Embalagem,2026-07-14 00:00:00,0190213056,Envelope plastico transparente,1508,1508,0,0,Em apontamento,,Aguardando apontamento de produção
Movimentados - Processo 15.07.xlsm,Processo,Embalagem,2026-07-14 00:00:00,9990712056,Etiqueta alto teor de açúcar e gordura,932,926,-6,0.24,Fluxo de baixa semanal - processo de avaria,Não,Avaria / Perda por avaria
Movimentados - Processo 15.07.xlsm,Processo,Embalagem,2026-07-14 00:00:00,0190213057,Embalagem – mod. Envelope p/ barra,416,406,-10,19.2,Fluxo de baixa semanal - processo de avaria,Não,Avaria / Perda por avaria
Movimentados - Processo 15.07.xlsm,Processo,Embalagem,2026-07-14 00:00:00,019021424,CARTÃO QR,1247,1247,0,0,Em apontamento,,Aguardando apontamento de produção
Movimentados - Processo 15.07.xlsm,Processo,Embalagem,2026-07-14 00:00:00,0190213165,Caixa ES Ao Leite com Praliné e Maracujá,236,236,0,0,Em apontamento,,Aguardando apontamento de produção
Movimentados - Processo 15.07.xlsm,Processo,Embalagem,2026-07-14 00:00:00,0190213167,Caixa ES Intenso Praliné Avelã,166,150,-16,11.1248,Fluxo de baixa semanal - processo de avaria,Não,Avaria / Perda por avaria
Movimentados - Processo 15.07.xlsm,Processo,Embalagem,2026-07-14 00:00:00,0190213166,Caixa ES Ao Leite Praliné de Pistache,472,472,0,0,Em apontamento,,Aguardando apontamento de produção
Movimentados - Processo 15.07.xlsm,Processo,Materia Prima,2026-07-14 00:00:00,9990111031,Amêndoa,1.7873,1.7873,0.0,0,Em produção,,Produção em andamento (OP não encerrada)
Movimentados - Processo 15.07.xlsm,Processo,Materia Prima,2026-07-14 00:00:00,9990111010,Pistache,1.7999,1.7999,0.0,0,Em produção,,Produção em andamento (OP não encerrada)
Movimentados - Processo 15.07.xlsm,Processo,Materia Prima,2026-07-14 00:00:00,9990111005,Lecitina de Soja,1.685,1.685,0.0,0,Em produção,,Produção em andamento (OP não encerrada)
Movimentados - Processo 15.07.xlsm,Processo,Materia Prima,2026-07-14 00:00:00,9990111073,Castanha de Caju,3,3,0,0,Em produção,,Produção em andamento (OP não encerrada)
Movimentados - Processo 15.07.xlsm,Processo,Materia Prima,2026-07-14 00:00:00,0140106805,Açúcar refinado,39.381,39.381,0.0,0,Em produção,,Produção em andamento (OP não encerrada)
Movimentados - Processo 15.07.xlsm,Processo,Materia Prima,2026-07-14 00:00:00,0140106804,Açúcar invertido,1.0024,1.0024,0.0,0,Em produção,,Produção em andamento (OP não encerrada)
Movimentados - Processo 15.07.xlsm,Processo,Materia Prima,2026-07-14 00:00:00,9990111003,Creme de Leite UHT 25%,6.3841,6.3841,0.0,0,Em produção,,Produção em andamento (OP não encerrada)
Movimentados - Processo 15.07.xlsm,Processo,Materia Prima,2026-07-14 00:00:00,9990111006,Manteiga de Leite,2.6539,2.6539,0.0,0,Em produção,,Produção em andamento (OP não encerrada)
Movimentados - Processo 15.07.xlsm,Processo,Materia Prima,2026-07-14 00:00:00,9990117003,Cacau em Pó Alcalino,0,1,1,-141.4336,Em Análise,Sim,Outros / não categorizado
Movimentados - Processo 15.07.xlsm,Processo,Materia Prima,2026-07-14 00:00:00,9990712069,Etiqueta xiba 63% frente,230,223,-7,4.13,Fluxo de baixa semanal - processo de avaria,Não,Avaria / Perda por avaria
Movimentados - Processo 15.07.xlsm,Processo,Materia Prima,2026-07-14 00:00:00,9990712070,Etiqueta Xiba 63% Verso,230,222,-8,4.32,Fluxo de baixa semanal - processo de avaria,Não,Avaria / Perda por avaria
Movimentados - Processo 15.07.xlsm,Processo,Materia Prima,2026-07-14 00:00:00,9990107001,MANTEIGA DE CACAU desodorizada,51.2643,51.2643,0.0,0,Em produção,,Produção em andamento (OP não encerrada)
Movimentados - Processo 15.07.xlsm,Processo,Materia Prima,2026-07-14 00:00:00,03001001,Leite em Pó integral,18.5079,18.5079,0.0,0,Em produção,,Produção em andamento (OP não encerrada)
Movimentados - Processo 15.07.xlsm,Processo,Materia Prima,2026-07-14 00:00:00,9990111023,Sorbitol em Pó,1.1288,1.1288,0.0,0,Em produção,,Produção em andamento (OP não encerrada)
Movimentados - Processo 15.07.xlsm,Processo,Materia Prima,2026-07-14 00:00:00,9990111056,Castanha do Pará,0.525,0.525,0.0,0,Em produção,,Produção em andamento (OP não encerrada)
Movimentados - Processo 15.07.xlsm,Processo,Produto Acabado,2026-07-14 00:00:00,05004097,Barra ES Leite com Avelã e Maracujá 80g,63,63,0,0,Em apontamento,,Aguardando apontamento de produção
Movimentados - Processo 15.07.xlsm,Processo,Produto em Processo,2026-07-14 00:00:00,0020305008,Massa de Chocolate - Mocajuba Intenso,34.2739,34.2739,0.0,0,Em produção,,Produção em andamento (OP não encerrada)
Movimentados - Processo 15.07.xlsm,Processo,Produto em Processo,2026-07-14 00:00:00,9990311044,Praliné de castanhas - Bolo de chocolate,1.72,0,-1.72,55.434740000000005,Transf.Pendente Fab,Não,Transferência pendente
Movimentados - Processo 15.07.xlsm,Processo,Produto em Processo,2026-07-14 00:00:00,0050321024,Barra 80 GR  Caram de Maracujá+praliné,72,72,0,0,Em apontamento,,Aguardando apontamento de produção
Movimentados - Processo 15.07.xlsm,Processo,Produto em Processo,2026-07-14 00:00:00,0050305006,MASSA DE CHOCOLATE -AO LEITE   NF24,84.3642,84.3642,0.0,0,Em produção,,Produção em andamento (OP não encerrada)
Movimentados - Processo 15.07.xlsm,Processo,Produto em Processo,2026-07-14 00:00:00,0050303003,Nibs de Cacau - Sakaguchi(PA),10.4,10.4,0.0,0,Em produção,,Produção em andamento (OP não encerrada)
Movimentados - Processo 17 - 06.xlsm,Processo,Embalagem,2026-06-16 00:00:00,0190213107,Caixa mini Lua Cheia ao Leite 100g,127,50,-77,157.85,"erro do processo, 77 itens perdidos",,Outros / não categorizado
Movimentados - Processo 17 - 06.xlsm,Processo,Embalagem,2026-06-16 00:00:00,0190213056,Envelope plastico transparente,535,482,-53,4.134,utilizado em itens que não tem OP e consumo interno.,,Outros / não categorizado
Movimentados - Processo 17 - 06.xlsm,Processo,Embalagem,2026-06-16 00:00:00,0190213104,Folha papel barrado Mágio,1910,1168,-742,122.43,"Erro pré inventário, provável ajuste e também é usado em consumo interno.",,Ajuste de sistema pendente
Movimentados - Processo 17 - 06.xlsm,Processo,Materia Prima,2026-06-16 00:00:00,1034,Licor Camu Camu,0.275,0.275,0.0,0,Em produção,,Produção em andamento (OP não encerrada)
Movimentados - Processo 17 - 06.xlsm,Processo,Materia Prima,2026-06-16 00:00:00,0050111003,Semente de Cumaru,0.0003,0.0003,0.0,0,Em produção,,Produção em andamento (OP não encerrada)
Movimentados - Processo 17 - 06.xlsm,Processo,Materia Prima,2026-06-16 00:00:00,1119,Banana passa,1,1,0,0,Em produção,,Produção em andamento (OP não encerrada)
Movimentados - Processo 17 - 06.xlsm,Processo,Materia Prima,2026-06-16 00:00:00,9990111056,Castanha do Pará,0.7331,0.7331,0.0,0,Em produção,,Produção em andamento (OP não encerrada)
Movimentados - Processo 17 - 06.xlsm,Processo,Materia Prima,2026-06-16 00:00:00,9990111005,Lecitina de Soja,0.895,0.895,0.0,0,Em produção,,Produção em andamento (OP não encerrada)
Movimentados - Processo 17 - 06.xlsm,Processo,Materia Prima,2026-06-16 00:00:00,9990107001,MANTEIGA DE CACAU desodorizada,22.7004,22.7004,0.0,0,Em produção,,Produção em andamento (OP não encerrada)
Movimentados - Processo 17 - 06.xlsm,Processo,Materia Prima,2026-06-16 00:00:00,03001001,Leite em Pó integral,20.0739,20.0739,0.0,0,Em produção,,Produção em andamento (OP não encerrada)
Movimentados - Processo 17 - 06.xlsm,Processo,Produto em Processo,2026-06-16 00:00:00,0020305008,Massa de Chocolate - Mocajuba Intenso,21.2889,21.2889,0.0,0,Em produção,,Produção em andamento (OP não encerrada)
Movimentados - Processo 17 - 06.xlsm,Processo,Produto em Processo,2026-06-16 00:00:00,0020315001,Bolo de Chocolate Loja,1.6,,,,porque a contagem é zero?,,Recontagem necessária
Movimentados - Processo 17 - 06.xlsm,Processo,Produto em Processo,2026-06-16 00:00:00,9990311044,Praliné de castanhas - Bolo de chocolate,5,0,-5,427.8975,"Como a não é a fábrica que utiliza, não sabem o que ocorreu",,Outros / não categorizado
Movimentados - Processo 17 - 06.xlsm,Processo,Produto em Processo,2026-06-16 00:00:00,0050305006,MASSA DE CHOCOLATE -AO LEITE   NF24,101.7706,101.7706,0.0,0,Em produção,,Produção em andamento (OP não encerrada)
Movimentados - Processo 17.07.xlsm,Processo,Embalagem,2026-07-16 00:00:00,0190213133,Berço interno caixa 14 bombons,26,26,0,0,Solicitado baixa de 1 un por avaria,,Avaria / Perda por avaria
Movimentados - Processo 17.07.xlsm,Processo,Embalagem,2026-07-16 00:00:00,0190213165,Caixa ES Ao Leite com Praliné e Maracujá,180,180,0,0,Solicitado baixa de 2 un por avaria,,Avaria / Perda por avaria
Movimentados - Processo 17.07.xlsm,Processo,Embalagem,2026-07-16 00:00:00,0190213166,Caixa ES Ao Leite Praliné de Pistache,205,205,0,0,Solicitado baixa de 8 un por avaria,,Avaria / Perda por avaria
Movimentados - Processo 17.07.xlsm,Processo,Embalagem,2026-07-16 00:00:00,0190213164,Caixa ES Ao Leite Praliné Avelã,98,98,0,0,Solicitado baixa de 9 un por avaria,,Avaria / Perda por avaria
Movimentados - Processo 17.07.xlsm,Processo,Embalagem,2026-07-16 00:00:00,0190213116,Fundo Caixa 14 bombons,16,16,0,0,Solicitado baixa de 1 un por avaria,,Avaria / Perda por avaria
Movimentados - Processo 18.05.xlsm,Processo,Embalagem,2026-05-18 00:00:00,019021424,CARTÃO QR,1709,1709,0,0,Em apontamento,Não,Aguardando apontamento de produção
Movimentados - Processo 18.05.xlsm,Processo,Embalagem,2026-05-18 00:00:00,0190213056,Envelope plastico transparente,388,388,0,0,Em apontamento,Não,Aguardando apontamento de produção
Movimentados - Processo 18.05.xlsm,Processo,Embalagem,2026-05-18 00:00:00,0190213165,Caixa ES Ao Leite com Praliné e Maracujá,197,197,0,0,Em apontamento,Não,Aguardando apontamento de produção
Movimentados - Processo 18.05.xlsm,Processo,Materia Prima,2026-05-18 00:00:00,9990111008,Xarope de glucose,8.7957,8.7957,0.0,0,OK,Não,Sem divergência real (falso positivo)
Movimentados - Processo 18.05.xlsm,Processo,Materia Prima,2026-05-18 00:00:00,9990111015,Polpa Maracujá,4.38,4.38,0.0,0,Em produção,Não,Produção em andamento (OP não encerrada)
Movimentados - Processo 18.05.xlsm,Processo,Materia Prima,2026-05-18 00:00:00,9990111026,Sal,0.9689,0.9689,0.0,0,OK,Não,Sem divergência real (falso positivo)
Movimentados - Processo 18.05.xlsm,Processo,Materia Prima,2026-05-18 00:00:00,9990111045,Polpa de Açaí,1,1,0,0,Em produção,Não,Produção em andamento (OP não encerrada)
Movimentados - Processo 18.05.xlsm,Processo,Materia Prima,2026-05-18 00:00:00,9990111021,DEXTROSE,1.1952,1.1952,0.0,0,OK,Não,Sem divergência real (falso positivo)
Movimentados - Processo 18.05.xlsm,Processo,Materia Prima,2026-05-18 00:00:00,9990111023,Sorbitol em Pó,1.369,1.369,0.0,0,OK,Não,Sem divergência real (falso positivo)
Movimentados - Processo 18.05.xlsm,Processo,Materia Prima,2026-05-18 00:00:00,9990111056,Castanha do Pará,1,1,0,0,OK,Não,Sem divergência real (falso positivo)
Movimentados - Processo 18.05.xlsm,Processo,Materia Prima,2026-05-18 00:00:00,9990111065,Açaí Liofilizado,0.184,0.184,0.0,0,Em produção,Não,Produção em andamento (OP não encerrada)
Movimentados - Processo 18.05.xlsm,Processo,Materia Prima,2026-05-18 00:00:00,9990111053,MALTODEXTRINA DE10 1910,0.9689,0.9689,0.0,0,OK,Não,Sem divergência real (falso positivo)
Movimentados - Processo 18.05.xlsm,Processo,Materia Prima,2026-05-18 00:00:00,0140106804,Açúcar invertido,1.3721,1.3721,0.0,0,OK,Não,Sem divergência real (falso positivo)
Movimentados - Processo 18.05.xlsm,Processo,Materia Prima,2026-05-18 00:00:00,9990111003,Creme de Leite UHT 25%,3.419,3.419,0.0,0,OK,Não,Sem divergência real (falso positivo)
Movimentados - Processo 18.05.xlsm,Processo,Materia Prima,2026-05-18 00:00:00,9990111006,Manteiga de Leite,2.5839,2.5839,0.0,0,Em produção,Não,Produção em andamento (OP não encerrada)
Movimentados - Processo 18.05.xlsm,Processo,Materia Prima,2026-05-18 00:00:00,9990107001,MANTEIGA DE CACAU desodorizada,53.1777,53.1777,0.0,0,Em produção,Não,Produção em andamento (OP não encerrada)
Movimentados - Processo 18.05.xlsm,Processo,Materia Prima,2026-05-18 00:00:00,0140106004,Açúcar Demerara,10.582,10.582,0.0,0,Em produção,Não,Produção em andamento (OP não encerrada)
Movimentados - Processo 18.05.xlsm,Processo,Outros Insumos,2026-05-18 00:00:00,9990111054,Sorbato de Potássio Granulado,0.1957,0.1957,0.0,0,Em produção,Não,Produção em andamento (OP não encerrada)
Movimentados - Processo 18.05.xlsm,Processo,Produto Acabado,2026-05-18 00:00:00,05104018,"Bombom SF Leite Ganache de Cupuaçu 7,7g",84,84,0,0,OK,Não,Sem divergência real (falso positivo)
Movimentados - Processo 18.05.xlsm,Processo,Produto Acabado,2026-05-18 00:00:00,05104012,Bombom SF Leite Praliné de Pistache 10g,45,45,0,0,OK,Não,Sem divergência real (falso positivo)
Movimentados - Processo 18.05.xlsm,Processo,Produto Acabado,2026-05-18 00:00:00,05004097,Barra ES Leite com Avelã e Maracujá 80g,81,81,0,0,Em apontamento,Não,Aguardando apontamento de produção
Movimentados - Processo 18.05.xlsm,Processo,Produto Acabado,2026-05-18 00:00:00,05104016,"Bombom SF Leite Ganache de Maracujá 7,7g",47,47,0,0,OK,Não,Sem divergência real (falso positivo)
Movimentados - Processo 18.05.xlsm,Processo,Produto Acabado,2026-05-18 00:00:00,05104008,Bombom ao Leite Praliné 10g,50,50,0,0,OK,Não,Sem divergência real (falso positivo)
Movimentados - Processo 18.05.xlsm,Processo,Produto Acabado,2026-05-18 00:00:00,05104007,Bombom Intenso Praliné 10g,55,55,0,0,OK,Não,Sem divergência real (falso positivo)
Movimentados - Processo 18.05.xlsm,Processo,Produto Acabado,2026-05-18 00:00:00,05104060,Língua de Onça Chocolate ao Leite 5g,100,100,0,0,OK,Não,Sem divergência real (falso positivo)
Movimentados - Processo 18.05.xlsm,Processo,Produto Acabado,2026-05-18 00:00:00,05104022,Trufas Nativas Pistache 20g,54,54,0,0,OK,Não,Sem divergência real (falso positivo)
Movimentados - Processo 18.05.xlsm,Processo,Produto Acabado,2026-05-18 00:00:00,05004016,MAGIO Lg de Onça Lt Praliné Avelã Cx80g,198,198,0,0,OK,Não,Sem divergência real (falso positivo)
Movimentados - Processo 18.05.xlsm,Processo,Produto Acabado,2026-05-18 00:00:00,05104081,Barra Recheada Maracujá Granel 80g,2,2,0,0,OK,Não,Sem divergência real (falso positivo)
Movimentados - Processo 18.05.xlsm,Processo,Produto Acabado,2026-05-18 00:00:00,05104071,Bombom Bom Jardim Intenso 10g,24,24,0,0,OK,Não,Sem divergência real (falso positivo)
Movimentados - Processo 18.05.xlsm,Processo,Produto em Processo,2026-05-18 00:00:00,0020305008,Massa de Chocolate - Mocajuba Intenso,1.2187,1.2187,0.0,0,Em produção,Não,Produção em andamento (OP não encerrada)
Movimentados - Processo 18.05.xlsm,Processo,Produto em Processo,2026-05-18 00:00:00,9990311038,Recheio Caramelo Maracujá,2.1,2.1,0.0,0,OK,Não,Sem divergência real (falso positivo)
Movimentados - Processo 18.05.xlsm,Processo,Produto em Processo,2026-05-18 00:00:00,9990315025,Polpa de Maracujá Reduzida,2.0494,2.0494,0.0,0,OK,Não,Sem divergência real (falso positivo)
Movimentados - Processo 18.05.xlsm,Processo,Produto em Processo,2026-05-18 00:00:00,9990311031,Praliné Pistache colagem,7.94,7.94,0.0,0,OK,Não,Sem divergência real (falso positivo)
Movimentados - Processo 18.05.xlsm,Processo,Produto em Processo,2026-05-18 00:00:00,9990315026,Polpa de Cupuaçu Reduzida,0.5222,0.5222,0.0,0,OK,Não,Sem divergência real (falso positivo)
Movimentados - Processo 18.05.xlsm,Processo,Produto em Processo,2026-05-18 00:00:00,0020303003,Nibs de Cacau - Mocajuba (PA),17.2,17.2,0.0,0,Em produção,Não,Produção em andamento (OP não encerrada)
Movimentados - Processo 18.05.xlsm,Processo,Produto em Processo,2026-05-18 00:00:00,9990311036,Ganache Cupuaçu,0,0,0,0,OK,Não,Sem divergência real (falso positivo)
Movimentados - Processo 18.05.xlsm,Processo,Produto em Processo,2026-05-18 00:00:00,9990311030,Praliné de Avelã colagem,40.9105,40.9105,0.0,0,OK,Não,Sem divergência real (falso positivo)
Movimentados - Processo 18.05.xlsm,Processo,Produto em Processo,2026-05-18 00:00:00,0050305006,MASSA DE CHOCOLATE -AO LEITE   NF24,110.0158,110.0158,0.0,0,Em produção,Não,Produção em andamento (OP não encerrada)
Movimentados - Processo 18.05.xlsm,Processo,Produto em Processo,2026-05-18 00:00:00,0050321024,Barra 80 GR  Caram de Maracujá+praliné,120,120,0,0,Em apontamento,Não,Aguardando apontamento de produção
Movimentados - Processo 18.05.xlsm,Processo,Produto em Processo,2026-05-18 00:00:00,9990311004,Praliné Pistache,0.64,0.64,0.0,0,OK,Não,Sem divergência real (falso positivo)
Movimentados - Processo 18.06.xlsm,Processo,Embalagem,2026-06-17 00:00:00,0190213104,Folha papel barrado Mágio,1825,1078,-747,123.25500000000001,Baixa Por Avaria,Sim,Avaria / Perda por avaria
Movimentados - Processo 18.06.xlsm,Processo,Embalagem,2026-06-17 00:00:00,0190213057,Embalagem – mod. Envelope p/ barra,236,233,-3,5.76,Baixa Por Avaria,Sim,Avaria / Perda por avaria
Movimentados - Processo 18.06.xlsm,Processo,Embalagem,2026-06-17 00:00:00,9990712036,Etiqueta Branca PF Acará-Açu 4.5x14.5,240,239,-1,0.54,Baixa Por Avaria,Sim,Avaria / Perda por avaria
Movimentados - Processo 18.06.xlsm,Processo,Embalagem,2026-06-17 00:00:00,9990712026,Etiqueta de dif PF Acará-Açu 6x12,143,142,-1,0.59,Baixa Por Avaria,Sim,Avaria / Perda por avaria
Movimentados - Processo 18.06.xlsm,Processo,Embalagem,2026-06-17 00:00:00,9990712056,Etiqueta alto teor de açúcar e gordura,480,477,-3,0.12,Baixa Por Avaria,Sim,Avaria / Perda por avaria
Movimentados - Processo 18.06.xlsm,Processo,Produto em Processo,2026-06-17 00:00:00,0260305001,Massa de Chocolate Intenso - Moju,0.025,0,-0.025,0.8536524999999999,Dispersão De Lote,Sim,Divergência de Ficha Técnica
Movimentados - Processo 19.05.xlsm,Processo,Embalagem,2026-05-19 00:00:00,0190213060,Berço termoformado LO,614,614,0,0,Em apontamento,Não,Aguardando apontamento de produção
Movimentados - Processo 19.05.xlsm,Processo,Embalagem,2026-05-19 00:00:00,0190213052,Luva LO 80GR ao leite com Praliné,491,491,0,0,Em apontamento,Não,Aguardando apontamento de produção
Movimentados - Processo 19.05.xlsm,Processo,Embalagem,2026-05-19 00:00:00,0190213051,Caixa Base  LO 80g,637,637,0,0,Em apontamento,Não,Aguardando apontamento de produção
Movimentados - Processo 19.05.xlsm,Processo,Embalagem,2026-05-19 00:00:00,019021424,CARTÃO QR,1559,1559,0,0,Em apontamento,Não,Aguardando apontamento de produção
Movimentados - Processo 19.05.xlsm,Processo,Embalagem,2026-05-19 00:00:00,0190213165,Caixa ES Ao Leite com Praliné e Maracujá,39,39,0,0,OK,Não,Sem divergência real (falso positivo)
Movimentados - Processo 19.05.xlsm,Processo,Embalagem,2026-05-19 00:00:00,0190213056,Envelope plastico transparente,268,268,0,0,OK,Não,Sem divergência real (falso positivo)
Movimentados - Processo 19.05.xlsm,Processo,Embalagem,2026-05-19 00:00:00,9990712045,Etiqueta Lacre 2 - Adesivo transparente,1769,1769,0,0,Em apontamento,Não,Aguardando apontamento de produção
Movimentados - Processo 19.05.xlsm,Processo,Materia Prima,2026-05-19 00:00:00,9990107001,MANTEIGA DE CACAU desodorizada,52.2177,52.2177,0.0,0,Em produção,Não,Produção em andamento (OP não encerrada)
Movimentados - Processo 19.05.xlsm,Processo,Materia Prima,2026-05-19 00:00:00,9990111068,Farinha de Trigo,0,0,0,0,OK,Não,Sem divergência real (falso positivo)
Movimentados - Processo 19.05.xlsm,Processo,Materia Prima,2026-05-19 00:00:00,9990111074,Ovo de Galinha,2,2,0,0,OK,Não,Sem divergência real (falso positivo)
Movimentados - Processo 19.05.xlsm,Processo,Materia Prima,2026-05-19 00:00:00,0140106004,Açúcar Demerara,6,6,0,0,Em produção,Não,Produção em andamento (OP não encerrada)
Movimentados - Processo 19.05.xlsm,Processo,Materia Prima,2026-05-19 00:00:00,0140106805,Açúcar refinado,30.4832,30.4832,0.0,0,Em produção,Não,Produção em andamento (OP não encerrada)
Movimentados - Processo 19.05.xlsm,Processo,Materia Prima,2026-05-19 00:00:00,9990111003,Creme de Leite UHT 25%,2.1415,2.1415,0.0,0,OK,Não,Sem divergência real (falso positivo)
Movimentados - Processo 19.05.xlsm,Processo,Materia Prima,2026-05-19 00:00:00,9990111005,Lecitina de Soja,1.3768,1.3768,0.0,0,Em produção,Não,Produção em andamento (OP não encerrada)
Movimentados - Processo 19.05.xlsm,Processo,Materia Prima,2026-05-19 00:00:00,9990117003,Cacau em Pó Alcalino,1,1,0,0,OK,Não,Sem divergência real (falso positivo)
Movimentados - Processo 19.05.xlsm,Processo,Materia Prima,2026-05-19 00:00:00,0140106806,Açúcar Mascavo,0.0162,0,-0.0162,0.2377836,Solicitado baixa como perca,Sim,Outros / não categorizado
Movimentados - Processo 19.05.xlsm,Processo,Materia Prima,2026-05-19 00:00:00,0050111003,Semente de Cumaru,0.07,0.07,0.0,0,OK,Não,Sem divergência real (falso positivo)
Movimentados - Processo 19.05.xlsm,Processo,Materia Prima,2026-05-19 00:00:00,9990111006,Manteiga de Leite,1.7839,1.7839,0.0,0,Em produção,Não,Produção em andamento (OP não encerrada)
Movimentados - Processo 19.05.xlsm,Processo,Produto Acabado,2026-05-19 00:00:00,05104007,Bombom Intenso Praliné 10g,0,0,0,0,OK,Não,Sem divergência real (falso positivo)
Movimentados - Processo 19.05.xlsm,Processo,Produto Acabado,2026-05-19 00:00:00,05004097,Barra ES Leite com Avelã e Maracujá 80g,201,201,0,0,OK,Não,Sem divergência real (falso positivo)
Movimentados - Processo 19.05.xlsm,Processo,Produto Acabado,2026-05-19 00:00:00,05104022,Trufas Nativas Pistache 20g,0,0,0,0,OK,Não,Sem divergência real (falso positivo)
Movimentados - Processo 19.05.xlsm,Processo,Produto Acabado,2026-05-19 00:00:00,05104008,Bombom ao Leite Praliné 10g,0,0,0,0,OK,Não,Sem divergência real (falso positivo)
Movimentados - Processo 19.05.xlsm,Processo,Produto Acabado,2026-05-19 00:00:00,05104012,Bombom SF Leite Praliné de Pistache 10g,0,0,0,0,OK,Não,Sem divergência real (falso positivo)
Movimentados - Processo 19.05.xlsm,Processo,Produto Acabado,2026-05-19 00:00:00,05104016,"Bombom SF Leite Ganache de Maracujá 7,7g",0,0,0,0,OK,Não,Sem divergência real (falso positivo)
Movimentados - Processo 19.05.xlsm,Processo,Produto Acabado,2026-05-19 00:00:00,05104081,Barra Recheada Maracujá Granel 80g,0,0,0,0,OK,Não,Sem divergência real (falso positivo)
Movimentados - Processo 19.05.xlsm,Processo,Produto Acabado,2026-05-19 00:00:00,05104071,Bombom Bom Jardim Intenso 10g,0,0,0,0,OK,Não,Sem divergência real (falso positivo)
Movimentados - Processo 19.05.xlsm,Processo,Produto Acabado,2026-05-19 00:00:00,05004016,MAGIO Lg de Onça Lt Praliné Avelã Cx80g,228,228,0,0,Em apontamento,Não,Aguardando apontamento de produção
Movimentados - Processo 19.05.xlsm,Processo,Produto Acabado,2026-05-19 00:00:00,05104122,Teste Industrial,26,26,0,0,OK,Não,Sem divergência real (falso positivo)
Movimentados - Processo 19.05.xlsm,Processo,Produto Acabado,2026-05-19 00:00:00,05104060,Língua de Onça Chocolate ao Leite 5g,0,0,0,0,OK,Não,Sem divergência real (falso positivo)
Movimentados - Processo 19.05.xlsm,Processo,Produto Acabado,2026-05-19 00:00:00,05104018,"Bombom SF Leite Ganache de Cupuaçu 7,7g",0,0,0,0,OK,Não,Sem divergência real (falso positivo)
Movimentados - Processo 19.05.xlsm,Processo,Produto em Processo,2026-05-19 00:00:00,0020305008,Massa de Chocolate - Mocajuba Intenso,9.8346,9.8346,0.0,0,Em produção,Não,Produção em andamento (OP não encerrada)
Movimentados - Processo 19.05.xlsm,Processo,Produto em Processo,2026-05-19 00:00:00,0050321024,Barra 80 GR  Caram de Maracujá+praliné,0,0,0,0,OK,Não,Sem divergência real (falso positivo)
Movimentados - Processo 19.05.xlsm,Processo,Produto em Processo,2026-05-19 00:00:00,0500305002,Massa de Chocolate Branco - teste 2025,2.92,2.92,0.0,0,OK,Não,Sem divergência real (falso positivo)
Movimentados - Processo 19.05.xlsm,Processo,Produto em Processo,2026-05-19 00:00:00,0050305010,PP LÍNGUA DE ONÇA 5G PRALINÉ,1611,1611,0,0,Em apontamento,Não,Aguardando apontamento de produção
Movimentados - Processo 19.05.xlsm,Processo,Produto em Processo,2026-05-19 00:00:00,0050305035,Massa Choco ao leite com Castanha Pará,0,0,0,0,OK,Não,Sem divergência real (falso positivo)
Movimentados - Processo 19.05.xlsm,Processo,Produto em Processo,2026-05-19 00:00:00,0020315001,Bolo de Chocolate Loja,3,3,0,0,OK,Não,Sem divergência real (falso positivo)
Movimentados - Processo 19.05.xlsm,Processo,Produto em Processo,2026-05-19 00:00:00,0020303003,Nibs de Cacau - Mocajuba (PA),10,10,0,0,Em produção,Não,Produção em andamento (OP não encerrada)
Movimentados - Processo 19.05.xlsm,Processo,Produto em Processo,2026-05-19 00:00:00,9990311030,Praliné de Avelã colagem,36.4305,36.4305,0.0,0,Em produção,Não,Produção em andamento (OP não encerrada)
Movimentados - Processo 19.05.xlsm,Processo,Produto em Processo,2026-05-19 00:00:00,0050305006,MASSA DE CHOCOLATE -AO LEITE   NF24,99.1229,99.1229,0.0,0,Em produção,Não,Produção em andamento (OP não encerrada)
Movimentados - Processo 20.05.xlsm,Processo,Embalagem,2026-05-20 00:00:00,0190213056,Envelope plastico transparente,388,388,0,0,Em produção,,Produção em andamento (OP não encerrada)
Movimentados - Processo 20.05.xlsm,Processo,Embalagem,2026-05-20 00:00:00,0190213051,Caixa Base  LO 80g,537,537,0,0,Em produção,,Produção em andamento (OP não encerrada)
Movimentados - Processo 20.05.xlsm,Processo,Embalagem,2026-05-20 00:00:00,019021424,CARTÃO QR,1375,1375,0,0,Em apontamento,,Aguardando apontamento de produção
Movimentados - Processo 20.05.xlsm,Processo,Embalagem,2026-05-20 00:00:00,9990712045,Etiqueta Lacre 2 - Adesivo transparente,1665,1665,0,0,Em produção,,Produção em andamento (OP não encerrada)
Movimentados - Processo 20.05.xlsm,Processo,Embalagem,2026-05-20 00:00:00,0190213074,Caixa Biscoitos Fundo cupu,94,94,0,0,Em apontamento,,Aguardando apontamento de produção
Movimentados - Processo 20.05.xlsm,Processo,Embalagem,2026-05-20 00:00:00,0190213075,Caixa Biscoitos luva cupu,94,94,0,0,Em apontamento,,Aguardando apontamento de produção
Movimentados - Processo 20.05.xlsm,Processo,Embalagem,2026-05-20 00:00:00,0190213060,Berço termoformado LO,514,514,0,0,Em produção,,Produção em andamento (OP não encerrada)
Movimentados - Processo 20.05.xlsm,Processo,Materia Prima,2026-05-20 00:00:00,9990111053,MALTODEXTRINA DE10 1910,0.9663,0.9663,0.0,0,Em produção,,Produção em andamento (OP não encerrada)
Movimentados - Processo 20.05.xlsm,Processo,Materia Prima,2026-05-20 00:00:00,9990111008,Xarope de glucose,8.7907,8.7907,0.0,0,Em produção,,Produção em andamento (OP não encerrada)
Movimentados - Processo 20.05.xlsm,Processo,Materia Prima,2026-05-20 00:00:00,0140106804,Açúcar invertido,1.2731,1.2731,0.0,0,Em produção,,Produção em andamento (OP não encerrada)
Movimentados - Processo 20.05.xlsm,Processo,Materia Prima,2026-05-20 00:00:00,9990111003,Creme de Leite UHT 25%,1.5,1.5,0.0,0,Em produção,,Produção em andamento (OP não encerrada)
Movimentados - Processo 20.05.xlsm,Processo,Materia Prima,2026-05-20 00:00:00,9990111006,Manteiga de Leite,1.6919,1.6919,0.0,0,Em produção,,Produção em andamento (OP não encerrada)
Movimentados - Processo 20.05.xlsm,Processo,Materia Prima,2026-05-20 00:00:00,9990107001,MANTEIGA DE CACAU desodorizada,52.2138,52.2138,0.0,0,Em produção,,Produção em andamento (OP não encerrada)
Movimentados - Processo 20.05.xlsm,Processo,Materia Prima,2026-05-20 00:00:00,9990111026,Sal,0.9688,0.9688,0.0,0,Em produção,,Produção em andamento (OP não encerrada)
Movimentados - Processo 20.05.xlsm,Processo,Materia Prima,2026-05-20 00:00:00,9990111023,Sorbitol em Pó,1.2991,1.2991,0.0,0,Em produção,,Produção em andamento (OP não encerrada)
Movimentados - Processo 20.05.xlsm,Processo,Materia Prima,2026-05-20 00:00:00,9990111021,DEXTROSE,1,1,0,0,Em produção,,Produção em andamento (OP não encerrada)
Movimentados - Processo 20.05.xlsm,Processo,Materia Prima,2026-05-20 00:00:00,9990111058,Tapereba Liofilizado,0.1659,0.1659,0.0,0,Em produção,,Produção em andamento (OP não encerrada)
Movimentados - Processo 20.05.xlsm,Processo,Outros Insumos,2026-05-20 00:00:00,9990111054,Sorbato de Potássio Granulado,0.1953,0.1953,0.0,0,Em produção,,Produção em andamento (OP não encerrada)
Movimentados - Processo 20.05.xlsm,Processo,Produto Acabado,2026-05-20 00:00:00,05004048,Biscoito Cast. Pará Cupulate 70% 150g,4,4,0,0,Em apontamento,,Aguardando apontamento de produção
Movimentados - Processo 20.05.xlsm,Processo,Produto Acabado,2026-05-20 00:00:00,05104122,Teste Industrial,40,40,0,0,Falta de trasnferencia para o estoque,,Outros / não categorizado
Movimentados - Processo 20.05.xlsm,Processo,Produto em Processo,2026-05-20 00:00:00,0020305008,Massa de Chocolate - Mocajuba Intenso,6.5386,6.5386,0.0,0,Em produção,,Produção em andamento (OP não encerrada)
Movimentados - Processo 20.05.xlsm,Processo,Produto em Processo,2026-05-20 00:00:00,9990311030,Praliné de Avelã colagem,32.8259,32.8259,0.0,0,Em produção,,Produção em andamento (OP não encerrada)
Movimentados - Processo 20.05.xlsm,Processo,Produto em Processo,2026-05-20 00:00:00,9990315027,Polpa de Tapereba Reduzida,1.8369,1.8369,0.0,0,Em produção,,Produção em andamento (OP não encerrada)
Movimentados - Processo 20.05.xlsm,Processo,Produto em Processo,2026-05-20 00:00:00,9990311031,Praliné Pistache colagem,7.9226,7.9226,0.0,0,Em produção,,Produção em andamento (OP não encerrada)
Movimentados - Processo 20.05.xlsm,Processo,Produto em Processo,2026-05-20 00:00:00,9990315026,Polpa de Cupuaçu Reduzida,0.4891,0.4891,0.0,0,Em produção,,Produção em andamento (OP não encerrada)
Movimentados - Processo 20.05.xlsm,Processo,Produto em Processo,2026-05-20 00:00:00,9990311038,Recheio Caramelo Maracujá,2.0903,2.0903,0.0,0,Em produção,,Produção em andamento (OP não encerrada)
Movimentados - Processo 20.05.xlsm,Processo,Produto em Processo,2026-05-20 00:00:00,0050305006,MASSA DE CHOCOLATE -AO LEITE   NF24,94.6306,94.6306,0.0,0,Em produção,,Produção em andamento (OP não encerrada)
Movimentados - Processo 20.05.xlsm,Processo,Produto em Processo,2026-05-20 00:00:00,0050308015,Biscoito 150 gr com Cupu,94,94,0,0,Em apontamento,,Aguardando apontamento de produção
Movimentados - Processo 20.07.xlsm,Processo,Embalagem,2026-07-17 00:00:00,0190213056,Envelope plastico transparente,1227,1227,0,0,Em Apontamento,,Aguardando apontamento de produção
Movimentados - Processo 20.07.xlsm,Processo,Embalagem,2026-07-17 00:00:00,0190213060,Berço termoformado LO,207,207,0,0,Em Apontamento,,Aguardando apontamento de produção
Movimentados - Processo 20.07.xlsm,Processo,Embalagem,2026-07-17 00:00:00,0190213051,Caixa Base  LO 80g,216,216,0,0,Em Apontamento,,Aguardando apontamento de produção
Movimentados - Processo 20.07.xlsm,Processo,Embalagem,2026-07-17 00:00:00,0190213052,Luva LO 80GR ao leite com Praliné,454,454,0,0,Em Apontamento,,Aguardando apontamento de produção
Movimentados - Processo 20.07.xlsm,Processo,Embalagem,2026-07-17 00:00:00,019021424,CARTÃO QR,345,345,0,0,Em Apontamento,,Aguardando apontamento de produção
Movimentados - Processo 20.07.xlsm,Processo,Embalagem,2026-07-17 00:00:00,9990712045,Etiqueta Lacre 2 - Adesivo transparente,1068,1068,0,0,Em Apontamento,,Aguardando apontamento de produção
Movimentados - Processo 20.07.xlsm,Processo,Materia Prima,2026-07-17 00:00:00,9990107001,MANTEIGA DE CACAU desodorizada,29.786,29.786,0.0,0,Em produção,,Produção em andamento (OP não encerrada)
Movimentados - Processo 20.07.xlsm,Processo,Materia Prima,2026-07-17 00:00:00,9990111023,Sorbitol em Pó,1.0097,1.0097,0.0,0,Em produção,,Produção em andamento (OP não encerrada)
Movimentados - Processo 20.07.xlsm,Processo,Materia Prima,2026-07-17 00:00:00,0140106805,Açúcar refinado,4.7692,4.7692,0.0,0,Em produção,,Produção em andamento (OP não encerrada)
Movimentados - Processo 20.07.xlsm,Processo,Materia Prima,2026-07-17 00:00:00,0140106804,Açúcar invertido,0.9697,0.9697,0.0,0,Em produção,,Produção em andamento (OP não encerrada)
Movimentados - Processo 20.07.xlsm,Processo,Materia Prima,2026-07-17 00:00:00,03001001,Leite em Pó integral,1.4,1.4,0.0,0,Em produção,,Produção em andamento (OP não encerrada)
Movimentados - Processo 20.07.xlsm,Processo,Materia Prima,2026-07-17 00:00:00,9990111005,Lecitina de Soja,1.4594,1.4594,0.0,0,Em produção,,Produção em andamento (OP não encerrada)
Movimentados - Processo 20.07.xlsm,Processo,Materia Prima,2026-07-17 00:00:00,9990111006,Manteiga de Leite,1.5581,1.5581,0.0,0,Em produção,,Produção em andamento (OP não encerrada)
Movimentados - Processo 20.07.xlsm,Processo,Materia Prima,2026-07-17 00:00:00,9990111003,Creme de Leite UHT 25%,6.2359,6.2359,0.0,0,Em produção,,Produção em andamento (OP não encerrada)
Movimentados - Processo 20.07.xlsm,Processo,Produto Acabado,2026-07-17 00:00:00,05004016,MAGIO Lg de Onça Lt Praliné Avelã Cx80g,20,20,0,0,Em Apontamento,,Aguardando apontamento de produção
Movimentados - Processo 20.07.xlsm,Processo,Produto Acabado,2026-07-17 00:00:00,05104012,Bombom SF Leite Praliné de Pistache 10g,46,0,-46,22.3376,Transf.Pendente - Feita Hoje,Não,Transferência pendente
Movimentados - Processo 20.07.xlsm,Processo,Produto Acabado,2026-07-17 00:00:00,05104059,Bombom SF Doce de Cupuaçu 10g,17,0,-17,8.0376,Transf.Pendente - Feita Hoje,Não,Transferência pendente
Movimentados - Processo 20.07.xlsm,Processo,Produto Acabado,2026-07-17 00:00:00,05104007,Bombom Intenso Praliné 10g,13,0,-13,4.9504,Transf.Pendente - Feita Hoje,Não,Transferência pendente
Movimentados - Processo 20.07.xlsm,Processo,Produto Acabado,2026-07-17 00:00:00,05104016,"Bombom SF Leite Ganache de Maracujá 7,7g",33,0,-33,11.2167,Transf.Pendente - Feita Hoje,Não,Transferência pendente
Movimentados - Processo 20.07.xlsm,Processo,Produto Acabado,2026-07-17 00:00:00,05104008,Bombom ao Leite Praliné 10g,67,0,-67,25.6342,Transf.Pendente - Feita Hoje,Não,Transferência pendente
Movimentados - Processo 20.07.xlsm,Processo,Produto Acabado,2026-07-17 00:00:00,05104071,Bombom Bom Jardim Intenso 10g,105,0,-105,33.474,Transf.Pendente - Feita Hoje,Não,Transferência pendente
Movimentados - Processo 20.07.xlsm,Processo,Produto Acabado,2026-07-17 00:00:00,05104039,Bombom SF Ganache de Taperebá Int 10g,18,0,-18,13.7376,Transf.Pendente - Feita Hoje,Não,Transferência pendente
Movimentados - Processo 20.07.xlsm,Processo,Produto em Processo,2026-07-17 00:00:00,0020305008,Massa de Chocolate - Mocajuba Intenso,28.5931,28.5931,0.0,0,Em produção,,Produção em andamento (OP não encerrada)
Movimentados - Processo 20.07.xlsm,Processo,Produto em Processo,2026-07-17 00:00:00,0050305010,PP LÍNGUA DE ONÇA 5G PRALINÉ,3008,3008,0,0,Em Apontamento,,Aguardando apontamento de produção
Movimentados - Processo 20.07.xlsm,Processo,Produto em Processo,2026-07-17 00:00:00,0020315001,Bolo de Chocolate Loja,1.05,1,-0.050000000000000044,6.367070000000005,Falta de apontamento - OK,Não,Aguardando apontamento de produção
Movimentados - Processo 20.07.xlsm,Processo,Produto em Processo,2026-07-17 00:00:00,0050305006,MASSA DE CHOCOLATE -AO LEITE   NF24,93.3569,93.3569,0.0,0,Em produção,,Produção em andamento (OP não encerrada)
Movimentados - Processo 21.05.xlsm,Processo,Embalagem,2026-05-21 00:00:00,0190213074,Caixa Biscoitos Fundo cupu,4,4,0,0,OK,Não,Sem divergência real (falso positivo)
Movimentados - Processo 21.05.xlsm,Processo,Embalagem,2026-05-21 00:00:00,0190213133,Berço interno caixa 14 bombons,57,57,0,0,OK,Não,Sem divergência real (falso positivo)
Movimentados - Processo 21.05.xlsm,Processo,Embalagem,2026-05-21 00:00:00,9990712045,Etiqueta Lacre 2 - Adesivo transparente,1551,0,-1551,100.815,Em produção,Não,Produção em andamento (OP não encerrada)
Movimentados - Processo 21.05.xlsm,Processo,Embalagem,2026-05-21 00:00:00,0190213075,Caixa Biscoitos luva cupu,4,4,0,0,OK,Não,Sem divergência real (falso positivo)
Movimentados - Processo 21.05.xlsm,Processo,Embalagem,2026-05-21 00:00:00,0190213130,Berço Caixa 14 Bombons,23,23,0,0,OK,Não,Sem divergência real (falso positivo)
Movimentados - Processo 21.05.xlsm,Processo,Embalagem,2026-05-21 00:00:00,0190213116,Caixa 14 bombons,15,15,0,0,OK,Não,Sem divergência real (falso positivo)
Movimentados - Processo 21.05.xlsm,Processo,Embalagem,2026-05-21 00:00:00,019021424,CARTÃO QR,1270,1270,0,0,OK,Não,Sem divergência real (falso positivo)
Movimentados - Processo 21.05.xlsm,Processo,Embalagem,2026-05-21 00:00:00,0190213124,Forminha para Bombons Caixas,846,846,0,0,OK,Não,Sem divergência real (falso positivo)
Movimentados - Processo 21.05.xlsm,Processo,Embalagem,2026-05-21 00:00:00,0190213117,Caixa 30 bombons,0,0,0,0,OK,Não,Sem divergência real (falso positivo)
Movimentados - Processo 21.05.xlsm,Processo,Embalagem,2026-05-21 00:00:00,0190213135,Folder das Caixas de 30 Bombons,3,0,-3,0,Baixa Por Consumo,Não,Baixa por consumo (processo semanal)
Movimentados - Processo 21.05.xlsm,Processo,Embalagem,2026-05-21 00:00:00,0190213134,Folder das Caixas de 14 Bombons,8,8,0,0,OK,Não,Sem divergência real (falso positivo)
Movimentados - Processo 21.05.xlsm,Processo,Materia Prima,2026-05-21 00:00:00,9990107001,MANTEIGA DE CACAU desodorizada,52.2082,0,-52.2082,4007.5118736399995,Em produção,Não,Produção em andamento (OP não encerrada)
Movimentados - Processo 21.05.xlsm,Processo,Materia Prima,2026-05-21 00:00:00,9990111006,Manteiga de Leite,1.6215,0,-1.6215,105.7691478,Em produção,Não,Produção em andamento (OP não encerrada)
Movimentados - Processo 21.05.xlsm,Processo,Materia Prima,2026-05-21 00:00:00,9990111068,Farinha de Trigo,1,0,-1,6.79,Em produção,Não,Produção em andamento (OP não encerrada)
Movimentados - Processo 21.05.xlsm,Processo,Materia Prima,2026-05-21 00:00:00,9990111021,DEXTROSE,0.9891,0,-0.9891,37.348416,Em produção,Não,Produção em andamento (OP não encerrada)
Movimentados - Processo 21.05.xlsm,Processo,Materia Prima,2026-05-21 00:00:00,9990111073,Castanha de Caju,0.143,0,-0.143,12.886873999999999,Em produção,Não,Produção em andamento (OP não encerrada)
Movimentados - Processo 21.05.xlsm,Processo,Materia Prima,2026-05-21 00:00:00,9990111056,Castanha do Pará,0.6075,0,-0.6075,148.23000000000002,Em produção,Não,Produção em andamento (OP não encerrada)
Movimentados - Processo 21.05.xlsm,Processo,Materia Prima,2026-05-21 00:00:00,9990111003,Creme de Leite UHT 25%,1.4034,0,-1.4034,54.524335439999994,Em produção,Não,Produção em andamento (OP não encerrada)
Movimentados - Processo 21.05.xlsm,Processo,Materia Prima,2026-05-21 00:00:00,9990111008,Xarope de glucose,8.7835,0,-8.7835,111.989625,Em produção,Não,Produção em andamento (OP não encerrada)
Movimentados - Processo 21.05.xlsm,Processo,Materia Prima,2026-05-21 00:00:00,9990111026,Sal,0.9681,0,-0.9681,3.16742958,Em produção,Não,Produção em andamento (OP não encerrada)
Movimentados - Processo 21.05.xlsm,Processo,Materia Prima,2026-05-21 00:00:00,9990111042,Xerem de Castanha de Caju,1.148,0,-1.148,68.7652,Em produção,Não,Produção em andamento (OP não encerrada)
Movimentados - Processo 21.05.xlsm,Processo,Materia Prima,2026-05-21 00:00:00,0140106805,Açúcar refinado,29.7332,0,-29.7332,90.94196552000001,Em produção,Não,Produção em andamento (OP não encerrada)
Movimentados - Processo 21.05.xlsm,Processo,Materia Prima,2026-05-21 00:00:00,9990111023,Sorbitol em Pó,1.2368,0,-1.2368,58.772736,Em produção,Não,Produção em andamento (OP não encerrada)
Movimentados - Processo 21.05.xlsm,Processo,Materia Prima,2026-05-21 00:00:00,0140106804,Açúcar invertido,1.2243,0,-1.2243,13.4673,Em produção,Não,Produção em andamento (OP não encerrada)
Movimentados - Processo 21.05.xlsm,Processo,Materia Prima,2026-05-21 00:00:00,0140106806,Açúcar Mascavo,1,0,-1,14.678,Em produção,Não,Produção em andamento (OP não encerrada)
Movimentados - Processo 21.05.xlsm,Processo,Materia Prima,2026-05-21 00:00:00,9990111058,Tapereba Liofilizado,0.1512,0,-0.1512,157.0968,Em produção,Não,Produção em andamento (OP não encerrada)
Movimentados - Processo 21.05.xlsm,Processo,Materia Prima,2026-05-21 00:00:00,9990111059,Cupuaçu Liofilizado,0.2457,0,-0.2457,191.1546,Em produção,Não,Produção em andamento (OP não encerrada)
Movimentados - Processo 21.05.xlsm,Processo,Materia Prima,2026-05-21 00:00:00,9990111053,MALTODEXTRINA DE10 1910,0.9544,0,-0.9544,17.24085424,Em produção,Não,Produção em andamento (OP não encerrada)
Movimentados - Processo 21.05.xlsm,Processo,Outros Insumos,2026-05-21 00:00:00,9990111054,Sorbato de Potássio Granulado,0.1938,0,-0.1938,4.007784,Em produção,Não,Produção em andamento (OP não encerrada)
Movimentados - Processo 21.05.xlsm,Processo,Produto Acabado,2026-05-21 00:00:00,05004048,Biscoito Cast. Pará Cupulate 70% 150g,0,0,0,0,OK,Não,Sem divergência real (falso positivo)
Movimentados - Processo 21.05.xlsm,Processo,Produto Acabado,2026-05-21 00:00:00,05004057,Barra ES ao Leite Praliné de Avelã 80g,0,0,0,0,OK,Não,Sem divergência real (falso positivo)
Movimentados - Processo 21.05.xlsm,Processo,Produto Acabado,2026-05-21 00:00:00,05004006,MAGIO PF Vale do Jari 65% 60g,0,0,0,0,OK,Não,Sem divergência real (falso positivo)
Movimentados - Processo 21.05.xlsm,Processo,Produto Acabado,2026-05-21 00:00:00,05004016,MAGIO Lg de Onça Lt Praliné Avelã Cx80g,0,0,0,0,OK,Não,Sem divergência real (falso positivo)
Movimentados - Processo 21.05.xlsm,Processo,Produto Acabado,2026-05-21 00:00:00,05004097,Barra ES Leite com Avelã e Maracujá 80g,0,0,0,0,OK,Não,Sem divergência real (falso positivo)
Movimentados - Processo 21.05.xlsm,Processo,Produto Acabado,2026-05-21 00:00:00,05004149,Caixa de Bombons G (30 bombons),3,3,0,0,OK,Não,Sem divergência real (falso positivo)
Movimentados - Processo 21.05.xlsm,Processo,Produto Acabado,2026-05-21 00:00:00,05004148,Caixa de Bombons M (14 bombons),6,6,0,0,OK,Não,Sem divergência real (falso positivo)
Movimentados - Processo 21.05.xlsm,Processo,Produto em Processo,2026-05-21 00:00:00,0020305008,Massa de Chocolate - Mocajuba Intenso,5.997,0,-5.997,206.81374139999997,Em produção,Não,Produção em andamento (OP não encerrada)
Movimentados - Processo 21.05.xlsm,Processo,Produto em Processo,2026-05-21 00:00:00,9990311042,Recheio Doce de Cupuaçu,0.2,0.2,0.0,0,OK,Não,Sem divergência real (falso positivo)
Movimentados - Processo 21.05.xlsm,Processo,Produto em Processo,2026-05-21 00:00:00,9990311044,Praliné de castanhas - Bolo de chocolate,1.5,1,-0.5,42.5294,"Transf. Pendente p/Loja - 0,500G",Não,Transferência pendente
Movimentados - Processo 21.05.xlsm,Processo,Produto em Processo,2026-05-21 00:00:00,9990315025,Polpa de Maracujá Reduzida,1.9809,1.9809,0.0,0,OK,Não,Sem divergência real (falso positivo)
Movimentados - Processo 21.05.xlsm,Processo,Produto em Processo,2026-05-21 00:00:00,9990311040,Colagem praliné para lua cheia,6.9066,0,-6.9066,309.553812,Em produção,Não,Produção em andamento (OP não encerrada)
Movimentados - Processo 21.05.xlsm,Processo,Produto em Processo,2026-05-21 00:00:00,0050308015,Biscoito 150 gr com Cupu,0,0,0,0,OK,Não,Sem divergência real (falso positivo)
Movimentados - Processo 21.05.xlsm,Processo,Produto em Processo,2026-05-21 00:00:00,9990311025,Ganache Chocolate intenso,0.2,0.2,0.0,0,OK,Não,Sem divergência real (falso positivo)
Movimentados - Processo 21.05.xlsm,Processo,Produto em Processo,2026-05-21 00:00:00,9990311030,Praliné de Avelã colagem,32.6477,32.6477,0.0,0,OK,Não,Sem divergência real (falso positivo)
Movimentados - Processo 21.05.xlsm,Processo,Produto em Processo,2026-05-21 00:00:00,0050305006,MASSA DE CHOCOLATE -AO LEITE   NF24,93.2764,0,-93.2764,3344.71447884,Em produção,Não,Produção em andamento (OP não encerrada)
Movimentados - Processo 21.05.xlsm,Processo,Produto em Processo,2026-05-21 00:00:00,9990315026,Polpa de Cupuaçu Reduzida,0.2804,0.2804,0.0,0,OK,Não,Sem divergência real (falso positivo)
Movimentados - Processo 21.05.xlsm,Processo,Produto em Processo,2026-05-21 00:00:00,9990315027,Polpa de Tapereba Reduzida,1.7646,1.7646,0.0,0,OK,Não,Sem divergência real (falso positivo)
Movimentados - Processo 21.05.xlsm,Processo,Produto em Processo,2026-05-21 00:00:00,9990311031,Praliné Pistache colagem,7.8236,0,-7.8236,504.53301096,Em produção,Não,Produção em andamento (OP não encerrada)
Movimentados - Processo 21.07.xlsm,Processo,Embalagem,2026-07-20 00:00:00,0190213056,Envelope plastico transparente,1122,985,-137,20.002,Foi solicitado baixa nas contagens anteriores porém a mesma não foi realizada,,Outros / não categorizado
Movimentados - Processo 21.07.xlsm,Processo,Embalagem,2026-07-20 00:00:00,0190213060,Berço termoformado LO,120,120,0,0,Em apontamento,,Aguardando apontamento de produção
Movimentados - Processo 21.07.xlsm,Processo,Embalagem,2026-07-20 00:00:00,0190213051,Caixa Base  LO 80g,129,129,0,0,Em apontamento,,Aguardando apontamento de produção
Movimentados - Processo 21.07.xlsm,Processo,Embalagem,2026-07-20 00:00:00,0190213052,Luva LO 80GR ao leite com Praliné,367,367,0,0,Em apontamento,,Aguardando apontamento de produção
Movimentados - Processo 21.07.xlsm,Processo,Embalagem,2026-07-20 00:00:00,0190213167,Caixa ES Intenso Praliné Avelã,100,83,-17,11.8201,Solicitado baixa de 17 un por avaria,Sim,Avaria / Perda por avaria
Movimentados - Processo 21.07.xlsm,Processo,Embalagem,2026-07-20 00:00:00,0190213090,Flowpack LO Leite,31,13,-18,11.964599999999999,Solicitado baixa de 18 un,Sim,Outros / não categorizado
Movimentados - Processo 21.07.xlsm,Processo,Embalagem,2026-07-20 00:00:00,9990712045,Etiqueta Lacre 2 - Adesivo transparente,893,893,0,0,Em apontamento,,Aguardando apontamento de produção
Movimentados - Processo 21.07.xlsm,Processo,Embalagem,2026-07-20 00:00:00,019021424,CARTÃO QR,1623,1623,0,0,Em apontamento,,Aguardando apontamento de produção
Movimentados - Processo 21.07.xlsm,Processo,Materia Prima,2026-07-20 00:00:00,9990111009,Gelatina incolor,0.6901,0.6901,0.0,0,Em produção,,Produção em andamento (OP não encerrada)
Movimentados - Processo 21.07.xlsm,Processo,Materia Prima,2026-07-20 00:00:00,0140106004,Açúcar Demerara,14,14,0,0,Em produção,,Produção em andamento (OP não encerrada)
Movimentados - Processo 21.07.xlsm,Processo,Materia Prima,2026-07-20 00:00:00,03001001,Leite em Pó integral,21.7,21.7,0.0,0,Em produção,,Produção em andamento (OP não encerrada)
Movimentados - Processo 21.07.xlsm,Processo,Materia Prima,2026-07-20 00:00:00,9990111042,Xerem de Castanha de Caju,3.5017,3.5017,0.0,0,Em produção,,Produção em andamento (OP não encerrada)
Movimentados - Processo 21.07.xlsm,Processo,Materia Prima,2026-07-20 00:00:00,9990111007,Clara em Pó,0.2129,0.2129,0.0,0,Em produção,,Produção em andamento (OP não encerrada)
Movimentados - Processo 21.07.xlsm,Processo,Materia Prima,2026-07-20 00:00:00,9990111004,Baunilha em Fava,0.8914,0.8914,0.0,0,Em produção,,Produção em andamento (OP não encerrada)
Movimentados - Processo 21.07.xlsm,Processo,Materia Prima,2026-07-20 00:00:00,0140106805,Açúcar refinado,44.0838,44.0838,0.0,0,Em produção,,Produção em andamento (OP não encerrada)
Movimentados - Processo 21.07.xlsm,Processo,Materia Prima,2026-07-20 00:00:00,9990107001,MANTEIGA DE CACAU desodorizada,54.786,54.786,0.0,0,Em produção,,Produção em andamento (OP não encerrada)
Movimentados - Processo 21.07.xlsm,Processo,Materia Prima,2026-07-20 00:00:00,9990111020,Avelã,20,20,0,0,Em produção,,Produção em andamento (OP não encerrada)
Movimentados - Processo 21.07.xlsm,Processo,Materia Prima,2026-07-20 00:00:00,9990111073,Castanha de Caju,3.25,3.25,0.0,0,Em produção,,Produção em andamento (OP não encerrada)
Movimentados - Processo 21.07.xlsm,Processo,Materia Prima,2026-07-20 00:00:00,9990111056,Castanha do Pará,1.5177,1.5177,0.0,0,Em produção,,Produção em andamento (OP não encerrada)
Movimentados - Processo 21.07.xlsm,Processo,Materia Prima,2026-07-20 00:00:00,9990111008,Xarope de glucose,8.1588,8.1588,0.0,0,Em produção,,Produção em andamento (OP não encerrada)
Movimentados - Processo 21.07.xlsm,Processo,Produto Acabado,2026-07-20 00:00:00,05004139,Língua de Onça Leite Flowpack 11g,2276,2276,0,0,Transf.Pendente,,Transferência pendente
Movimentados - Processo 21.07.xlsm,Processo,Produto Acabado,2026-07-20 00:00:00,05004016,MAGIO Lg de Onça Lt Praliné Avelã Cx80g,107,107,0,0,Em apontamento,,Aguardando apontamento de produção
Movimentados - Processo 21.07.xlsm,Processo,Produto em Processo,2026-07-20 00:00:00,0020305008,Massa de Chocolate - Mocajuba Intenso,25.9255,25.9255,0.0,0,Em produção,,Produção em andamento (OP não encerrada)
Movimentados - Processo 21.07.xlsm,Processo,Produto em Processo,2026-07-20 00:00:00,0050305010,PP LÍNGUA DE ONÇA 5G PRALINÉ,1616,1616,0,0,Em apontamento,,Aguardando apontamento de produção
Movimentados - Processo 21.07.xlsm,Processo,Produto em Processo,2026-07-20 00:00:00,0050303003,Nibs de Cacau - Sakaguchi(PA),7.4,7.4,0.0,0,Em produção,,Produção em andamento (OP não encerrada)
Movimentados - Processo 21.07.xlsm,Processo,Produto em Processo,2026-07-20 00:00:00,0050305006,MASSA DE CHOCOLATE -AO LEITE   NF24,86.9974,86.9974,0.0,0,Em produção,,Produção em andamento (OP não encerrada)
Movimentados - Processo 22.06.xlsm,Processo,Embalagem,2026-06-19 00:00:00,0190213133,Berço interno caixa 14 bombons,33,26,-7,7.5600000000000005,Baixa Por Avaria,Sim,Avaria / Perda por avaria
Movimentados - Processo 22.06.xlsm,Processo,Embalagem,2026-06-19 00:00:00,01902131561,Candy Pad branco caixa 30,9,6,-3,16.71,Baixa Por Avaria,Sim,Avaria / Perda por avaria
Movimentados - Processo 22.06.xlsm,Processo,Materia Prima,2026-06-19 00:00:00,0140106804,Açúcar invertido,1.7003,1.7003,0.0,0,Em Produção,,Produção em andamento (OP não encerrada)
Movimentados - Processo 22.06.xlsm,Processo,Materia Prima,2026-06-19 00:00:00,9990111003,Creme de Leite UHT 25%,4.9383,4.9383,0.0,0,Em Produção,,Produção em andamento (OP não encerrada)
Movimentados - Processo 22.06.xlsm,Processo,Materia Prima,2026-06-19 00:00:00,9990111008,Xarope de glucose,7.7148,7.7148,0.0,0,Em Produção,,Produção em andamento (OP não encerrada)
Movimentados - Processo 22.06.xlsm,Processo,Materia Prima,2026-06-19 00:00:00,9990107001,MANTEIGA DE CACAU desodorizada,47.6854,47.6854,0.0,0,Em Produção,,Produção em andamento (OP não encerrada)
Movimentados - Processo 22.06.xlsm,Processo,Materia Prima,2026-06-19 00:00:00,9990111021,DEXTROSE,0.9622,0.9622,0.0,0,Em Produção,,Produção em andamento (OP não encerrada)
Movimentados - Processo 22.06.xlsm,Processo,Materia Prima,2026-06-19 00:00:00,9990111023,Sorbitol em Pó,0,0.15,0.15,-9.102,Saldo Ajustado,Não,Ajuste de sistema pendente
Movimentados - Processo 22.06.xlsm,Processo,Materia Prima,2026-06-19 00:00:00,9990111006,Manteiga de Leite,1.0132,1.0132,0.0,0,Em Produção,,Produção em andamento (OP não encerrada)
Movimentados - Processo 22.06.xlsm,Processo,Materia Prima,2026-06-19 00:00:00,9990111058,Tapereba Liofilizado,0.1107,0.1107,0.0,0,Em Produção,,Produção em andamento (OP não encerrada)
Movimentados - Processo 22.06.xlsm,Processo,Materia Prima,2026-06-19 00:00:00,9990111059,Cupuaçu Liofilizado,0.1799,0.1799,0.0,0,Em Produção,,Produção em andamento (OP não encerrada)
Movimentados - Processo 22.06.xlsm,Processo,Materia Prima,2026-06-19 00:00:00,9990111053,MALTODEXTRINA DE10 1910,1.8523,1.8523,0.0,0,Em Produção,,Produção em andamento (OP não encerrada)
Movimentados - Processo 22.06.xlsm,Processo,Materia Prima,2026-06-19 00:00:00,9990111056,Castanha do Pará,1.4431,1.4431,0.0,0,Em Produção,,Produção em andamento (OP não encerrada)
Movimentados - Processo 22.06.xlsm,Processo,Produto em Processo,2026-06-19 00:00:00,0020305008,Massa de Chocolate - Mocajuba Intenso,18.2235,18.2235,0.0,0,Em Produção,,Produção em andamento (OP não encerrada)
Movimentados - Processo 22.06.xlsm,Processo,Produto em Processo,2026-06-19 00:00:00,0260303001,Nibs de Cacau Moju,4.19,4.19,0.0,0,Em Produção,,Produção em andamento (OP não encerrada)
Movimentados - Processo 22.06.xlsm,Processo,Produto em Processo,2026-06-19 00:00:00,0050305006,MASSA DE CHOCOLATE -AO LEITE   NF24,92.4589,92.4589,0.0,0,Em Produção,,Produção em andamento (OP não encerrada)
Movimentados - Processo 22.07.xlsm,Processo,Embalagem,2026-07-21 00:00:00,0190213133,Berço interno caixa 14 bombons,105,144,39,-42.120000000000005,Transf.Pendente,Não,Transferência pendente
Movimentados - Processo 22.07.xlsm,Processo,Embalagem,2026-07-21 00:00:00,0190213116,Fundo Caixa 14 bombons,55,54,-1,5.9,Solicitado baixa de 1 un por avaria,Sim,Avaria / Perda por avaria
Movimentados - Processo 22.07.xlsm,Processo,Embalagem,2026-07-21 00:00:00,0190213104,Folha papel barrado Mágio,1451,1365,-86,14.190000000000001,Solicitado baixa de 86 un por consumo interno,Sim,Baixa por consumo (processo semanal)
Movimentados - Processo 22.07.xlsm,Processo,Embalagem,2026-07-21 00:00:00,0190213165,Caixa ES Ao Leite com Praliné e Maracujá,378,377,-1,0.5945,Solicitado baixa de 1 un por avaria,Sim,Avaria / Perda por avaria
Movimentados - Processo 22.07.xlsm,Processo,Embalagem,2026-07-21 00:00:00,0190213057,Embalagem – mod. Envelope p/ barra,706,697,-9,17.28,Solicitado baixa de 9 un por avaria,Sim,Avaria / Perda por avaria
Movimentados - Processo 22.07.xlsm,Processo,Embalagem,2026-07-21 00:00:00,0190213056,Envelope plastico transparente,1342,1285,-57,8.322,57 unidades Pendentes de baixa,Sim,Outros / não categorizado
Movimentados - Processo 22.07.xlsm,Processo,Produto Acabado,2026-07-21 00:00:00,05004139,Língua de Onça Leite Flowpack 11g,1078,0,-1078,1095.0324,Pendente transferencia - no radar do estoque,Não,Transferência pendente
Movimentados - Processo 23.06.xlsm,Processo,,2026-06-22 00:00:00,09908660521,Forma de Panetone,50,0,-50,77.9,Consumo de inovações,Não,Outros / não categorizado
Movimentados - Processo 23.06.xlsm,Processo,Embalagem,2026-06-22 00:00:00,019021424,CARTÃO QR,779,779,0,0,Em apontamento,,Aguardando apontamento de produção
Movimentados - Processo 23.06.xlsm,Processo,Embalagem,2026-06-22 00:00:00,0190213166,Caixa ES Ao Leite Praliné de Pistache,328,328,0,0,Em apontamento,,Aguardando apontamento de produção
Movimentados - Processo 23.06.xlsm,Processo,Embalagem,2026-06-22 00:00:00,0190213132,Envelope SSAL,4,0,-4,60,Verificar saldo em aberto,Não,Outros / não categorizado
Movimentados - Processo 23.06.xlsm,Processo,Embalagem,2026-06-22 00:00:00,9990712068,"ADESIVO SSAL - 1,1X4,5CM",16,16,0,0,Desceu a etiqueta errada,,Outros / não categorizado
Movimentados - Processo 23.06.xlsm,Processo,Embalagem,2026-06-22 00:00:00,9990712064,"ADESIVO SSAL- 3,5X5,5CM",16,16,0,0,Desceu a etiqueta errada,,Outros / não categorizado
Movimentados - Processo 23.06.xlsm,Processo,Embalagem,2026-06-22 00:00:00,0190213056,Envelope plastico transparente,402,402,0,0,Em apontamento,,Aguardando apontamento de produção
Movimentados - Processo 23.06.xlsm,Processo,Materia Prima,2026-06-22 00:00:00,9990111008,Xarope de glucose,7.3734,7.3734,0.0,0,Em Produção,,Produção em andamento (OP não encerrada)
Movimentados - Processo 23.06.xlsm,Processo,Materia Prima,2026-06-22 00:00:00,9990111004,Baunilha em Fava,0.2069,0.2069,0.0,0,Em Produção,,Produção em andamento (OP não encerrada)
Movimentados - Processo 23.06.xlsm,Processo,Materia Prima,2026-06-22 00:00:00,9990111009,Gelatina incolor,1.7407,1.7407,0.0,0,Em Produção,,Produção em andamento (OP não encerrada)
Movimentados - Processo 23.06.xlsm,Processo,Materia Prima,2026-06-22 00:00:00,9990111006,Manteiga de Leite,0.9961,0.9961,0.0,0,Em Produção,,Produção em andamento (OP não encerrada)
Movimentados - Processo 23.06.xlsm,Processo,Materia Prima,2026-06-22 00:00:00,9990111058,Tapereba Liofilizado,0.1907,0.1907,0.0,0,Em Produção,,Produção em andamento (OP não encerrada)
Movimentados - Processo 23.06.xlsm,Processo,Materia Prima,2026-06-22 00:00:00,9990111003,Creme de Leite UHT 25%,8.9383,8.9383,0.0,0,Em Produção,,Produção em andamento (OP não encerrada)
Movimentados - Processo 23.06.xlsm,Processo,Materia Prima,2026-06-22 00:00:00,0140106805,Açúcar refinado,51.6708,51.6708,0.0,0,Em Produção,,Produção em andamento (OP não encerrada)
Movimentados - Processo 23.06.xlsm,Processo,Materia Prima,2026-06-22 00:00:00,9990111055,Polpa Caja/Tapereba,1,1,0,0,Em Produção,,Produção em andamento (OP não encerrada)
Movimentados - Processo 23.06.xlsm,Processo,Materia Prima,2026-06-22 00:00:00,9990111007,Clara em Pó,0.3464,0.3464,0.0,0,Em Produção,,Produção em andamento (OP não encerrada)
Movimentados - Processo 23.06.xlsm,Processo,Materia Prima,2026-06-22 00:00:00,9990111021,DEXTROSE,0.9336,0.9336,0.0,0,Em Produção,,Produção em andamento (OP não encerrada)
Movimentados - Processo 23.06.xlsm,Processo,Materia Prima,2026-06-22 00:00:00,9990107001,MANTEIGA DE CACAU desodorizada,47.6835,47.6835,0.0,0,Em Produção,,Produção em andamento (OP não encerrada)
Movimentados - Processo 23.06.xlsm,Processo,Materia Prima,2026-06-22 00:00:00,9990111013,Polpa Cupuaçu,3.8,3.8,0.0,0,Em Produção,,Produção em andamento (OP não encerrada)
Movimentados - Processo 23.06.xlsm,Processo,Materia Prima,2026-06-22 00:00:00,9990111015,Polpa Maracujá,1,1,0,0,Em Produção,,Produção em andamento (OP não encerrada)
Movimentados - Processo 23.06.xlsm,Processo,Produto Acabado,2026-06-22 00:00:00,05104122,Teste Industrial,24,0,-24,0,Transf.Pendente,Não,Transferência pendente
Movimentados - Processo 23.06.xlsm,Processo,Produto Acabado,2026-06-22 00:00:00,05004056,Barra ES Leite Praliné de Pistache 80g,80,80,0,0,Em apontamento,,Aguardando apontamento de produção
Movimentados - Processo 23.06.xlsm,Processo,Produto em Processo,2026-06-22 00:00:00,0020305008,Massa de Chocolate - Mocajuba Intenso,17.6735,17.6735,0.0,0,Em Produção,,Produção em andamento (OP não encerrada)
Movimentados - Processo 23.06.xlsm,Processo,Produto em Processo,2026-06-22 00:00:00,0260303001,Nibs de Cacau Moju,4.55,4.55,0.0,0,Em Produção,,Produção em andamento (OP não encerrada)
Movimentados - Processo 23.06.xlsm,Processo,Produto em Processo,2026-06-22 00:00:00,0050305006,MASSA DE CHOCOLATE -AO LEITE   NF24,89.2504,89.2504,0.0,0,Em Produção,,Produção em andamento (OP não encerrada)
Movimentados - Processo 23.06.xlsm,Processo,Produto em Processo,2026-06-22 00:00:00,0050321011,Barras com recheios - 80g   Pistache,79,79,0,0,Em apontamento,,Aguardando apontamento de produção
Movimentados - Processo 23.06.xlsm,Processo,Produto em Processo,2026-06-22 00:00:00,9990311030,Praliné de Avelã colagem,34.5814,34.5814,0.0,0,Em Produção,,Produção em andamento (OP não encerrada)
Movimentados - Processo 24.06.xlsm,Processo,Embalagem,2026-06-23 00:00:00,0190213093,Flowpack LO Intenso c/ Praliné,2445,2021,-424,281.83279999999996,OP pós Envio do relatório - OK,Não,Outros / não categorizado
Movimentados - Processo 24.06.xlsm,Processo,Embalagem,2026-06-23 00:00:00,0190213141,Foto A4 Paisagem Pico,1,0,-1,0,Falta Injustificada,Sim,"Falta injustificada (não-estoque, revisar)"
Movimentados - Processo 24.06.xlsm,Processo,Embalagem,2026-06-23 00:00:00,0190213060,Berço termoformado LO,627,627,0,0,Em apontamento,,Aguardando apontamento de produção
Movimentados - Processo 24.06.xlsm,Processo,Embalagem,2026-06-23 00:00:00,0190213132,Envelope SSAL,1,0,-1,15,Falta Injustificada,Sim,"Falta injustificada (não-estoque, revisar)"
Movimentados - Processo 24.06.xlsm,Processo,Embalagem,2026-06-23 00:00:00,019021424,CARTÃO QR,615,615,0,0,Em apontamento,,Aguardando apontamento de produção
Movimentados - Processo 24.06.xlsm,Processo,Embalagem,2026-06-23 00:00:00,9990712068,"ADESIVO SSAL - 1,1X4,5CM",0,4,4,-1.3616,Transf.Pendente,Não,Transferência pendente
Movimentados - Processo 24.06.xlsm,Processo,Embalagem,2026-06-23 00:00:00,0190213051,Caixa Base  LO 80g,636,636,0,0,Em apontamento,,Aguardando apontamento de produção
Movimentados - Processo 24.06.xlsm,Processo,Embalagem,2026-06-23 00:00:00,9990712064,"ADESIVO SSAL- 3,5X5,5CM",8,11,3,-2.2617000000000003,Transf.Pendente,Não,Transferência pendente
Movimentados - Processo 24.06.xlsm,Processo,Embalagem,2026-06-23 00:00:00,9990712045,Etiqueta Lacre 2 - Adesivo transparente,1151,1151,0,0,Em apontamento,,Aguardando apontamento de produção
Movimentados - Processo 24.06.xlsm,Processo,Embalagem,2026-06-23 00:00:00,0190213053,Luva LO 80GR Intenso com Praliné,508,508,0,0,Em apontamento,,Aguardando apontamento de produção
Movimentados - Processo 24.06.xlsm,Processo,Materia Prima,2026-06-23 00:00:00,9990111053,MALTODEXTRINA DE10 1910,1.8506,1.8506,0.0,0,Em Produção,,Produção em andamento (OP não encerrada)
Movimentados - Processo 24.06.xlsm,Processo,Materia Prima,2026-06-23 00:00:00,9990107001,MANTEIGA DE CACAU desodorizada,47.6774,47.6774,0.0,0,Em Produção,,Produção em andamento (OP não encerrada)
Movimentados - Processo 24.06.xlsm,Processo,Materia Prima,2026-06-23 00:00:00,9990111023,Sorbitol em Pó,0.1128,0.1128,0.0,0,Em Produção,,Produção em andamento (OP não encerrada)
Movimentados - Processo 24.06.xlsm,Processo,Materia Prima,2026-06-23 00:00:00,9990111021,DEXTROSE,0.9085,0.9085,0.0,0,Em Produção,,Produção em andamento (OP não encerrada)
Movimentados - Processo 24.06.xlsm,Processo,Materia Prima,2026-06-23 00:00:00,9990111059,Cupuaçu Liofilizado,0.1459,0.1459,0.0,0,Em Produção,,Produção em andamento (OP não encerrada)
Movimentados - Processo 24.06.xlsm,Processo,Materia Prima,2026-06-23 00:00:00,9990111003,Creme de Leite UHT 25%,8.8889,8.8889,0.0,0,Em Produção,,Produção em andamento (OP não encerrada)
Movimentados - Processo 24.06.xlsm,Processo,Materia Prima,2026-06-23 00:00:00,0140106004,Açúcar Demerara,17,17,0,0,Em Produção,,Produção em andamento (OP não encerrada)
Movimentados - Processo 24.06.xlsm,Processo,Materia Prima,2026-06-23 00:00:00,9990111058,Tapereba Liofilizado,0.176,0.176,0.0,0,Em Produção,,Produção em andamento (OP não encerrada)
Movimentados - Processo 24.06.xlsm,Processo,Materia Prima,2026-06-23 00:00:00,9990111056,Castanha do Pará,1.4227,1.4227,0.0,0,Em Produção,,Produção em andamento (OP não encerrada)
Movimentados - Processo 24.06.xlsm,Processo,Materia Prima,2026-06-23 00:00:00,9990111006,Manteiga de Leite,0.9641,0.9641,0.0,0,Em Produção,,Produção em andamento (OP não encerrada)
Movimentados - Processo 24.06.xlsm,Processo,Materia Prima,2026-06-23 00:00:00,0140106804,Açúcar invertido,1.6894,1.6894,0.0,0,Em Produção,,Produção em andamento (OP não encerrada)
Movimentados - Processo 24.06.xlsm,Processo,Materia Prima,2026-06-23 00:00:00,9990111008,Xarope de glucose,7.3533,7.3533,0.0,0,Em Produção,,Produção em andamento (OP não encerrada)
Movimentados - Processo 24.06.xlsm,Processo,Materia Prima,2026-06-23 00:00:00,9990111005,Lecitina de Soja,1.905,1.905,0.0,0,Em Produção,,Produção em andamento (OP não encerrada)
Movimentados - Processo 24.06.xlsm,Processo,Produto Acabado,2026-06-23 00:00:00,9990111054,Sorbato de Potássio Granulado,0.3801,0.3801,0.0,0,Em Produção,,Produção em andamento (OP não encerrada)
Movimentados - Processo 24.06.xlsm,Processo,Produto Acabado,2026-06-23 00:00:00,05004138,Língua de Onça Int Praliné Flowpack 11g,0,307,307,-362.0451,OP pós Envio do relatório - OK,Não,Outros / não categorizado
Movimentados - Processo 24.06.xlsm,Processo,Produto Acabado,2026-06-23 00:00:00,05004014,MAGIO Língua de Onça Intso Praliné Cx80g,1,1,0,0,Em apontamento,,Aguardando apontamento de produção
Movimentados - Processo 24.06.xlsm,Processo,Produto em Processo,2026-06-23 00:00:00,0050305020,PP Língua de Onça intenso Praliné 5G,3136,3136,0,0,Em apontamento,,Aguardando apontamento de produção
Movimentados - Processo 24.06.xlsm,Processo,Produto em Processo,2026-06-23 00:00:00,0020305008,Massa de Chocolate - Mocajuba Intenso,5.6575,5.6575,0.0,0,Em Produção,,Produção em andamento (OP não encerrada)
Movimentados - Processo 24.06.xlsm,Processo,Produto em Processo,2026-06-23 00:00:00,0260303001,Nibs de Cacau Moju,11.5,11.5,0.0,0,Em Produção,,Produção em andamento (OP não encerrada)
Movimentados - Processo 24.06.xlsm,Processo,Produto em Processo,2026-06-23 00:00:00,0050305021,PP Língua de Onça intenso Praliné 11G,305,305,0,0,Em apontamento,,Aguardando apontamento de produção
Movimentados - Processo 24.06.xlsm,Processo,Produto em Processo,2026-06-23 00:00:00,9990315026,Polpa de Cupuaçu Reduzida,0.2474,0.2474,0.0,0,Em Produção,,Produção em andamento (OP não encerrada)
Movimentados - Processo 24.06.xlsm,Processo,Produto em Processo,2026-06-23 00:00:00,9990315027,Polpa de Tapereba Reduzida,0.8839,0.8839,0.0,0,Em Produção,,Produção em andamento (OP não encerrada)
Movimentados - Processo 24.06.xlsm,Processo,Produto em Processo,2026-06-23 00:00:00,0050305006,MASSA DE CHOCOLATE -AO LEITE   NF24,86.0603,86.0603,0.0,0,Em Produção,,Produção em andamento (OP não encerrada)
Movimentados - Processo 25.05.xlsm,Processo,Materia Prima,2026-05-25 00:00:00,9990111020,Avelã,10,10,0,0,OK,Não,Sem divergência real (falso positivo)
Movimentados - Processo 25.05.xlsm,Processo,Materia Prima,2026-05-25 00:00:00,9990111058,Tapereba Liofilizado,0.2512,0.2512,0.0,0,OK,Não,Sem divergência real (falso positivo)
Movimentados - Processo 25.05.xlsm,Processo,Materia Prima,2026-05-25 00:00:00,9990111059,Cupuaçu Liofilizado,0.3457,0.3457,0.0,0,OK,Não,Sem divergência real (falso positivo)
Movimentados - Processo 25.05.xlsm,Processo,Materia Prima,2026-05-25 00:00:00,0140106806,Açúcar Mascavo,2,2,0,0,OK,Não,Sem divergência real (falso positivo)
Movimentados - Processo 25.05.xlsm,Processo,Materia Prima,2026-05-25 00:00:00,0140106805,Açúcar refinado,39.4476,39.4476,0.0,0,OK,Não,Sem divergência real (falso positivo)
Movimentados - Processo 25.05.xlsm,Processo,Produto Acabado,2026-05-25 00:00:00,05004102,Lua Cheia Minis Chocolate ao Leite 100g,0,0,0,0,OK,Não,Sem divergência real (falso positivo)
Movimentados - Processo 25.06.xlsm,Processo,,2026-06-24 00:00:00,99901110702,Creme Culinário,2,2,0,0,OP em aberto Teste Industrial,,Produção em andamento (OP não encerrada)
Movimentados - Processo 25.06.xlsm,Processo,,2026-06-24 00:00:00,99901110601,Fermento Biológico Fresco,1,1,0,0,OP em aberto Teste Industrial,,Produção em andamento (OP não encerrada)
Movimentados - Processo 25.06.xlsm,Processo,,2026-06-24 00:00:00,99901110703,Gema de ovo pasteurizada,2,2,0,0,OP em aberto Teste Industrial,,Produção em andamento (OP não encerrada)
Movimentados - Processo 25.06.xlsm,Processo,Embalagem,2026-06-24 00:00:00,0190213060,Berço termoformado LO,431,431,0,0,Em Produção,,Produção em andamento (OP não encerrada)
Movimentados - Processo 25.06.xlsm,Processo,Embalagem,2026-06-24 00:00:00,0190213051,Caixa Base  LO 80g,440,440,0,0,Em Produção,,Produção em andamento (OP não encerrada)
Movimentados - Processo 25.06.xlsm,Processo,Embalagem,2026-06-24 00:00:00,9990712045,Etiqueta Lacre 2 - Adesivo transparente,955,955,0,0,Em Produção,,Produção em andamento (OP não encerrada)
Movimentados - Processo 25.06.xlsm,Processo,Materia Prima,2026-06-24 00:00:00,9990107001,MANTEIGA DE CACAU desodorizada,72.6774,72.6774,0.0,0,Em Produção,,Produção em andamento (OP não encerrada)
Movimentados - Processo 25.06.xlsm,Processo,Materia Prima,2026-06-24 00:00:00,9990111023,Sorbitol em Pó,1.1128,1.1128,0.0,0,Em Produção,,Produção em andamento (OP não encerrada)
Movimentados - Processo 25.06.xlsm,Processo,Materia Prima,2026-06-24 00:00:00,1113,Propianato de cálcio,1,1,0,0,OP em aberto Teste Industrial,,Produção em andamento (OP não encerrada)
Movimentados - Processo 25.06.xlsm,Processo,Materia Prima,2026-06-24 00:00:00,9990111021,DEXTROSE,1.4085,1.4085,0.0,0,Em Produção,,Produção em andamento (OP não encerrada)
Movimentados - Processo 25.06.xlsm,Processo,Materia Prima,2026-06-24 00:00:00,9990117003,Cacau em Pó Alcalino,1.7464,1.7464,0.0,0,Em Produção,,Produção em andamento (OP não encerrada)
Movimentados - Processo 25.06.xlsm,Processo,Materia Prima,2026-06-24 00:00:00,9990111074,Ovo de Galinha,20,20,0,0,OP em aberto Teste Industrial,,Produção em andamento (OP não encerrada)
Movimentados - Processo 25.06.xlsm,Processo,Produto em Processo,2026-06-24 00:00:00,0020305008,Massa de Chocolate - Mocajuba Intenso,5.482,5.482,0.0,0,Em Produção,,Produção em andamento (OP não encerrada)
Movimentados - Processo 25.06.xlsm,Processo,Produto em Processo,2026-06-24 00:00:00,9990311040,Colagem praliné para lua cheia,9.215,9.215,0.0,0,Em Produção,,Produção em andamento (OP não encerrada)
Movimentados - Processo 25.06.xlsm,Processo,Produto em Processo,2026-06-24 00:00:00,0260303001,Nibs de Cacau Moju,4.55,4.55,0.0,0,Em Produção,,Produção em andamento (OP não encerrada)
Movimentados - Processo 25.06.xlsm,Processo,Produto em Processo,2026-06-24 00:00:00,0050304005,LIQUOR DE CACAU - SAKAGUCHI  NT24,10,10,0,0,Em Produção,,Produção em andamento (OP não encerrada)
Movimentados - Processo 25.06.xlsm,Processo,Produto em Processo,2026-06-24 00:00:00,0050305006,MASSA DE CHOCOLATE -AO LEITE   NF24,86.0513,86.0513,0.0,0,Em Produção,,Produção em andamento (OP não encerrada)
Movimentados - Qualidade 04.05.xlsm,Qualidade,Materia Prima,2026-05-04 00:00:00,0050108008,Biscoito de castanha do Pará,2,2,0,0,Aguardando 1 Kg do PARA,Não,Outros / não categorizado
Movimentados - Qualidade 10.06.xlsm,Qualidade,Produto em Processo,2026-06-10 00:00:00,0100305002,Paiter Ao Leite Teste,0,0,0,0,ok,Não,Sem divergência real (falso positivo)
Movimentados - Qualidade 10.06.xlsm,Qualidade,Produto em Processo,2026-06-10 00:00:00,0100305001,Paiter Intenso Teste,0,0,0,0,ok,Não,Sem divergência real (falso positivo)
Movimentados - Qualidade 12.05.xlsm,Qualidade,Produto Acabado,2026-05-12 00:00:00,05004148,Caixa de Bombons M (14 bombons),1,1,0,0,Caixa para avaliação de qualidade - dar baixa,Não,Outros / não categorizado
Movimentados - Qualidade 13.05.xlsm,Qualidade,Produto Acabado,2026-05-13 00:00:00,05004148,Caixa de Bombons M (14 bombons),1,0,-1,20.1847,Baixa Para Degustação,Não,Outros / não categorizado
Movimentados - Qualidade 14.05.xlsm,Qualidade,Produto Acabado,2026-05-14 00:00:00,05004148,Caixa de Bombons M (14 bombons),0,0,0,0,OK,Não,Sem divergência real (falso positivo)
Movimentados - Qualidade 25.05.xlsm,Qualidade,Produto Acabado,2026-05-25 00:00:00,05104061,Língua de Onça Leite Praliné 5g,0,0,0,0,OK,Não,Sem divergência real (falso positivo)
Movimentados - Qualidade 25.05.xlsm,Qualidade,Produto Acabado,2026-05-25 00:00:00,05104081,Barra Recheada Maracujá Granel 80g,0,0,0,0,OK,Não,Sem divergência real (falso positivo)
