numero_op,sku_produto_final,sku_material,descricao_material,qtd_consumo,qtd_previsto,qtd_diferenca,data_registro,data_producao,status
2014,9990311009,0140106805,Açúcar refinado,0.2856,0.2856,0,2026-06-22,2026-06-16,Produzida
2014,9990311009,9990111000,Agua Mineral sem gás,0,0.3486,-0.3486,2026-06-22,2026-06-16,Produzida
2014,9990311009,9990111004,Baunilha em Fava,0.0004,0.0004,0,2026-06-22,2026-06-16,Produzida
2014,9990311009,9990111007,Clara em Pó,0.0136,0.0136,0,2026-06-22,2026-06-16,Produzida
2014,9990311009,9990111008,Xarope de glucose,0.3204,0.3204,0,2026-06-22,2026-06-16,Produzida
2014,9990311009,9990111009,Gelatina incolor,0.0144,0.0144,0,2026-06-22,2026-06-16,Produzida
2014,9990311009,9990311038,Recheio Caramelo Maracujá,0.047,0.047,0,2026-06-22,2026-06-16,Produzida
2046,0050321024,0050305006,MASSA DE CHOCOLATE -AO LEITE   NF24,3.808,3.808,0,2026-05-14,2026-05-12,Produzida
2046,0050321024,9990311030,Praliné de Avelã colagem,2.4117,1.4899,0.9218,2026-05-14,2026-05-12,Produzida
2046,0050321024,9990311038,Recheio Caramelo Maracujá,1.1,1.0997,0.0003,2026-05-14,2026-05-12,Produzida
2184,05004139,0050305014,PP LÍNGUA DE ONÇA 11G AO LEITE,1693,1695,-2,2026-06-09,2026-06-05,Produzida
2184,05004139,0050305014,PP LÍNGUA DE ONÇA 11G AO LEITE,1693,1695,-2,2026-06-10,2026-06-05,Produzida
2184,05004139,0190213090,Flowpack LO Leite,1693,1695,-2,2026-06-09,2026-06-05,Produzida
2184,05004139,0190213090,Flowpack LO Leite,1693,1695,-2,2026-06-10,2026-06-05,Produzida
2377,05104016,0050305006,MASSA DE CHOCOLATE -AO LEITE   NF24,0.1355,0.1355,0,2026-05-22,2026-05-20,Produzida
2377,05104016,9990311041,Ganache maracujá,0.2,0.2033,-0.0033,2026-05-22,2026-05-20,Produzida
2378,9990311041,0020305008,Massa de Chocolate - Mocajuba Intenso,0.0517,0,0.0517,2026-05-22,2026-05-20,Produzida
2378,9990311041,0050305006,MASSA DE CHOCOLATE -AO LEITE   NF24,0.0496,0.0092,0.0404,2026-05-22,2026-05-20,Produzida
2378,9990311041,0260305001,Massa de Chocolate - Moju Intenso,0,0.0824,-0.0824,2026-05-22,2026-05-20,Produzida
2378,9990311041,9990107001,MANTEIGA DE CACAU desodorizada,0.003,0.0015,0.0015,2026-05-22,2026-05-20,Produzida
2378,9990311041,9990111006,Manteiga de Leite,0.0106,0.0137,-0.0031,2026-05-22,2026-05-20,Produzida
2378,9990311041,9990111008,Xarope de glucose,0.0039,0.0168,-0.0129,2026-05-22,2026-05-20,Produzida
2378,9990311041,9990111021,DEXTROSE,0.0024,0.0229,-0.0205,2026-05-22,2026-05-20,Produzida
2378,9990311041,9990111023,Sorbitol em Pó,0.0083,0.0183,-0.01,2026-05-22,2026-05-20,Produzida
2378,9990311041,9990111053,MALTODEXTRINA DE10 1910,0.0018,0,0.0018,2026-05-22,2026-05-20,Produzida
2378,9990311041,9990111054,Sorbato de Potássio Granulado,0.0002,0,0.0002,2026-05-22,2026-05-20,Produzida
2378,9990311041,999011184,Maracujá Liofilizado,0,0.0024,-0.0024,2026-05-22,2026-05-20,Produzida
2378,9990311041,9990315025,Polpa de Maracujá Reduzida,0.0685,0.035,0.0335,2026-05-22,2026-05-20,Produzida
2494,05004140,0050305017,PP LÍNGUA DE ONÇA 11G INTENSO,2085,2085,0,2026-05-08,2026-05-05,Produzida
2494,05004140,0190213092,Flowpack LO Intenso,2117,2085,32,2026-05-08,2026-05-05,Produzida
3163,05104007,0020305008,Massa de Chocolate - Mocajuba Intenso,0.2475,0,0.2475,2026-05-18,2026-05-14,Produzida
3163,05104007,0260305001,Massa de Chocolate - Moju Intenso,0,0.2475,-0.2475,2026-05-18,2026-05-14,Produzida
3163,05104007,9990311030,Praliné de Avelã colagem,0.3025,0.3025,0,2026-05-18,2026-05-14,Produzida
4102,0050305019,0210305005,Massa de Cupuaçu  Sakaguchi - Reprocesso,1.18,0,1.18,2026-05-20,2026-05-19,Produzida
4102,0050305019,02104013,Sakaguchi Cupulate 50g,0,20.68,-20.68,2026-05-20,2026-05-19,Produzida
4101,05004141,0050305019,PP LÍNGUA DE ONÇA CUPUAÇU 11G,94,94,0,2026-05-22,2026-05-19,Produzida
4101,05004141,0190213094,Flowpack LO Cupulate,84,94,-10,2026-05-22,2026-05-19,Produzida
4100,9990311036,0050305006,MASSA DE CHOCOLATE -AO LEITE   NF24,0.0541,0.0458,0.0083,2026-05-20,2026-05-20,Produzida
4100,9990311036,0140106804,Açúcar invertido,0.0054,0,0.0054,2026-05-20,2026-05-20,Produzida
4100,9990311036,9990107001,MANTEIGA DE CACAU desodorizada,0,0.0008,-0.0008,2026-05-20,2026-05-20,Produzida
4100,9990311036,9990111006,Manteiga de Leite,0.0064,0.0068,-0.0004,2026-05-20,2026-05-20,Produzida
4100,9990311036,9990111008,Xarope de glucose,0,0.0084,-0.0084,2026-05-20,2026-05-20,Produzida
4100,9990311036,9990111021,DEXTROSE,0,0.0114,-0.0114,2026-05-20,2026-05-20,Produzida
4100,9990311036,9990111023,Sorbitol em Pó,0,0.0092,-0.0092,2026-05-20,2026-05-20,Produzida
4100,9990311036,9990111026,Sal,0.0001,0,0.0001,2026-05-20,2026-05-20,Produzida
4100,9990311036,9990111053,MALTODEXTRINA DE10 1910,0.0001,0,0.0001,2026-05-20,2026-05-20,Produzida
4100,9990311036,9990111054,Sorbato de Potássio Granulado,0.0001,0,0.0001,2026-05-20,2026-05-20,Produzida
4100,9990311036,9990111059,Cupuaçu Liofilizado,0,0.004,-0.004,2026-05-20,2026-05-20,Produzida
4100,9990311036,9990315026,Polpa de Cupuaçu Reduzida,0.0331,0.0175,0.0156,2026-05-20,2026-05-20,Produzida
4099,05104018,0050305006,MASSA DE CHOCOLATE -AO LEITE   NF24,0.077,0.077,0,2026-05-20,2026-05-20,Produzida
4099,05104018,9990311036,Ganache Cupuaçu,0.1,0.1155,-0.0155,2026-05-20,2026-05-20,Produzida
4098,05104122,0020305008,Massa de Chocolate - Mocajuba Intenso,0.2301,0,0.2301,2026-05-20,2026-05-20,Produzida
4098,05104122,0050305006,MASSA DE CHOCOLATE -AO LEITE   NF24,0.1701,0,0.1701,2026-05-20,2026-05-20,Produzida
4097,0050305034,0050305006,MASSA DE CHOCOLATE -AO LEITE   NF24,2.552,2.552,0,2026-05-20,2026-05-19,Produzida
4097,0050305034,0050305006,MASSA DE CHOCOLATE -AO LEITE   NF24,2.552,2.552,0,2026-05-22,2026-05-19,Produzida
4097,0050305034,9990311031,Praliné Pistache colagem,3.828,3.828,0,2026-05-20,2026-05-19,Produzida
4097,0050305034,9990311031,Praliné Pistache colagem,3.828,3.828,0,2026-05-22,2026-05-19,Produzida
4096,05004143,0050305034,Barra Recheada Pistache 29g,220,220,0,2026-05-22,2026-05-19,Produzida
4096,05004143,0190213102,Flowpack ES Chocolate Lt Pistache 29g,220,220,0,2026-05-22,2026-05-19,Produzida
4095,0050321013,0050305006,MASSA DE CHOCOLATE -AO LEITE   NF24,2.808,2.808,0,2026-05-20,2026-05-19,Produzida
4095,0050321013,9990311030,Praliné de Avelã colagem,3.592,3.592,0,2026-05-20,2026-05-19,Produzida
4094,05004057,0050321013,Barras com recheios - 80g  com praliné,80,80,0,2026-05-20,2026-05-20,Produzida
4094,05004057,0190213056,Envelope plastico transparente,80,80,0,2026-05-20,2026-05-20,Produzida
4094,05004057,0190213164,Caixa ES Ao Leite Praliné Avelã,80,80,0,2026-05-20,2026-05-20,Produzida
4094,05004057,019021424,CARTÃO QR,80,80,0,2026-05-20,2026-05-20,Produzida
4093,0050305017,0020305008,Massa de Chocolate - Mocajuba Intenso,1.089,0,1.089,2026-05-20,2026-05-19,Produzida
4093,0050305017,0260305001,Massa de Chocolate - Moju Intenso,0,1.089,-1.089,2026-05-20,2026-05-19,Produzida
4093,0050305017,9990307008,Pomada de manteiga de cacau,0,0.011,-0.011,2026-05-20,2026-05-19,Produzida
4092,05104027,0050305017,PP LÍNGUA DE ONÇA 11G INTENSO,100,100,0,2026-05-20,2026-05-19,Produzida
4091,0050305014,0050305006,MASSA DE CHOCOLATE -AO LEITE   NF24,1.2343,1.089,0.1453,2026-05-20,2026-05-19,Produzida
4091,0050305014,9990307008,Pomada de manteiga de cacau,0,0.011,-0.011,2026-05-20,2026-05-19,Produzida
4090,05104026,0050305014,PP LÍNGUA DE ONÇA 11G AO LEITE,100,100,0,2026-05-20,2026-05-19,Produzida
4089,0100305002,0100303003,Nibs de Cacau - Paiter Suruí (RO),0.14,0.14,0,2026-05-20,2026-05-16,Produzida
4089,0100305002,0140106004,Açúcar Demerara,0.34,0.34,0,2026-05-20,2026-05-16,Produzida
4089,0100305002,03001001,Leite em Pó integral,0.28,0.28,0,2026-05-20,2026-05-16,Produzida
4089,0100305002,9990107001,MANTEIGA DE CACAU desodorizada,0.24,0.24,0,2026-05-20,2026-05-16,Produzida
4088,0100305001,0100303003,Nibs de Cacau - Paiter Suruí (RO),0.57,0.57,0,2026-05-20,2026-05-15,Produzida
4088,0100305001,0140106004,Açúcar Demerara,0.37,0.37,0,2026-05-20,2026-05-15,Produzida
4088,0100305001,9990107001,MANTEIGA DE CACAU desodorizada,0.06,0.06,0,2026-05-20,2026-05-15,Produzida
4086,0050308014,0050308011,Biscoito de castanha do Pará banhado com,15,15,0,2026-05-20,2026-05-19,Produzida
4086,0050308014,9970212004,ETIQ PIMACO A4348 LASER 100F 9600UND,0,100,-100,2026-05-20,2026-05-19,Produzida
4086,0050308014,9990115001,SAQUINHO BIODEGRADAVEL COMPOSTAVEL,0,0.33,-0.33,2026-05-20,2026-05-19,Produzida
4085,0050308011,0050108008,Biscoito de castanha do Pará,7.9645,7.9645,0,2026-05-20,2026-05-19,Produzida
4085,0050308011,0050111002,Aromatizante Puxuri,0.003,0.003,0,2026-05-20,2026-05-19,Produzida
4085,0050308011,0050305009,Massa de Chocolate - Chocolate 60% - Sak,7.0055,7.0055,0,2026-05-20,2026-05-19,Produzida
4085,0050308011,9990111001,Flor de Sal,0.027,0.027,0,2026-05-20,2026-05-19,Produzida
4084,0050315004,0050111003,Semente de Cumaru,0.002,0.0018,0.0002,2026-05-19,2026-05-14,Produzida
4084,0050315004,0050305006,MASSA DE CHOCOLATE -AO LEITE   NF24,1.3114,1.3114,0,2026-05-19,2026-05-14,Produzida
4084,0050315004,9990111003,Creme de Leite UHT 25%,0.5231,0.5231,0,2026-05-19,2026-05-14,Produzida
3528,05104110,0050305006,MASSA DE CHOCOLATE -AO LEITE   NF24,0.081,0.081,0,2026-05-11,2026-05-08,Produzida
3528,05104110,9990311030,Praliné de Avelã colagem,0.0829,0.099,-0.0161,2026-05-11,2026-05-08,Produzida
4083,0020315004,0020305008,Massa de Chocolate - Mocajuba Intenso,1.05,0,1.05,2026-05-19,2026-05-19,Produzida
4083,0020315004,0260305001,Massa de Chocolate - Moju Intenso,0,1.05,-1.05,2026-05-19,2026-05-19,Produzida
4083,0020315004,9990111003,Creme de Leite UHT 25%,0.35,0.35,0,2026-05-19,2026-05-19,Produzida
4082,0020315003,0020305008,Massa de Chocolate - Mocajuba Intenso,0.5134,0,0.5134,2026-05-19,2026-05-19,Produzida
4082,0020315003,0050111003,Semente de Cumaru,0.002,0.0009,0.0011,2026-05-19,2026-05-19,Produzida
4082,0020315003,0260305001,Massa de Chocolate - Moju Intenso,0,0.5134,-0.5134,2026-05-19,2026-05-19,Produzida
4082,0020315003,9990111003,Creme de Leite UHT 25%,0.4044,0.4043,0.0001,2026-05-19,2026-05-19,Produzida
4081,05104122,0020305008,Massa de Chocolate - Mocajuba Intenso,1.1537,0,1.1537,2026-05-19,2026-05-19,Produzida
4080,05104122,0050305035,Massa Choco ao leite com Castanha Pará,0.362,0,0.362,2026-05-19,2026-05-19,Produzida
4080,05104122,0500305002,Massa de Chocolate Branco - teste 2025,0.248,0,0.248,2026-05-19,2026-05-19,Produzida
4079,05104122,0050305006,MASSA DE CHOCOLATE -AO LEITE   NF24,0.9889,0,0.9889,2026-05-19,2026-05-19,Produzida
4078,05104122,0050305006,MASSA DE CHOCOLATE -AO LEITE   NF24,2.22,0,2.22,2026-05-19,2026-05-19,Produzida
4077,0050305010,0050305006,MASSA DE CHOCOLATE -AO LEITE   NF24,6.1776,6.2103,-0.0327,2026-05-19,2026-05-14,Produzida
4077,0050305010,9990307008,Pomada de manteiga de cacau,0,0.0627,-0.0627,2026-05-19,2026-05-14,Produzida
4077,0050305010,9990311030,Praliné de Avelã colagem,4.48,4.182,0.298,2026-05-19,2026-05-14,Produzida
4076,05004016,0050305010,PP LÍNGUA DE ONÇA 5G PRALINÉ,2080,2080,0,2026-05-19,2026-05-19,Produzida
4076,05004016,0050305010,PP LÍNGUA DE ONÇA 5G PRALINÉ,2080,2080,0,2026-05-20,2026-05-19,Produzida
4076,05004016,0190213051,Caixa Base  LO 80g,130,130,0,2026-05-19,2026-05-19,Produzida
4076,05004016,0190213051,Caixa Base  LO 80g,130,130,0,2026-05-20,2026-05-19,Produzida
4076,05004016,0190213052,Luva LO 80GR ao leite com Praliné,130,130,0,2026-05-19,2026-05-19,Produzida
4076,05004016,0190213052,Luva LO 80GR ao leite com Praliné,130,130,0,2026-05-20,2026-05-19,Produzida
4076,05004016,0190213060,Berço termoformado LO,130,130,0,2026-05-19,2026-05-19,Produzida
4076,05004016,0190213060,Berço termoformado LO,130,130,0,2026-05-20,2026-05-19,Produzida
4076,05004016,019021424,CARTÃO QR,130,130,0,2026-05-19,2026-05-19,Produzida
4076,05004016,019021424,CARTÃO QR,130,130,0,2026-05-20,2026-05-19,Produzida
4076,05004016,9990712045,Etiqueta Lacre 2 - Adesivo transparente,130,130,0,2026-05-19,2026-05-19,Produzida
4076,05004016,9990712045,Etiqueta Lacre 2 - Adesivo transparente,130,130,0,2026-05-20,2026-05-19,Produzida
4075,0020304004,0020303003,Nibs de Cacau - Mocajuba (PA),7.2,6.6,0.6,2026-05-19,2026-05-15,Produzida
4074,0020305008,0020304004,Liquor de Cacau - Mocajuba (PA),6.6,6.6,0,2026-05-19,2026-05-15,Produzida
4074,0020305008,0140106004,Açúcar Demerara,4.582,4.32,0.262,2026-05-19,2026-05-15,Produzida
4074,0020305008,9990107001,MANTEIGA DE CACAU desodorizada,0.96,0.96,0,2026-05-19,2026-05-15,Produzida
4074,0020305008,9990111005,Lecitina de Soja,0.036,0.036,0,2026-05-19,2026-05-15,Produzida
4073,05104122,0020305008,Massa de Chocolate - Mocajuba Intenso,0.065,0,0.065,2026-05-19,2026-05-19,Produzida
4073,05104122,0050305006,MASSA DE CHOCOLATE -AO LEITE   NF24,0.195,0,0.195,2026-05-19,2026-05-19,Produzida
4073,05104122,0500305002,Massa de Chocolate Branco - teste 2025,0.04,0,0.04,2026-05-19,2026-05-19,Produzida
4072,05104059,0050305006,MASSA DE CHOCOLATE -AO LEITE   NF24,0,0.462,-0.462,2026-05-19,2026-05-14,Produzida
4072,05104059,05104018,"Bombom SF Leite Ganache de Cupuaçu 7,7g",84,0,84,2026-05-19,2026-05-14,Produzida
4072,05104059,9990311042,Recheio Doce de Cupuaçu,0,0.378,-0.378,2026-05-19,2026-05-14,Produzida
4071,0050305013,0050305006,MASSA DE CHOCOLATE -AO LEITE   NF24,0.495,0.495,0,2026-05-18,2026-05-15,Produzida
4071,0050305013,9990307008,Pomada de manteiga de cacau,0,0.005,-0.005,2026-05-18,2026-05-15,Produzida
4070,05104060,0050305013,PP LÍNGUA DE ONÇA 5G AO LEITE,100,100,0,2026-05-18,2026-05-18,Produzida
4068,05104081,0050321024,Barra 80 GR  Caram de Maracujá+praliné,2,2,0,2026-05-18,2026-05-14,Produzida
4068,05104081,0190213056,Envelope plastico transparente,2,2,0,2026-05-18,2026-05-14,Produzida
4067,9990311036,0050305006,MASSA DE CHOCOLATE -AO LEITE   NF24,0.1623,0.1374,0.0249,2026-05-18,2026-05-14,Produzida
4067,9990311036,0140106804,Açúcar invertido,0.0162,0,0.0162,2026-05-18,2026-05-14,Produzida
4067,9990311036,9990107001,MANTEIGA DE CACAU desodorizada,0,0.0023,-0.0023,2026-05-18,2026-05-14,Produzida
4067,9990311036,9990111006,Manteiga de Leite,0.0192,0.0205,-0.0013,2026-05-18,2026-05-14,Produzida
4067,9990311036,9990111008,Xarope de glucose,0,0.0252,-0.0252,2026-05-18,2026-05-14,Produzida
4067,9990311036,9990111021,DEXTROSE,0,0.0343,-0.0343,2026-05-18,2026-05-14,Produzida
4067,9990311036,9990111023,Sorbitol em Pó,0,0.0275,-0.0275,2026-05-18,2026-05-14,Produzida
4067,9990311036,9990111026,Sal,0.0003,0,0.0003,2026-05-18,2026-05-14,Produzida
4067,9990311036,9990111053,MALTODEXTRINA DE10 1910,0.0002,0,0.0002,2026-05-18,2026-05-14,Produzida
4067,9990311036,9990111054,Sorbato de Potássio Granulado,0.0003,0,0.0003,2026-05-18,2026-05-14,Produzida
4067,9990311036,9990111059,Cupuaçu Liofilizado,0,0.012,-0.012,2026-05-18,2026-05-14,Produzida
4067,9990311036,9990311036,Ganache Cupuaçu,0.5,0,0.5,2026-05-18,2026-05-14,Produzida
4067,9990311036,9990315026,Polpa de Cupuaçu Reduzida,0.0993,0.0526,0.0467,2026-05-18,2026-05-14,Produzida
4065,05104018,0050305006,MASSA DE CHOCOLATE -AO LEITE   NF24,0.2587,0.2587,0,2026-05-18,2026-05-14,Produzida
4065,05104018,9990311036,Ganache Cupuaçu,0.3,0.3881,-0.0881,2026-05-18,2026-05-14,Produzida
4064,05104012,0050305006,MASSA DE CHOCOLATE -AO LEITE   NF24,0.2025,0.2025,0,2026-05-18,2026-05-14,Produzida
4064,05104012,9990311031,Praliné Pistache colagem,0.2475,0.2475,0,2026-05-18,2026-05-14,Produzida
4063,9990311041,0020305008,Massa de Chocolate - Mocajuba Intenso,0.0569,0,0.0569,2026-05-18,2026-05-14,Produzida
4063,9990311041,0050305006,MASSA DE CHOCOLATE -AO LEITE   NF24,0.0545,0.0101,0.0444,2026-05-18,2026-05-14,Produzida
4063,9990311041,0260305001,Massa de Chocolate - Moju Intenso,0,0.0907,-0.0907,2026-05-18,2026-05-14,Produzida
4063,9990311041,9990107001,MANTEIGA DE CACAU desodorizada,0.0033,0.0017,0.0016,2026-05-18,2026-05-14,Produzida
4063,9990311041,9990111006,Manteiga de Leite,0.0116,0.015,-0.0034,2026-05-18,2026-05-14,Produzida
4063,9990311041,9990111008,Xarope de glucose,0.0043,0.0185,-0.0142,2026-05-18,2026-05-14,Produzida
4063,9990311041,9990111021,DEXTROSE,0.0026,0.0252,-0.0226,2026-05-18,2026-05-14,Produzida
4063,9990311041,9990111023,Sorbitol em Pó,0.0091,0.0202,-0.0111,2026-05-18,2026-05-14,Produzida
4063,9990311041,9990111053,MALTODEXTRINA DE10 1910,0.002,0,0.002,2026-05-18,2026-05-14,Produzida
4063,9990311041,9990111054,Sorbato de Potássio Granulado,0.0003,0,0.0003,2026-05-18,2026-05-14,Produzida
4063,9990311041,999011184,Maracujá Liofilizado,0,0.0026,-0.0026,2026-05-18,2026-05-14,Produzida
4063,9990311041,9990315025,Polpa de Maracujá Reduzida,0.0753,0.0385,0.0368,2026-05-18,2026-05-14,Produzida
4062,05104016,0050305006,MASSA DE CHOCOLATE -AO LEITE   NF24,0.1448,0.1448,0,2026-05-18,2026-05-14,Produzida
4062,05104016,9990311041,Ganache maracujá,0.22,0.2171,0.0029,2026-05-18,2026-05-14,Produzida
4061,9990315024,0050305006,MASSA DE CHOCOLATE -AO LEITE   NF24,0.4354,0.4354,0,2026-05-18,2026-05-14,Produzida
4061,9990315024,0140106804,Açúcar invertido,0.023,0.023,0,2026-05-18,2026-05-14,Produzida
4061,9990315024,9990111003,Creme de Leite UHT 25%,0.1452,0.1452,0,2026-05-18,2026-05-14,Produzida
4061,9990315024,9990111006,Manteiga de Leite,0.0201,0.0201,0,2026-05-18,2026-05-14,Produzida
4061,9990315024,9990111023,Sorbitol em Pó,0.0173,0.0173,0,2026-05-18,2026-05-14,Produzida
4061,9990315024,9990311004,Praliné Pistache,0.36,0.3592,0.0008,2026-05-18,2026-05-14,Produzida
4060,05104022,0050305006,MASSA DE CHOCOLATE -AO LEITE   NF24,0.135,0.135,0,2026-05-18,2026-05-14,Produzida
4060,05104022,9990111010,Pistache,0,0.0324,-0.0324,2026-05-18,2026-05-14,Produzida
4060,05104022,9990315024,Massa de trufa de Pistache,1,0.9126,0.0874,2026-05-18,2026-05-14,Produzida
4059,9990311025,0020305008,Massa de Chocolate - Mocajuba Intenso,0.0829,0,0.0829,2026-05-18,2026-05-14,Produzida
4059,9990311025,0140106804,Açúcar invertido,0.0074,0.0082,-0.0008,2026-05-18,2026-05-14,Produzida
4059,9990311025,0260305001,Massa de Chocolate - Moju Intenso,0,0.0877,-0.0877,2026-05-18,2026-05-14,Produzida
4059,9990311025,9990107001,MANTEIGA DE CACAU desodorizada,0,0.0015,-0.0015,2026-05-18,2026-05-14,Produzida
4059,9990311025,9990111003,Creme de Leite UHT 25%,0.0483,0.037,0.0113,2026-05-18,2026-05-14,Produzida
4059,9990311025,9990111006,Manteiga de Leite,0.0052,0.0068,-0.0016,2026-05-18,2026-05-14,Produzida
4059,9990311025,9990111023,Sorbitol em Pó,0.0046,0.0088,-0.0042,2026-05-18,2026-05-14,Produzida
4059,9990311025,9990111053,MALTODEXTRINA DE10 1910,0.0014,0,0.0014,2026-05-18,2026-05-14,Produzida
4059,9990311025,9990111054,Sorbato de Potássio Granulado,0.0002,0,0.0002,2026-05-18,2026-05-14,Produzida
4058,05104071,0020305008,Massa de Chocolate - Mocajuba Intenso,0.108,0,0.108,2026-05-18,2026-05-14,Produzida
4058,05104071,0260305001,Massa de Chocolate - Moju Intenso,0,0.108,-0.108,2026-05-18,2026-05-14,Produzida
4058,05104071,9990311025,Ganache Chocolate intenso,0.15,0.132,0.018,2026-05-18,2026-05-14,Produzida
4057,05104008,0050305006,MASSA DE CHOCOLATE -AO LEITE   NF24,0.225,0.225,0,2026-05-18,2026-05-14,Produzida
4057,05104008,9990311030,Praliné de Avelã colagem,0.275,0.275,0,2026-05-18,2026-05-14,Produzida
4056,0050321024,0050305006,MASSA DE CHOCOLATE -AO LEITE   NF24,11,9.6628,1.3372,2026-05-18,2026-05-14,Produzida
4056,0050321024,9990311030,Praliné de Avelã colagem,4.43,3.7807,0.6493,2026-05-18,2026-05-14,Produzida
4056,0050321024,9990311038,Recheio Caramelo Maracujá,2.7341,2.7904,-0.0563,2026-05-18,2026-05-14,Produzida
4055,05004097,0050321024,Barra 80 GR  Caram de Maracujá+praliné,201,201,0,2026-05-18,2026-05-18,Produzida
4055,05004097,0050321024,Barra 80 GR  Caram de Maracujá+praliné,201,201,0,2026-05-19,2026-05-18,Produzida
4055,05004097,0190213056,Envelope plastico transparente,201,201,0,2026-05-18,2026-05-18,Produzida
4055,05004097,0190213056,Envelope plastico transparente,201,201,0,2026-05-19,2026-05-18,Produzida
4055,05004097,0190213165,Caixa ES Ao Leite com Praliné e Maracujá,201,201,0,2026-05-18,2026-05-18,Produzida
4055,05004097,0190213165,Caixa ES Ao Leite com Praliné e Maracujá,201,201,0,2026-05-19,2026-05-18,Produzida
4055,05004097,019021424,CARTÃO QR,201,201,0,2026-05-18,2026-05-18,Produzida
4055,05004097,019021424,CARTÃO QR,201,201,0,2026-05-19,2026-05-18,Produzida
4054,9990311045,0050111003,Semente de Cumaru,0.002,0.002,0,2026-05-19,2026-05-14,Produzida
4054,9990311045,0140106805,Açúcar refinado,0.2,0.2,0,2026-05-19,2026-05-14,Produzida
4053,0020315002,0020305008,Massa de Chocolate - Mocajuba Intenso,0.602,0,0.602,2026-05-19,2026-05-19,Produzida
4053,0020315002,0050111003,Semente de Cumaru,0.004,0.0034,0.0006,2026-05-19,2026-05-19,Produzida
4053,0020315002,0140106805,Açúcar refinado,0.3168,0.3169,-0.0001,2026-05-19,2026-05-19,Produzida
4053,0020315002,0140106806,Açúcar Mascavo,0.6338,0.6337,0.0001,2026-05-19,2026-05-19,Produzida
4053,0020315002,0260305001,Massa de Chocolate - Moju Intenso,0,0.602,-0.602,2026-05-19,2026-05-19,Produzida
4053,0020315002,9990111006,Manteiga de Leite,0.8,0.9506,-0.1506,2026-05-19,2026-05-19,Produzida
4053,0020315002,9990111068,Farinha de Trigo,0.6,0.2377,0.3623,2026-05-19,2026-05-19,Produzida
4053,0020315002,99901110703,Gema de ovo pasteurizada,0,0.1095,-0.1095,2026-05-19,2026-05-19,Produzida
4053,0020315002,99901110704,Clara de ovo pasteurizada,0,0.4165,-0.4165,2026-05-19,2026-05-19,Produzida
4053,0020315002,9990111074,Ovo de Galinha,18,0,18,2026-05-19,2026-05-19,Produzida
4053,0020315002,9990117003,Cacau em Pó Alcalino,0.636,0.1268,0.5092,2026-05-19,2026-05-19,Produzida
4053,0020315002,9990311045,Calda Bolo de Chocolate,0.6,0,0.6,2026-05-19,2026-05-19,Produzida
4052,0020315001,0020315002,Massa Do Bolo de Chocolate,3.4,3.4,0,2026-05-19,2026-05-19,Produzida
4052,0020315001,0020315003,Recheio Intenso Bolo de Chocolate,0.92,0.92,0,2026-05-19,2026-05-19,Produzida
4052,0020315001,0020315004,Cobertura Bolo de Chocolate,1.4,1.4,0,2026-05-19,2026-05-19,Produzida
4052,0020315001,0050315004,Recheio Ao Leite Bolo de Chocolate,1.84,1.84,0,2026-05-19,2026-05-19,Produzida
4052,0020315001,9990311045,Calda Bolo de Chocolate,0,0.4,-0.4,2026-05-19,2026-05-19,Produzida
4050,0050305010,0050305006,MASSA DE CHOCOLATE -AO LEITE   NF24,9.409,9.409,0,2026-05-14,2026-05-13,Produzida
4050,0050305010,9990307008,Pomada de manteiga de cacau,0,0.095,-0.095,2026-05-14,2026-05-13,Produzida
4050,0050305010,9990311030,Praliné de Avelã colagem,8.315,6.336,1.979,2026-05-14,2026-05-13,Produzida
4049,05004016,0050305010,PP LÍNGUA DE ONÇA 5G PRALINÉ,3168,3168,0,2026-05-14,2026-05-14,Produzida
4049,05004016,0050305010,PP LÍNGUA DE ONÇA 5G PRALINÉ,3168,3168,0,2026-05-15,2026-05-14,Produzida
4049,05004016,0190213051,Caixa Base  LO 80g,198,198,0,2026-05-14,2026-05-14,Produzida
4049,05004016,0190213051,Caixa Base  LO 80g,198,198,0,2026-05-15,2026-05-14,Produzida
4049,05004016,0190213052,Luva LO 80GR ao leite com Praliné,198,198,0,2026-05-14,2026-05-14,Produzida
4049,05004016,0190213052,Luva LO 80GR ao leite com Praliné,198,198,0,2026-05-15,2026-05-14,Produzida
4049,05004016,0190213060,Berço termoformado LO,198,198,0,2026-05-14,2026-05-14,Produzida
4049,05004016,0190213060,Berço termoformado LO,198,198,0,2026-05-15,2026-05-14,Produzida
4049,05004016,019021424,CARTÃO QR,198,198,0,2026-05-14,2026-05-14,Produzida
4049,05004016,019021424,CARTÃO QR,198,198,0,2026-05-15,2026-05-14,Produzida
4049,05004016,9990712045,Etiqueta Lacre 2 - Adesivo transparente,198,198,0,2026-05-14,2026-05-14,Produzida
4049,05004016,9990712045,Etiqueta Lacre 2 - Adesivo transparente,198,198,0,2026-05-15,2026-05-14,Produzida
4047,05104081,0050321024,Barra 80 GR  Caram de Maracujá+praliné,3,3,0,2026-05-14,2026-05-14,Produzida
4047,05104081,0190213056,Envelope plastico transparente,34,3,31,2026-05-14,2026-05-14,Produzida
4046,05004097,0050321024,Barra 80 GR  Caram de Maracujá+praliné,77,77,0,2026-05-14,2026-05-14,Produzida
4046,05004097,0190213056,Envelope plastico transparente,77,77,0,2026-05-14,2026-05-14,Produzida
4046,05004097,0190213165,Caixa ES Ao Leite com Praliné e Maracujá,77,77,0,2026-05-14,2026-05-14,Produzida
4046,05004097,019021424,CARTÃO QR,77,77,0,2026-05-14,2026-05-14,Produzida
4045,9990311031,0050305006,MASSA DE CHOCOLATE -AO LEITE   NF24,1.766,1.766,0,2026-05-14,2026-05-14,Produzida
4045,9990311031,9990107001,MANTEIGA DE CACAU desodorizada,0.524,0.524,0,2026-05-14,2026-05-14,Produzida
4045,9990311031,9990307008,Pomada de manteiga de cacau,0,0.0829,-0.0829,2026-05-14,2026-05-14,Produzida
4045,9990311031,9990311004,Praliné Pistache,6,5.5182,0.4818,2026-05-14,2026-05-14,Produzida
4044,9990311031,0050305006,MASSA DE CHOCOLATE -AO LEITE   NF24,1.9271,1.9271,0,2026-05-14,2026-05-14,Produzida
4044,9990311031,9990107001,MANTEIGA DE CACAU desodorizada,0.5718,0.5718,0,2026-05-14,2026-05-14,Produzida
4044,9990311031,9990307008,Pomada de manteiga de cacau,0,0.0904,-0.0904,2026-05-14,2026-05-14,Produzida
4044,9990311031,9990311004,Praliné Pistache,6.0762,6.0217,0.0545,2026-05-14,2026-05-14,Produzida
4043,9990311031,0050305006,MASSA DE CHOCOLATE -AO LEITE   NF24,1.8958,1.8958,0,2026-05-14,2026-05-14,Produzida
4043,9990311031,9990107001,MANTEIGA DE CACAU desodorizada,0.5625,0.5625,0,2026-05-14,2026-05-14,Produzida
4043,9990311031,9990307008,Pomada de manteiga de cacau,0,0.0889,-0.0889,2026-05-14,2026-05-14,Produzida
4043,9990311031,9990311004,Praliné Pistache,5.9238,5.9238,0,2026-05-14,2026-05-14,Produzida
4042,9990311004,0140106805,Açúcar refinado,4,9.7575,-5.7575,2026-05-14,2026-05-11,Produzida
4042,9990311004,03001001,Leite em Pó integral,0.7,0.6525,0.0475,2026-05-14,2026-05-11,Produzida
4042,9990311004,9990111010,Pistache,12.1466,11.6725,0.4741,2026-05-14,2026-05-11,Produzida
4042,9990311004,9990111031,Amêndoa,3,2.9175,0.0825,2026-05-14,2026-05-11,Produzida
4041,9990311031,0050305006,MASSA DE CHOCOLATE -AO LEITE   NF24,1.3755,1.3755,0,2026-05-14,2026-05-14,Produzida
4041,9990311031,9990107001,MANTEIGA DE CACAU desodorizada,0.4081,0.4081,0,2026-05-14,2026-05-14,Produzida
4041,9990311031,9990307008,Pomada de manteiga de cacau,0,0.0645,-0.0645,2026-05-14,2026-05-14,Produzida
4041,9990311031,9990311004,Praliné Pistache,6,4.2979,1.7021,2026-05-14,2026-05-14,Produzida
4040,9990311030,0050305006,MASSA DE CHOCOLATE -AO LEITE   NF24,1.7515,1.7515,0,2026-05-14,2026-05-14,Produzida
4040,9990311030,9990107001,MANTEIGA DE CACAU desodorizada,0.5196,0.5196,0,2026-05-14,2026-05-14,Produzida
4040,9990311030,9990307008,Pomada de manteiga de cacau,0,0.0822,-0.0822,2026-05-14,2026-05-14,Produzida
4040,9990311030,9990311043,Praliné de Avelã,6,5.4727,0.5273,2026-05-14,2026-05-14,Produzida
4039,9990311030,0050305006,MASSA DE CHOCOLATE -AO LEITE   NF24,1.7626,1.7626,0,2026-05-14,2026-05-13,Produzida
4039,9990311030,9990107001,MANTEIGA DE CACAU desodorizada,0.523,0.523,0,2026-05-14,2026-05-13,Produzida
4039,9990311030,9990307008,Pomada de manteiga de cacau,0,0.0827,-0.0827,2026-05-14,2026-05-13,Produzida
4039,9990311030,9990311043,Praliné de Avelã,6,5.5077,0.4923,2026-05-14,2026-05-13,Produzida
4038,9990311043,0140106805,Açúcar refinado,9.922,7.6,2.322,2026-05-14,2026-05-11,Produzida
4038,9990311043,9990111020,Avelã,10,11.4,-1.4,2026-05-14,2026-05-11,Produzida
4038,9990311043,9990311043,Praliné de Avelã,1.142,0,1.142,2026-05-14,2026-05-11,Produzida
4037,9990311030,0050305006,MASSA DE CHOCOLATE -AO LEITE   NF24,1.6507,1.6507,0,2026-05-14,2026-05-14,Produzida
4037,9990311030,9990107001,MANTEIGA DE CACAU desodorizada,0.4898,0.4898,0,2026-05-14,2026-05-14,Produzida
4037,9990311030,9990307008,Pomada de manteiga de cacau,0,0.0774,-0.0774,2026-05-14,2026-05-14,Produzida
4037,9990311030,9990311043,Praliné de Avelã,6,5.158,0.842,2026-05-14,2026-05-14,Produzida
4036,0050305009,0050304004,Liquor de Cacau - Sakaguchi (PA),6,6,0,2026-05-19,2026-05-14,Produzida
4036,0050305009,0140106004,Açúcar Demerara,3,3,0,2026-05-19,2026-05-14,Produzida
4036,0050305009,9990107001,MANTEIGA DE CACAU desodorizada,1.4,0,1.4,2026-05-19,2026-05-14,Produzida
4036,0050305009,9990307005,Manteiga de Cacau Yanomami terc,0,1.4,-1.4,2026-05-19,2026-05-14,Produzida
4033,0080302002,0080301006,Amêndoa de Cupuaçu Aprovada - Santa Bárb,25,25,0,2026-05-13,2026-05-13,Produzida
4030,05104033,0050305025,FORMIGUEIRO MARACUJÁ 16g,65,65,0,2026-05-13,2026-05-12,Produzida
4029,9990311009,0140106805,Açúcar refinado,0.3142,0.3142,0,2026-05-13,2026-05-12,Produzida
4029,9990311009,9990111000,Agua Mineral sem gás,0,0.3835,-0.3835,2026-05-13,2026-05-12,Produzida
4029,9990311009,9990111004,Baunilha em Fava,0.0004,0.0004,0,2026-05-13,2026-05-12,Produzida
4029,9990311009,9990111007,Clara em Pó,0.015,0.015,0,2026-05-13,2026-05-12,Produzida
4029,9990311009,9990111008,Xarope de glucose,0.3626,0.3524,0.0102,2026-05-13,2026-05-12,Produzida
4029,9990311009,9990111009,Gelatina incolor,0.0158,0.0158,0,2026-05-13,2026-05-12,Produzida
4029,9990311009,9990311009,Recheio Yara Maracujá,0.016,0,0.016,2026-05-13,2026-05-12,Produzida
4029,9990311009,9990311038,Recheio Caramelo Maracujá,0.0517,0.0517,0,2026-05-13,2026-05-12,Produzida
4028,0050305025,0050305006,MASSA DE CHOCOLATE -AO LEITE   NF24,2.688,2.688,0,2026-05-13,2026-05-12,Produzida
4028,0050305025,9990311009,Recheio Yara Maracujá,1.1,1.064,0.036,2026-05-13,2026-05-12,Produzida
4028,0050305025,9990311038,Recheio Caramelo Maracujá,0.8,0.728,0.072,2026-05-13,2026-05-12,Produzida
4027,05004043,0050305025,FORMIGUEIRO MARACUJÁ 16g,215,215,0,2026-05-14,2026-05-14,Produzida
4027,05004043,0190213072,Caixa formigueiro Maracuja,43,43,0,2026-05-14,2026-05-14,Produzida
4027,05004043,019021424,CARTÃO QR,43,43,0,2026-05-14,2026-05-14,Produzida
4027,05004043,9990712045,Etiqueta Lacre 2 - Adesivo transparente,0,43,-43,2026-05-14,2026-05-14,Produzida
4026,05104122,9990111056,Castanha do Pará,0.0289,0,0.0289,2026-05-13,2026-05-07,Produzida
4025,05104122,0050305006,MASSA DE CHOCOLATE -AO LEITE   NF24,0.18,0,0.18,2026-05-13,2026-05-07,Produzida
4023,05104122,0050305006,MASSA DE CHOCOLATE -AO LEITE   NF24,0.198,0,0.198,2026-05-13,2026-05-06,Produzida
4022,05104122,9990111006,Manteiga de Leite,0.16,0,0.16,2026-05-13,2026-05-05,Produzida
4022,05104122,9990111056,Castanha do Pará,0.132,0,0.132,2026-05-13,2026-05-05,Produzida
4022,05104122,9990111068,Farinha de Trigo,0.4,0,0.4,2026-05-13,2026-05-05,Produzida
4022,05104122,9990111073,Castanha de Caju,0.132,0,0.132,2026-05-13,2026-05-05,Produzida
4022,05104122,999011108,FERMENTO QUIMICO,0.1,0,0.1,2026-05-13,2026-05-05,Produzida
4021,05104122,0050305006,MASSA DE CHOCOLATE -AO LEITE   NF24,0.05,0,0.05,2026-05-13,2026-05-04,Produzida
4020,0050305010,0050305006,MASSA DE CHOCOLATE -AO LEITE   NF24,6.8429,6.8429,0,2026-05-12,2026-05-12,Produzida
4020,0050305010,9990307008,Pomada de manteiga de cacau,0,0.0691,-0.0691,2026-05-12,2026-05-12,Produzida
4020,0050305010,9990311030,Praliné de Avelã colagem,4.608,4.608,0,2026-05-12,2026-05-12,Produzida
4019,05004016,0050305010,PP LÍNGUA DE ONÇA 5G PRALINÉ,2304,2304,0,2026-05-13,2026-05-13,Produzida
4019,05004016,0190213051,Caixa Base  LO 80g,144,144,0,2026-05-13,2026-05-13,Produzida
4019,05004016,0190213052,Luva LO 80GR ao leite com Praliné,144,144,0,2026-05-13,2026-05-13,Produzida
4019,05004016,0190213060,Berço termoformado LO,144,144,0,2026-05-13,2026-05-13,Produzida
4019,05004016,019021424,CARTÃO QR,144,144,0,2026-05-13,2026-05-13,Produzida
4019,05004016,9990712045,Etiqueta Lacre 2 - Adesivo transparente,144,144,0,2026-05-13,2026-05-13,Produzida
4014,0020302002,0020301006,Amêndoa de Cacau Seca Aprovada - Mocajub,7.92,7.92,0,2026-05-12,2026-05-12,Produzida
4012,0080303003,0080302002,Amêndoa de Cupuaçu Torrada - Santa Bárba,63.52,63.8,-0.28,2026-05-13,2026-05-13,Produzida
4011,0080305004,0080303003,Nibs de Cupuaçu - Santa Bárbara (PA),14.5,0,14.5,2026-05-13,2026-05-13,Produzida
4011,0080305004,0080304008,Liquor de Cupuaçu - Santa Bárbara (PA),0,14.5,-14.5,2026-05-13,2026-05-13,Produzida
4011,0080305004,0140106004,Açúcar Demerara,6.25,6.25,0,2026-05-13,2026-05-13,Produzida
4011,0080305004,9990107001,MANTEIGA DE CACAU desodorizada,4.25,4.25,0,2026-05-13,2026-05-13,Produzida
4010,0050308015,0050308012,BISCOITO DE CASTANHA DO PARÁ COM COBERTU,15,15,0,2026-05-12,2026-05-12,Produzida
4010,0050308015,9970212004,ETIQ PIMACO A4348 LASER 100F 9600UND,0,100,-100,2026-05-12,2026-05-12,Produzida
4010,0050308015,9990115001,SAQUINHO BIODEGRADAVEL COMPOSTAVEL,0,0.33,-0.33,2026-05-12,2026-05-12,Produzida
4009,0050308012,0050108008,Biscoito de castanha do Pará,7.9486,7.9486,0,2026-05-12,2026-05-12,Produzida
4009,0050308012,0210305004,Massa  de Cupuaçu - Sakaguchi,7.0484,7.0484,0,2026-05-12,2026-05-12,Produzida
4009,0050308012,9990111001,Flor de Sal,0.003,0.003,0,2026-05-12,2026-05-12,Produzida
4008,0210305004,0050303010,LIQUOR DE CUPUAÇU -SAKAGUCHI,0,7.56,-7.56,2026-05-12,2026-05-12,Produzida
4008,0210305004,0140106004,Açúcar Demerara,2.38,2.38,0,2026-05-12,2026-05-12,Produzida
4008,0210305004,0210303001,Nibs de Cupuaçu - Sakaguchi,7.56,0,7.56,2026-05-12,2026-05-12,Produzida
4008,0210305004,9990107001,MANTEIGA DE CACAU desodorizada,4.06,4.06,0,2026-05-12,2026-05-12,Produzida
4006,0070304004,0070303003,Nibs de Cacau - Yanomami (RR),0.908,2.3,-1.392,2026-05-12,2026-05-12,Produzida
4005,0070305011,0070304004,Liquor de Cacau - Yanomami (RR),2.3,2.2968,0.0032,2026-05-12,2026-05-12,Produzida
4005,0070305011,0140106004,Açúcar Demerara,0,1.5034,-1.5034,2026-05-12,2026-05-12,Produzida
4005,0070305011,9990107001,MANTEIGA DE CACAU desodorizada,0.2506,0.2506,0,2026-05-12,2026-05-12,Produzida
4005,0070305011,9990111005,Lecitina de Soja,0.0042,0.0042,0,2026-05-12,2026-05-12,Produzida
4004,0260305001,0140106004,Açúcar Demerara,1.418,1.3673,0.0507,2026-05-12,2026-05-12,Produzida
4004,0260305001,0260303001,Nibs de Cacau Moju,2.5,0,2.5,2026-05-12,2026-05-12,Produzida
4004,0260305001,0260304001,Liquor de Cacau - Moju,0,2.1003,-2.1003,2026-05-12,2026-05-12,Produzida
4004,0260305001,9990107001,MANTEIGA DE CACAU desodorizada,0.2279,0.319,-0.0911,2026-05-12,2026-05-12,Produzida
4004,0260305001,9990111005,Lecitina de Soja,0.038,0.0114,0.0266,2026-05-12,2026-05-12,Produzida
4003,0020303003,0020302002,Amêndoa de Cacau Torrada - Mocajuba (PA),7.92,7.92,0,2026-05-12,2026-05-12,Produzida
4002,0050305006,0050304004,Liquor de Cacau - Sakaguchi (PA),11.294,0,11.294,2026-05-12,2026-05-11,Produzida
4002,0050305006,0050304005,LIQUOR DE CACAU - SAKAGUCHI  NT24,0,12,-12,2026-05-12,2026-05-11,Produzida
4002,0050305006,0140106805,Açúcar refinado,45,33.7,11.3,2026-05-12,2026-05-11,Produzida
4002,0050305006,03001001,Leite em Pó integral,29.676,25,4.676,2026-05-12,2026-05-11,Produzida
4002,0050305006,9990107001,MANTEIGA DE CACAU desodorizada,40,29,11,2026-05-12,2026-05-11,Produzida
4002,0050305006,9990111005,Lecitina de Soja,0.3,0.3,0,2026-05-12,2026-05-11,Produzida
4001,9990315024,0050305006,MASSA DE CHOCOLATE -AO LEITE   NF24,0.2612,0.2612,0,2026-05-12,2026-05-12,Produzida
4001,9990315024,0140106804,Açúcar invertido,0.0138,0.0138,0,2026-05-12,2026-05-12,Produzida
4001,9990315024,9990111003,Creme de Leite UHT 25%,0.0871,0.0871,0,2026-05-12,2026-05-12,Produzida
4001,9990315024,9990111006,Manteiga de Leite,0.07,0.0121,0.0579,2026-05-12,2026-05-12,Produzida
4001,9990315024,9990111023,Sorbitol em Pó,0.0109,0.0104,0.0005,2026-05-12,2026-05-12,Produzida
4001,9990315024,9990311004,Praliné Pistache,0,0.2155,-0.2155,2026-05-12,2026-05-12,Produzida
4000,05104022,0050305006,MASSA DE CHOCOLATE -AO LEITE   NF24,0.0875,0.0875,0,2026-05-12,2026-05-08,Produzida
4000,05104022,9990111010,Pistache,0.021,0.021,0,2026-05-12,2026-05-08,Produzida
4000,05104022,9990315024,Massa de trufa de Pistache,0.6,0.5915,0.0085,2026-05-12,2026-05-08,Produzida
3999,9990315022,0020305008,Massa de Chocolate - Mocajuba Intenso,0.4,0,0.4,2026-05-12,2026-05-08,Produzida
3999,9990315022,0140106804,Açúcar invertido,0.5,0.0234,0.4766,2026-05-12,2026-05-08,Produzida
3999,9990315022,0260305001,Massa de Chocolate - Moju Intenso,0,0.3189,-0.3189,2026-05-12,2026-05-08,Produzida
3999,9990315022,9990111003,Creme de Leite UHT 25%,0.125,0.125,0,2026-05-12,2026-05-08,Produzida
3999,9990315022,9990111006,Manteiga de Leite,0.05,0.018,0.032,2026-05-12,2026-05-08,Produzida
3999,9990315022,9990111023,Sorbitol em Pó,0.0148,0.0148,0,2026-05-12,2026-05-08,Produzida
3998,05104020,0020305008,Massa de Chocolate - Mocajuba Intenso,0.104,0,0.104,2026-05-12,2026-05-08,Produzida
3998,05104020,0260305001,Massa de Chocolate - Moju Intenso,0,0.104,-0.104,2026-05-12,2026-05-08,Produzida
3998,05104020,9990117003,Cacau em Pó Alcalino,0.026,0.26,-0.234,2026-05-12,2026-05-08,Produzida
3998,05104020,9990315022,Massa de trufa Intenso,0.5,0.442,0.058,2026-05-12,2026-05-08,Produzida
3997,05104121,0050305006,MASSA DE CHOCOLATE -AO LEITE   NF24,0.528,0.528,0,2026-05-11,2026-05-08,Produzida
3995,0050321024,0050305006,MASSA DE CHOCOLATE -AO LEITE   NF24,3.7604,3.7604,0,2026-05-12,2026-05-08,Produzida
3995,0050321024,9990311030,Praliné de Avelã colagem,1.4713,1.4713,0,2026-05-12,2026-05-08,Produzida
3995,0050321024,9990311038,Recheio Caramelo Maracujá,1.086,1.0859,0.0001,2026-05-12,2026-05-08,Produzida
3994,05004097,0050321024,Barra 80 GR  Caram de Maracujá+praliné,79,79,0,2026-05-12,2026-05-12,Produzida
3994,05004097,0190213056,Envelope plastico transparente,79,79,0,2026-05-12,2026-05-12,Produzida
3994,05004097,0190213165,Caixa ES Ao Leite com Praliné e Maracujá,79,79,0,2026-05-12,2026-05-12,Produzida
3994,05004097,019021424,CARTÃO QR,79,79,0,2026-05-12,2026-05-12,Produzida
3993,05104118,0050305006,MASSA DE CHOCOLATE -AO LEITE   NF24,0.2909,0.2909,0,2026-05-11,2026-05-08,Produzida
3993,05104118,9990111056,Castanha do Pará,0.0291,0.0291,0,2026-05-11,2026-05-08,Produzida
3992,0050305014,0050305006,MASSA DE CHOCOLATE -AO LEITE   NF24,0.6534,0.6534,0,2026-05-11,2026-05-11,Produzida
3992,0050305014,9990307008,Pomada de manteiga de cacau,0,0.0066,-0.0066,2026-05-11,2026-05-11,Produzida
3991,05104026,0050305014,PP LÍNGUA DE ONÇA 11G AO LEITE,60,60,0,2026-05-11,2026-05-11,Produzida
3990,9990311041,0020305008,Massa de Chocolate - Mocajuba Intenso,0.0569,0,0.0569,2026-05-11,2026-05-08,Produzida
3990,9990311041,0050305006,MASSA DE CHOCOLATE -AO LEITE   NF24,0.0545,0.0101,0.0444,2026-05-11,2026-05-08,Produzida
3990,9990311041,0260305001,Massa de Chocolate - Moju Intenso,0,0.0907,-0.0907,2026-05-11,2026-05-08,Produzida
3990,9990311041,9990107001,MANTEIGA DE CACAU desodorizada,0.0033,0.0017,0.0016,2026-05-11,2026-05-08,Produzida
3990,9990311041,9990111006,Manteiga de Leite,0.0116,0.015,-0.0034,2026-05-11,2026-05-08,Produzida
3990,9990311041,9990111008,Xarope de glucose,0.0043,0.0185,-0.0142,2026-05-11,2026-05-08,Produzida
3990,9990311041,9990111021,DEXTROSE,0.0026,0.0252,-0.0226,2026-05-11,2026-05-08,Produzida
3990,9990311041,9990111023,Sorbitol em Pó,0.0091,0.0202,-0.0111,2026-05-11,2026-05-08,Produzida
3990,9990311041,9990111053,MALTODEXTRINA DE10 1910,0.002,0,0.002,2026-05-11,2026-05-08,Produzida
3990,9990311041,9990111054,Sorbato de Potássio Granulado,0.0003,0,0.0003,2026-05-11,2026-05-08,Produzida
3990,9990311041,999011184,Maracujá Liofilizado,0,0.0026,-0.0026,2026-05-11,2026-05-08,Produzida
3990,9990311041,9990315025,Polpa de Maracujá Reduzida,0.0753,0.0385,0.0368,2026-05-11,2026-05-08,Produzida
3989,05104117,0050305006,MASSA DE CHOCOLATE -AO LEITE   NF24,0.162,0.162,0,2026-05-11,2026-05-08,Produzida
3989,05104117,9990311041,Ganache maracujá,0.22,0.198,0.022,2026-05-11,2026-05-08,Produzida
3987,9990311013,0050305006,MASSA DE CHOCOLATE -AO LEITE   NF24,0.0956,0.097,-0.0014,2026-05-11,2026-05-08,Produzida
3987,9990311013,9990107001,MANTEIGA DE CACAU desodorizada,0.0028,0,0.0028,2026-05-11,2026-05-08,Produzida
3987,9990311013,9990111006,Manteiga de Leite,0.0101,0.0145,-0.0044,2026-05-11,2026-05-08,Produzida
3987,9990311013,9990111008,Xarope de glucose,0.0036,0.0178,-0.0142,2026-05-11,2026-05-08,Produzida
3987,9990311013,9990111021,DEXTROSE,0.0024,0.0242,-0.0218,2026-05-11,2026-05-08,Produzida
3987,9990311013,9990111023,Sorbitol em Pó,0.0079,0.0194,-0.0115,2026-05-11,2026-05-08,Produzida
3987,9990311013,9990111053,MALTODEXTRINA DE10 1910,0.0019,0,0.0019,2026-05-11,2026-05-08,Produzida
3987,9990311013,9990111054,Sorbato de Potássio Granulado,0.0002,0,0.0002,2026-05-11,2026-05-08,Produzida
3987,9990311013,9990111058,Tapereba Liofilizado,0.0161,0.0176,-0.0015,2026-05-11,2026-05-08,Produzida
3987,9990311013,9990315027,Polpa de Tapereba Reduzida,0.0795,0.0371,0.0424,2026-05-11,2026-05-08,Produzida
3986,05104116,0020305008,Massa de Chocolate - Mocajuba Intenso,1,0,1,2026-05-11,2026-05-08,Produzida
3986,05104116,0260305001,Massa de Chocolate - Moju Intenso,0,0.18,-0.18,2026-05-11,2026-05-08,Produzida
3986,05104116,9990311013,Ganache de Taperebá,0.22,0.22,0,2026-05-11,2026-05-08,Produzida
3837,0050305026,0050305006,MASSA DE CHOCOLATE -AO LEITE   NF24,0.5723,0.5723,0,2026-06-05,2026-06-02,Produzida
3837,0050305026,9990111042,Xerem de Castanha de Caju,0.2286,0.3201,-0.0915,2026-06-05,2026-06-02,Produzida
3837,0050305026,9990311040,Colagem praliné para lua cheia,4.1438,3.9576,0.1862,2026-06-05,2026-06-02,Produzida
3985,9990311042,0050305006,MASSA DE CHOCOLATE -AO LEITE   NF24,0.1072,0.1008,0.0064,2026-05-11,2026-05-08,Produzida
3985,9990311042,0140106804,Açúcar invertido,0.0107,0,0.0107,2026-05-11,2026-05-08,Produzida
3985,9990311042,9990107001,MANTEIGA DE CACAU desodorizada,0,0.0017,-0.0017,2026-05-11,2026-05-08,Produzida
3985,9990311042,9990111006,Manteiga de Leite,0.0126,0.015,-0.0024,2026-05-11,2026-05-08,Produzida
3985,9990311042,9990111008,Xarope de glucose,0,0.0185,-0.0185,2026-05-11,2026-05-08,Produzida
3985,9990311042,9990111021,DEXTROSE,0.002,0.0252,-0.0232,2026-05-11,2026-05-08,Produzida
3985,9990311042,9990111023,Sorbitol em Pó,0.0118,0.0202,-0.0084,2026-05-11,2026-05-08,Produzida
3985,9990311042,9990111026,Sal,0.0002,0,0.0002,2026-05-11,2026-05-08,Produzida
3985,9990311042,9990111053,MALTODEXTRINA DE10 1910,0.0018,0,0.0018,2026-05-11,2026-05-08,Produzida
3985,9990311042,9990111054,Sorbato de Potássio Granulado,0.0002,0,0.0002,2026-05-11,2026-05-08,Produzida
3985,9990311042,9990111059,Cupuaçu Liofilizado,0.0079,0.0088,-0.0009,2026-05-11,2026-05-08,Produzida
3985,9990311042,9990315026,Polpa de Cupuaçu Reduzida,0.0656,0.0385,0.0271,2026-05-11,2026-05-08,Produzida
3984,05104115,0050305006,MASSA DE CHOCOLATE -AO LEITE   NF24,0.18,0.18,0,2026-05-11,2026-05-08,Produzida
3984,05104115,9990311042,Recheio Doce de Cupuaçu,0.22,0.22,0,2026-05-11,2026-05-08,Produzida
3983,05104114,0050305006,MASSA DE CHOCOLATE -AO LEITE   NF24,0.09,0.09,0,2026-05-11,2026-05-08,Produzida
3983,05104114,9990311031,Praliné Pistache colagem,0,0.11,-0.11,2026-05-11,2026-05-08,Produzida
3854,05104056,0050305021,PP Língua de Onça intenso Praliné 11G,51,51,0,2026-06-23,2026-06-17,Produzida
3981,05104113,0050305006,MASSA DE CHOCOLATE -AO LEITE   NF24,0.22,0.22,0,2026-05-11,2026-05-08,Produzida
3979,9990311025,0020305008,Massa de Chocolate - Mocajuba Intenso,0.0663,0,0.0663,2026-05-11,2026-05-08,Produzida
3979,9990311025,0140106804,Açúcar invertido,0.0059,0.0065,-0.0006,2026-05-11,2026-05-08,Produzida
3979,9990311025,0260305001,Massa de Chocolate - Moju Intenso,0,0.0702,-0.0702,2026-05-11,2026-05-08,Produzida
3979,9990311025,9990107001,MANTEIGA DE CACAU desodorizada,0,0.0012,-0.0012,2026-05-11,2026-05-08,Produzida
3979,9990311025,9990111003,Creme de Leite UHT 25%,0.0387,0.0296,0.0091,2026-05-11,2026-05-08,Produzida
3979,9990311025,9990111006,Manteiga de Leite,0.0042,0.0055,-0.0013,2026-05-11,2026-05-08,Produzida
3979,9990311025,9990111023,Sorbitol em Pó,0.0037,0.007,-0.0033,2026-05-11,2026-05-08,Produzida
3979,9990311025,9990111053,MALTODEXTRINA DE10 1910,0.0011,0,0.0011,2026-05-11,2026-05-08,Produzida
3979,9990311025,9990111054,Sorbato de Potássio Granulado,0.0001,0,0.0001,2026-05-11,2026-05-08,Produzida
3978,05104112,0020305008,Massa de Chocolate - Mocajuba Intenso,0.099,0,0.099,2026-05-11,2026-05-08,Produzida
3978,05104112,0260305001,Massa de Chocolate - Moju Intenso,0,0.099,-0.099,2026-05-11,2026-05-08,Produzida
3978,05104112,9990311025,Ganache Chocolate intenso,0.12,0.121,-0.001,2026-05-11,2026-05-08,Produzida
3977,05104111,0020305008,Massa de Chocolate - Mocajuba Intenso,0.081,0,0.081,2026-05-11,2026-05-08,Produzida
3977,05104111,0260305001,Massa de Chocolate - Moju Intenso,0,0.081,-0.081,2026-05-11,2026-05-08,Produzida
3977,05104111,9990311030,Praliné de Avelã colagem,0.099,0.099,0,2026-05-11,2026-05-08,Produzida
3976,0050305026,0050305006,MASSA DE CHOCOLATE -AO LEITE   NF24,0.0472,0.0472,0,2026-05-11,2026-05-08,Produzida
3976,0050305026,9990111042,Xerem de Castanha de Caju,0.25,0.0264,0.2236,2026-05-11,2026-05-08,Produzida
3976,0050305026,9990311040,Colagem praliné para lua cheia,0.3264,0.3264,0,2026-05-11,2026-05-08,Produzida
3975,05104109,0050305026,Mini Lua Cheia Ao Leite 10g,40,40,0,2026-05-11,2026-05-08,Produzida
3974,05004149,0190213117,Caixa 30 bombons,10,10,0,2026-05-11,2026-05-11,Produzida
3974,05004149,0190213124,Forminha para Bombons Caixas,300,300,0,2026-05-11,2026-05-11,Produzida
3974,05004149,0190213125,Tampa Caixa 30 bombons,10,10,0,2026-05-11,2026-05-11,Produzida
3974,05004149,0190213135,Folder das Caixas de 30 Bombons,0,10,-10,2026-05-11,2026-05-11,Produzida
3974,05004149,01902131561,Candy Pad branco caixa 30,0,10,-10,2026-05-11,2026-05-11,Produzida
3974,05004149,019021424,CARTÃO QR,0,10,-10,2026-05-11,2026-05-11,Produzida
3974,05004149,05104109,Bombom NM Mini Lua Cheia ao Leite 10g,40,40,0,2026-05-11,2026-05-11,Produzida
3974,05004149,05104110,Bombom NM Choc Lt Praliné de Avelã 9g,20,20,0,2026-05-11,2026-05-11,Produzida
3974,05004149,05104111,Bombom NM Choc Int Praliné de Avelã 9g,20,20,0,2026-05-11,2026-05-11,Produzida
3974,05004149,05104112,Bombom NM Choc Int Ganache Int 11g,20,20,0,2026-05-11,2026-05-11,Produzida
3974,05004149,05104113,Bombom NM Chocolate ao Leite 11g,20,20,0,2026-05-11,2026-05-11,Produzida
3974,05004149,05104114,Bombom NM Chocolate Leite Pistache 10g,20,20,0,2026-05-11,2026-05-11,Produzida
3974,05004149,05104115,Bombom NM Choc Lt  Doce de Cupuaçu 10g,40,40,0,2026-05-11,2026-05-11,Produzida
3974,05004149,05104116,Bombom NM Chocolate Intenso Taperebá 10g,40,40,0,2026-05-11,2026-05-11,Produzida
3974,05004149,05104117,Bombom NM Chocolate LT Maracujá 9g,40,40,0,2026-05-11,2026-05-11,Produzida
3974,05004149,05104118,Bombom NM Choc Lt Castanha do Pará 8g,40,40,0,2026-05-11,2026-05-11,Produzida
3972,0210305005,05104028,Língua de Onça Cupulate 11g,100,0,100,2026-05-11,2026-05-08,Produzida
3971,0050305015,0050305006,MASSA DE CHOCOLATE -AO LEITE   NF24,7.7101,7.7101,0,2026-05-11,2026-05-07,Produzida
3971,0050305015,9990307008,Pomada de manteiga de cacau,0,0.0779,-0.0779,2026-05-11,2026-05-07,Produzida
3971,0050305015,9990311030,Praliné de Avelã colagem,4.8921,5.192,-0.2999,2026-05-11,2026-05-07,Produzida
3899,05004151,0190213131,Caixa SSAL SIMPLES,25,25,0,2026-05-08,2026-05-08,Produzida
3899,05004151,0190213132,Envelope SSAL,25,25,0,2026-05-08,2026-05-08,Produzida
3899,05004151,0190213138,Folder informação nutricional SSAL,25,25,0,2026-05-08,2026-05-08,Produzida
3899,05004151,0190213141,Foto A4 Paisagem Pico,25,25,0,2026-05-08,2026-05-08,Produzida
3899,05004151,0190213152,Candy Pad Caixa Simples SSAL,25,0,25,2026-05-08,2026-05-08,Produzida
3899,05004151,0190213154,Candy Pad Caixa 7 camadas black,0,25,-25,2026-05-08,2026-05-08,Produzida
3899,05004151,019021424,CARTÃO QR,25,25,0,2026-05-08,2026-05-08,Produzida
3899,05004151,05104097,Bombom SSAL Choc Lt praliné de avelã 9g,100,100,0,2026-05-08,2026-05-08,Produzida
3899,05004151,05104098,Bombom SSAL Choc Lt Doce Cupu 10 g,100,100,0,2026-05-08,2026-05-08,Produzida
3899,05004151,05104099,Bombom SSAL Choc Lt Castanha do Pará 8g,100,100,0,2026-05-08,2026-05-08,Produzida
3899,05004151,05104101,Bombom SSAL Choc Branco Nibs 8g,100,100,0,2026-05-08,2026-05-08,Produzida
3899,05004151,05104103,Bombom SSAL Choc Int Ganache Int 9g,100,100,0,2026-05-08,2026-05-08,Produzida
3899,05004151,05104104,Bombom SSAL Choc Int Taperebá 10g,100,100,0,2026-05-08,2026-05-08,Produzida
3899,05004151,945,Folder SSAL,25,25,0,2026-05-08,2026-05-08,Produzida
3899,05004151,9990712064,"ADESIVO SSAL- 3,5X5,5CM",25,50,-25,2026-05-08,2026-05-08,Produzida
3899,05004151,9990712068,"ADESIVO SSAL - 1,1X4,5CM",25,100,-75,2026-05-08,2026-05-08,Produzida
3970,05004017,0050305015,PP LÍNGUA DE ONÇA 11G PRALINÉ,1180,1182,-2,2026-05-11,2026-05-07,Produzida
3970,05004017,0050305015,PP LÍNGUA DE ONÇA 11G PRALINÉ,1180,1182,-2,2026-05-14,2026-05-07,Produzida
3970,05004017,0190213091,Flowpack LO Leite c/ Praliné,1180,1182,-2,2026-05-11,2026-05-07,Produzida
3970,05004017,0190213091,Flowpack LO Leite c/ Praliné,1180,1182,-2,2026-05-14,2026-05-07,Produzida
3967,9990315024,0050305006,MASSA DE CHOCOLATE -AO LEITE   NF24,0.3048,0.3048,0,2026-05-08,2026-05-07,Produzida
3967,9990315024,0140106804,Açúcar invertido,0.0161,0.0161,0,2026-05-08,2026-05-07,Produzida
3967,9990315024,9990111003,Creme de Leite UHT 25%,0.1016,0.1016,0,2026-05-08,2026-05-07,Produzida
3967,9990315024,9990111006,Manteiga de Leite,0.0141,0.0141,0,2026-05-08,2026-05-07,Produzida
3967,9990315024,9990111023,Sorbitol em Pó,0.0121,0.0121,0,2026-05-08,2026-05-07,Produzida
3967,9990315024,9990311004,Praliné Pistache,0,0.2514,-0.2514,2026-05-08,2026-05-07,Produzida
3966,05104022,0050305006,MASSA DE CHOCOLATE -AO LEITE   NF24,0.1,0.1,0,2026-05-08,2026-05-07,Produzida
3966,05104022,9990111010,Pistache,0.024,0.024,0,2026-05-08,2026-05-07,Produzida
3966,05104022,9990315024,Massa de trufa de Pistache,0.7,0.676,0.024,2026-05-08,2026-05-07,Produzida
3965,9990315022,0020305008,Massa de Chocolate - Mocajuba Intenso,0.4464,0,0.4464,2026-05-08,2026-05-08,Produzida
3965,9990315022,0140106804,Açúcar invertido,0.0328,0.0328,0,2026-05-08,2026-05-08,Produzida
3965,9990315022,0260305001,Massa de Chocolate - Moju Intenso,0,0.4464,-0.4464,2026-05-08,2026-05-08,Produzida
3965,9990315022,9990111003,Creme de Leite UHT 25%,0.175,0.175,0,2026-05-08,2026-05-08,Produzida
3965,9990315022,9990111006,Manteiga de Leite,0.0251,0.0251,0,2026-05-08,2026-05-08,Produzida
3965,9990315022,9990111023,Sorbitol em Pó,0.0207,0.0207,0,2026-05-08,2026-05-08,Produzida
3964,05104020,0020305008,Massa de Chocolate - Mocajuba Intenso,0.16,0,0.16,2026-05-08,2026-05-07,Produzida
3964,05104020,0260305001,Massa de Chocolate - Moju Intenso,0,0.16,-0.16,2026-05-08,2026-05-07,Produzida
3964,05104020,9990117003,Cacau em Pó Alcalino,0.04,0.4,-0.36,2026-05-08,2026-05-07,Produzida
3964,05104020,9990315022,Massa de trufa Intenso,0.7,0.68,0.02,2026-05-08,2026-05-07,Produzida
3923,0210303001,0050302010,Amêndoa de Cupuaçu Torrada - SAKAGUCHI,105,110,-5,2026-05-12,2026-05-12,Produzida
3963,0050305021,0020305008,Massa de Chocolate - Mocajuba Intenso,15,0,15,2026-05-08,2026-05-06,Produzida
3963,0050305021,0260305001,Massa de Chocolate - Moju Intenso,0,7.4416,-7.4416,2026-05-08,2026-05-06,Produzida
3963,0050305021,9990307008,Pomada de manteiga de cacau,0,0.0752,-0.0752,2026-05-08,2026-05-06,Produzida
3963,0050305021,9990311030,Praliné de Avelã colagem,7.785,5.0112,2.7738,2026-05-08,2026-05-06,Produzida
3931,05004047,0050308014,Biscoito 150 gr com choco,50,50,0,2026-05-04,2026-05-04,Produzida
3931,05004047,0190213062,Caixa Biscoitos Fundo choco,50,50,0,2026-05-04,2026-05-04,Produzida
3931,05004047,0190213063,Caixa Biscoitos luva choco,50,50,0,2026-05-04,2026-05-04,Produzida
3931,05004047,019021424,CARTÃO QR,50,50,0,2026-05-04,2026-05-04,Produzida
3931,05004047,9990712045,Etiqueta Lacre 2 - Adesivo transparente,50,50,0,2026-05-04,2026-05-04,Produzida
3961,05004138,0050305021,PP Língua de Onça intenso Praliné 11G,1044,1164,-120,2026-05-11,2026-05-06,Produzida
3961,05004138,0050305021,PP Língua de Onça intenso Praliné 11G,1044,1164,-120,2026-05-14,2026-05-06,Produzida
3961,05004138,0190213093,Flowpack LO Intenso c/ Praliné,1044,1164,-120,2026-05-11,2026-05-06,Produzida
3961,05004138,0190213093,Flowpack LO Intenso c/ Praliné,1044,1164,-120,2026-05-14,2026-05-06,Produzida
3933,05004043,0050305025,FORMIGUEIRO MARACUJÁ 16g,245,245,0,2026-05-05,2026-05-05,Produzida
3933,05004043,0190213072,Caixa formigueiro Maracuja,49,49,0,2026-05-05,2026-05-05,Produzida
3933,05004043,019021424,CARTÃO QR,49,49,0,2026-05-05,2026-05-05,Produzida
3933,05004043,9990712045,Etiqueta Lacre 2 - Adesivo transparente,49,49,0,2026-05-05,2026-05-05,Produzida
3959,0050305014,0050305006,MASSA DE CHOCOLATE -AO LEITE   NF24,9.0169,9.0169,0,2026-05-08,2026-05-07,Produzida
3959,0050305014,9990307008,Pomada de manteiga de cacau,0,0.0911,-0.0911,2026-05-08,2026-05-07,Produzida
3936,05104033,0050305025,FORMIGUEIRO MARACUJÁ 16g,51,50,1,2026-05-05,2026-05-05,Produzida
3936,05104033,0190213098,Caixa Esfirra N2,1,0,1,2026-05-05,2026-05-05,Produzida
3958,05004139,0050305014,PP LÍNGUA DE ONÇA 11G AO LEITE,830,825,5,2026-05-11,2026-05-07,Produzida
3958,05004139,0190213090,Flowpack LO Leite,813,825,-12,2026-05-11,2026-05-07,Produzida
3938,05104121,0050305006,MASSA DE CHOCOLATE -AO LEITE   NF24,1.4,1.4,0,2026-05-05,2026-05-05,Produzida
3939,05104022,0050305006,MASSA DE CHOCOLATE -AO LEITE   NF24,0.1,0.1,0,2026-05-06,2026-05-06,Produzida
3939,05104022,9990111010,Pistache,0.024,0.024,0,2026-05-06,2026-05-06,Produzida
3939,05104022,9990315024,Massa de trufa de Pistache,0.7,0.676,0.024,2026-05-06,2026-05-06,Produzida
3957,0050305036,0050304006,Liquor Sakaguchi Colagem,0,2.8,-2.8,2026-05-11,2026-05-07,Produzida
3957,0050305036,05104060,Língua de Onça Chocolate ao Leite 5g,636,0,636,2026-05-11,2026-05-07,Produzida
3940,9990315024,0050305006,MASSA DE CHOCOLATE -AO LEITE   NF24,0.3048,0.3048,0,2026-05-06,2026-05-06,Produzida
3940,9990315024,0140106804,Açúcar invertido,0.0161,0.0161,0,2026-05-06,2026-05-06,Produzida
3940,9990315024,9990111003,Creme de Leite UHT 25%,1,0.1016,0.8984,2026-05-06,2026-05-06,Produzida
3940,9990315024,9990111006,Manteiga de Leite,0.0141,0.0141,0,2026-05-06,2026-05-06,Produzida
3940,9990315024,9990111023,Sorbitol em Pó,0,0.0121,-0.0121,2026-05-06,2026-05-06,Produzida
3940,9990315024,9990311004,Praliné Pistache,0.2514,0.2514,0,2026-05-06,2026-05-06,Produzida
3941,05104020,0020305008,Massa de Chocolate - Mocajuba Intenso,0.16,0,0.16,2026-05-06,2026-05-06,Produzida
3941,05104020,0190213104,Folha papel barrado Mágio,10,0,10,2026-05-06,2026-05-06,Produzida
3941,05104020,0260305001,Massa de Chocolate - Moju Intenso,0,0.16,-0.16,2026-05-06,2026-05-06,Produzida
3941,05104020,9990117003,Cacau em Pó Alcalino,0.04,0.4,-0.36,2026-05-06,2026-05-06,Produzida
3941,05104020,9990315022,Massa de trufa Intenso,0.7,0.68,0.02,2026-05-06,2026-05-06,Produzida
3955,9990311025,0020305008,Massa de Chocolate - Mocajuba Intenso,0.1659,0,0.1659,2026-05-07,2026-05-07,Produzida
3955,9990311025,0140106804,Açúcar invertido,0.0147,0.0163,-0.0016,2026-05-07,2026-05-07,Produzida
3955,9990311025,0260305001,Massa de Chocolate - Moju Intenso,0,0.1755,-0.1755,2026-05-07,2026-05-07,Produzida
3955,9990311025,9990107001,MANTEIGA DE CACAU desodorizada,0,0.0029,-0.0029,2026-05-07,2026-05-07,Produzida
3955,9990311025,9990111003,Creme de Leite UHT 25%,0.0966,0.0741,0.0225,2026-05-07,2026-05-07,Produzida
3955,9990311025,9990111006,Manteiga de Leite,0.0104,0.0136,-0.0032,2026-05-07,2026-05-07,Produzida
3955,9990311025,9990111023,Sorbitol em Pó,0.0093,0.0175,-0.0082,2026-05-07,2026-05-07,Produzida
3955,9990311025,9990111053,MALTODEXTRINA DE10 1910,0.0027,0,0.0027,2026-05-07,2026-05-07,Produzida
3955,9990311025,9990111054,Sorbato de Potássio Granulado,0.0004,0,0.0004,2026-05-07,2026-05-07,Produzida
3942,9990315022,0020305008,Massa de Chocolate - Mocajuba Intenso,0.4464,0,0.4464,2026-05-06,2026-05-06,Produzida
3942,9990315022,0140106804,Açúcar invertido,0.0328,0.0328,0,2026-05-06,2026-05-06,Produzida
3942,9990315022,0260305001,Massa de Chocolate - Moju Intenso,0,0.4464,-0.4464,2026-05-06,2026-05-06,Produzida
3942,9990315022,9990111003,Creme de Leite UHT 25%,0.175,0.175,0,2026-05-06,2026-05-06,Produzida
3942,9990315022,9990111006,Manteiga de Leite,0.0251,0.0251,0,2026-05-06,2026-05-06,Produzida
3942,9990315022,9990111023,Sorbitol em Pó,0,0.0207,-0.0207,2026-05-06,2026-05-06,Produzida
3943,0020305008,0020304004,Liquor de Cacau - Mocajuba (PA),8,8.25,-0.25,2026-05-07,2026-05-04,Produzida
3943,0020305008,0140106004,Açúcar Demerara,6,5.4,0.6,2026-05-07,2026-05-04,Produzida
3943,0020305008,9990107001,MANTEIGA DE CACAU desodorizada,1.2,1.2,0,2026-05-07,2026-05-04,Produzida
3943,0020305008,9990111005,Lecitina de Soja,0.045,0.045,0,2026-05-07,2026-05-04,Produzida
3944,0020304004,0020303003,Nibs de Cacau - Mocajuba (PA),4.684,8,-3.316,2026-05-07,2026-05-04,Produzida
3945,0050305017,0020305008,Massa de Chocolate - Mocajuba Intenso,22.7922,0,22.7922,2026-05-07,2026-05-05,Produzida
3945,0050305017,0260305001,Massa de Chocolate - Moju Intenso,0,22.7057,-22.7057,2026-05-07,2026-05-05,Produzida
3945,0050305017,9990307008,Pomada de manteiga de cacau,0,0.2294,-0.2294,2026-05-07,2026-05-05,Produzida
3946,0210305004,0050303010,LIQUOR DE CUPUAÇU -SAKAGUCHI,0,2.7,-2.7,2026-05-27,2026-05-27,Produzida
3946,0210305004,0140106004,Açúcar Demerara,0.85,0.85,0,2026-05-27,2026-05-27,Produzida
3946,0210305004,0210303001,Nibs de Cupuaçu - Sakaguchi,2.7,0,2.7,2026-05-27,2026-05-27,Produzida
3946,0210305004,9990107001,MANTEIGA DE CACAU desodorizada,1.45,1.45,0,2026-05-27,2026-05-27,Produzida
3947,05004102,0050305026,Mini Lua Cheia Ao Leite 10g,270,270,0,2026-05-07,2026-05-07,Produzida
3947,05004102,0190213056,Envelope plastico transparente,0,27,-27,2026-05-07,2026-05-07,Produzida
3947,05004102,0190213107,Caixa mini Lua Cheia ao Leite 100g,27,27,0,2026-05-07,2026-05-07,Produzida
3947,05004102,019021424,CARTÃO QR,27,27,0,2026-05-07,2026-05-07,Produzida
3947,05004102,9990712045,Etiqueta Lacre 2 - Adesivo transparente,54,54,0,2026-05-07,2026-05-07,Produzida
3948,0050305026,0050305006,MASSA DE CHOCOLATE -AO LEITE   NF24,0.3186,0.3186,0,2026-05-07,2026-05-06,Produzida
3948,0050305026,9990111042,Xerem de Castanha de Caju,0.1782,0.1782,0,2026-05-07,2026-05-06,Produzida
3948,0050305026,9990311040,Colagem praliné para lua cheia,2.2032,2.2032,0,2026-05-07,2026-05-06,Produzida
3949,05104007,0020305008,Massa de Chocolate - Mocajuba Intenso,0.2475,0,0.2475,2026-05-07,2026-05-07,Produzida
3949,05104007,0260305001,Massa de Chocolate - Moju Intenso,0,0.2475,-0.2475,2026-05-07,2026-05-07,Produzida
3949,05104007,9990311030,Praliné de Avelã colagem,0.3025,0.3025,0,2026-05-07,2026-05-07,Produzida
3950,05104008,0050305006,MASSA DE CHOCOLATE -AO LEITE   NF24,0.2475,0.2475,0,2026-05-07,2026-05-07,Produzida
3950,05104008,9990311030,Praliné de Avelã colagem,0.3025,0.3025,0,2026-05-07,2026-05-07,Produzida
3954,05104071,0020305008,Massa de Chocolate - Mocajuba Intenso,0.2475,0,0.2475,2026-05-07,2026-05-07,Produzida
3954,05104071,0260305001,Massa de Chocolate - Moju Intenso,0,0.2475,-0.2475,2026-05-07,2026-05-07,Produzida
3954,05104071,9990311025,Ganache Chocolate intenso,0.3,0.3025,-0.0025,2026-05-07,2026-05-07,Produzida
3951,05104039,0020305008,Massa de Chocolate - Mocajuba Intenso,0.2115,0,0.2115,2026-05-07,2026-05-06,Produzida
3951,05104039,0260305001,Massa de Chocolate - Moju Intenso,0,0.2115,-0.2115,2026-05-07,2026-05-06,Produzida
3951,05104039,9990311013,Ganache de Taperebá,0.306,0.2585,0.0475,2026-05-07,2026-05-06,Produzida
3952,9990311013,0050305006,MASSA DE CHOCOLATE -AO LEITE   NF24,0.1304,0.1322,-0.0018,2026-05-07,2026-05-06,Produzida
3952,9990311013,9990107001,MANTEIGA DE CACAU desodorizada,0.0039,0,0.0039,2026-05-07,2026-05-06,Produzida
3952,9990311013,9990111006,Manteiga de Leite,0.0138,0.0198,-0.006,2026-05-07,2026-05-06,Produzida
3952,9990311013,9990111008,Xarope de glucose,0.005,0.0243,-0.0193,2026-05-07,2026-05-06,Produzida
3952,9990311013,9990111021,DEXTROSE,0.0033,0.033,-0.0297,2026-05-07,2026-05-06,Produzida
3952,9990311013,9990111023,Sorbitol em Pó,0.0107,0.0264,-0.0157,2026-05-07,2026-05-06,Produzida
3952,9990311013,9990111053,MALTODEXTRINA DE10 1910,0.0025,0,0.0025,2026-05-07,2026-05-06,Produzida
3952,9990311013,9990111054,Sorbato de Potássio Granulado,0.0003,0,0.0003,2026-05-07,2026-05-06,Produzida
3952,9990311013,9990111058,Tapereba Liofilizado,0.022,0.024,-0.002,2026-05-07,2026-05-06,Produzida
3952,9990311013,9990315027,Polpa de Tapereba Reduzida,0.1084,0.0506,0.0578,2026-05-07,2026-05-06,Produzida
3953,05104012,0050305006,MASSA DE CHOCOLATE -AO LEITE   NF24,0.2115,0.2115,0,2026-05-07,2026-05-07,Produzida
3953,05104012,9990311004,Praliné Pistache,0.3986,0,0.3986,2026-05-07,2026-05-07,Produzida
3953,05104012,9990311031,Praliné Pistache colagem,0,0.2585,-0.2585,2026-05-07,2026-05-07,Produzida
4103,05004048,0050308015,Biscoito 150 gr com Cupu,94,94,0,2026-05-20,2026-05-20,Produzida
4103,05004048,0190213074,Caixa Biscoitos Fundo cupu,94,94,0,2026-05-20,2026-05-20,Produzida
4103,05004048,0190213075,Caixa Biscoitos luva cupu,94,94,0,2026-05-20,2026-05-20,Produzida
4103,05004048,019021424,CARTÃO QR,94,94,0,2026-05-20,2026-05-20,Produzida
4103,05004048,9990712045,Etiqueta Lacre 2 - Adesivo transparente,94,94,0,2026-05-20,2026-05-20,Produzida
4103,05004048,0050308015,Biscoito 150 gr com Cupu,94,94,0,2026-05-21,2026-05-20,Produzida
4103,05004048,0190213074,Caixa Biscoitos Fundo cupu,94,94,0,2026-05-21,2026-05-20,Produzida
4103,05004048,0190213075,Caixa Biscoitos luva cupu,94,94,0,2026-05-21,2026-05-20,Produzida
4103,05004048,019021424,CARTÃO QR,94,94,0,2026-05-21,2026-05-20,Produzida
4103,05004048,9990712045,Etiqueta Lacre 2 - Adesivo transparente,94,94,0,2026-05-21,2026-05-20,Produzida
4104,05004142,0050305032,Barra Recheada Maracujá 29g,142,142,0,2026-05-22,2026-05-20,Produzida
4104,05004142,0190213101,Flowpack ES Chocolate Lt Maracujá 29g,142,142,0,2026-05-22,2026-05-20,Produzida
4105,0050305032,0050305006,MASSA DE CHOCOLATE -AO LEITE   NF24,0.9613,0.9612,0.0001,2026-05-20,2026-05-20,Produzida
4105,0050305032,9990311030,Praliné de Avelã colagem,1.4818,1.7844,-0.3026,2026-05-20,2026-05-20,Produzida
4105,0050305032,9990311038,Recheio Caramelo Maracujá,1.3726,1.3726,0,2026-05-20,2026-05-20,Produzida
4105,0050305032,0050305006,MASSA DE CHOCOLATE -AO LEITE   NF24,0.9613,0.9612,0.0001,2026-05-22,2026-05-20,Produzida
4105,0050305032,9990311030,Praliné de Avelã colagem,1.4818,1.7844,-0.3026,2026-05-22,2026-05-20,Produzida
4105,0050305032,9990311038,Recheio Caramelo Maracujá,1.3726,1.3726,0,2026-05-22,2026-05-20,Produzida
4106,05104039,0020305008,Massa de Chocolate - Mocajuba Intenso,0.2295,0,0.2295,2026-05-20,2026-05-20,Produzida
4106,05104039,0260305001,Massa de Chocolate - Moju Intenso,0,0.2295,-0.2295,2026-05-20,2026-05-20,Produzida
4106,05104039,9990311013,Ganache de Taperebá,0.3,0.2805,0.0195,2026-05-20,2026-05-20,Produzida
4107,9990311013,0050305006,MASSA DE CHOCOLATE -AO LEITE   NF24,0.1304,0.1322,-0.0018,2026-05-20,2026-05-20,Produzida
4107,9990311013,9990107001,MANTEIGA DE CACAU desodorizada,0.0039,0,0.0039,2026-05-20,2026-05-20,Produzida
4107,9990311013,9990111006,Manteiga de Leite,0.0138,0.0198,-0.006,2026-05-20,2026-05-20,Produzida
4107,9990311013,9990111008,Xarope de glucose,0.005,0.0243,-0.0193,2026-05-20,2026-05-20,Produzida
4107,9990311013,9990111021,DEXTROSE,0.1952,0.033,0.1622,2026-05-20,2026-05-20,Produzida
4107,9990311013,9990111023,Sorbitol em Pó,0.0107,0.0264,-0.0157,2026-05-20,2026-05-20,Produzida
4107,9990311013,9990111053,MALTODEXTRINA DE10 1910,0.0025,0,0.0025,2026-05-20,2026-05-20,Produzida
4107,9990311013,9990111054,Sorbato de Potássio Granulado,0.0003,0,0.0003,2026-05-20,2026-05-20,Produzida
4107,9990311013,9990111058,Tapereba Liofilizado,0.022,0.024,-0.002,2026-05-20,2026-05-20,Produzida
4107,9990311013,9990315027,Polpa de Tapereba Reduzida,0.1084,0.0506,0.0578,2026-05-20,2026-05-20,Produzida
4108,05104020,0020305008,Massa de Chocolate - Mocajuba Intenso,0.472,0,0.472,2026-05-20,2026-05-20,Produzida
4108,05104020,0260305001,Massa de Chocolate - Moju Intenso,0,0.472,-0.472,2026-05-20,2026-05-20,Produzida
4108,05104020,9990117003,Cacau em Pó Alcalino,0.118,1.18,-1.062,2026-05-20,2026-05-20,Produzida
4108,05104020,9990315022,Massa de trufa Intenso,2,2.006,-0.006,2026-05-20,2026-05-20,Produzida
4109,9990315022,0020305008,Massa de Chocolate - Mocajuba Intenso,1.2754,0,1.2754,2026-05-20,2026-05-20,Produzida
4109,9990315022,0140106804,Açúcar invertido,0.0936,0.0936,0,2026-05-20,2026-05-20,Produzida
4109,9990315022,0260305001,Massa de Chocolate - Moju Intenso,0,1.2754,-1.2754,2026-05-20,2026-05-20,Produzida
4109,9990315022,9990111003,Creme de Leite UHT 25%,0.6415,0.5,0.1415,2026-05-20,2026-05-20,Produzida
4109,9990315022,9990111006,Manteiga de Leite,0.0718,0.0718,0,2026-05-20,2026-05-20,Produzida
4109,9990315022,9990111023,Sorbitol em Pó,0.0592,0.0592,0,2026-05-20,2026-05-20,Produzida
4110,05104084,0050321021,Barra 60g Terroir da Amazonia Vale do Ja,0,10,-10,2026-05-21,2026-05-21,Produzida
4110,05104084,0190213056,Envelope plastico transparente,0,10,-10,2026-05-21,2026-05-21,Produzida
4110,05104084,05004006,MAGIO Povos Vale do Jari 65% 60g,10,0,10,2026-05-21,2026-05-21,Produzida
4111,05104079,0050308015,Biscoito 150 gr com Cupu,4,5,-1,2026-05-21,2026-05-21,Produzida
4113,9990311042,0050305006,MASSA DE CHOCOLATE -AO LEITE   NF24,0.341,0.3206,0.0204,2026-05-21,2026-05-20,Produzida
4113,9990311042,0140106804,Açúcar invertido,0.0341,0,0.0341,2026-05-21,2026-05-20,Produzida
4113,9990311042,9990107001,MANTEIGA DE CACAU desodorizada,0,0.0053,-0.0053,2026-05-21,2026-05-20,Produzida
4113,9990311042,9990111006,Manteiga de Leite,0.0402,0.0479,-0.0077,2026-05-21,2026-05-20,Produzida
4113,9990311042,9990111008,Xarope de glucose,0,0.0588,-0.0588,2026-05-21,2026-05-20,Produzida
4113,9990311042,9990111021,DEXTROSE,0.0063,0.0801,-0.0738,2026-05-21,2026-05-20,Produzida
4113,9990311042,9990111023,Sorbitol em Pó,0.0375,0.0641,-0.0266,2026-05-21,2026-05-20,Produzida
4113,9990311042,9990111026,Sal,0.0007,0,0.0007,2026-05-21,2026-05-20,Produzida
4113,9990311042,9990111053,MALTODEXTRINA DE10 1910,0.0057,0,0.0057,2026-05-21,2026-05-20,Produzida
4113,9990311042,9990111054,Sorbato de Potássio Granulado,0.0007,0,0.0007,2026-05-21,2026-05-20,Produzida
4113,9990311042,9990111059,Cupuaçu Liofilizado,0.025,0.028,-0.003,2026-05-21,2026-05-20,Produzida
4113,9990311042,9990315026,Polpa de Cupuaçu Reduzida,0.2087,0.1226,0.0861,2026-05-21,2026-05-20,Produzida
4114,05004149,0190213117,Caixa 30 bombons,3,3,0,2026-05-21,2026-05-21,Produzida
4114,05004149,0190213124,Forminha para Bombons Caixas,90,90,0,2026-05-21,2026-05-21,Produzida
4114,05004149,0190213125,Tampa Caixa 30 bombons,0,3,-3,2026-05-21,2026-05-21,Produzida
4114,05004149,0190213135,Folder das Caixas de 30 Bombons,0,3,-3,2026-05-21,2026-05-21,Produzida
4114,05004149,01902131561,Candy Pad branco caixa 30,0,3,-3,2026-05-21,2026-05-21,Produzida
4114,05004149,019021424,CARTÃO QR,3,3,0,2026-05-21,2026-05-21,Produzida
4114,05004149,05104109,Bombom NM Mini Lua Cheia ao Leite 10g,12,12,0,2026-05-21,2026-05-21,Produzida
4114,05004149,05104110,Bombom NM Choc Lt Praliné de Avelã 9g,6,6,0,2026-05-21,2026-05-21,Produzida
4114,05004149,05104111,Bombom NM Choc Int Praliné de Avelã 9g,6,6,0,2026-05-21,2026-05-21,Produzida
4114,05004149,05104112,Bombom NM Choc Int Ganache Int 11g,6,6,0,2026-05-21,2026-05-21,Produzida
4114,05004149,05104113,Bombom NM Chocolate ao Leite 11g,6,6,0,2026-05-21,2026-05-21,Produzida
4114,05004149,05104114,Bombom NM Chocolate Leite Pistache 10g,6,6,0,2026-05-21,2026-05-21,Produzida
4114,05004149,05104115,Bombom NM Choc Lt  Doce de Cupuaçu 10g,12,12,0,2026-05-21,2026-05-21,Produzida
4114,05004149,05104116,Bombom NM Chocolate Intenso Taperebá 10g,12,12,0,2026-05-21,2026-05-21,Produzida
4114,05004149,05104117,Bombom NM Chocolate LT Maracujá 9g,12,12,0,2026-05-21,2026-05-21,Produzida
4114,05004149,05104118,Bombom NM Choc Lt Castanha do Pará 8g,12,12,0,2026-05-21,2026-05-21,Produzida
4115,05104109,0050305026,Mini Lua Cheia Ao Leite 10g,36,36,0,2026-05-21,2026-05-20,Produzida
4116,0050305026,0050305006,MASSA DE CHOCOLATE -AO LEITE   NF24,0.0425,0.0425,0,2026-05-21,2026-05-20,Produzida
4116,0050305026,9990111042,Xerem de Castanha de Caju,0.0238,0.0238,0,2026-05-21,2026-05-20,Produzida
4116,0050305026,9990311040,Colagem praliné para lua cheia,0.2938,0.2938,0,2026-05-21,2026-05-20,Produzida
4117,05104110,0050305006,MASSA DE CHOCOLATE -AO LEITE   NF24,0.0729,0.0729,0,2026-05-21,2026-05-20,Produzida
4117,05104110,9990311030,Praliné de Avelã colagem,0.0891,0.0891,0,2026-05-21,2026-05-20,Produzida
4118,05104111,0020305008,Massa de Chocolate - Mocajuba Intenso,0.0729,0,0.0729,2026-05-21,2026-05-20,Produzida
4118,05104111,0260305001,Massa de Chocolate - Moju Intenso,0,0.0729,-0.0729,2026-05-21,2026-05-20,Produzida
4118,05104111,9990311030,Praliné de Avelã colagem,0.0891,0.0891,0,2026-05-21,2026-05-20,Produzida
4119,05104112,0020305008,Massa de Chocolate - Mocajuba Intenso,0.0891,0,0.0891,2026-05-21,2026-05-20,Produzida
4119,05104112,0260305001,Massa de Chocolate - Moju Intenso,0,0.0891,-0.0891,2026-05-21,2026-05-20,Produzida
4119,05104112,9990311025,Ganache Chocolate intenso,0.1,0.1089,-0.0089,2026-05-21,2026-05-20,Produzida
4120,9990311025,0020305008,Massa de Chocolate - Mocajuba Intenso,0.1659,0,0.1659,2026-05-21,2026-05-20,Produzida
4120,9990311025,0140106804,Açúcar invertido,0.0147,0.0163,-0.0016,2026-05-21,2026-05-20,Produzida
4120,9990311025,0260305001,Massa de Chocolate - Moju Intenso,0,0.1755,-0.1755,2026-05-21,2026-05-20,Produzida
4120,9990311025,9990107001,MANTEIGA DE CACAU desodorizada,0,0.0029,-0.0029,2026-05-21,2026-05-20,Produzida
4120,9990311025,9990111003,Creme de Leite UHT 25%,0.0966,0.0741,0.0225,2026-05-21,2026-05-20,Produzida
4120,9990311025,9990111006,Manteiga de Leite,0.0104,0.0136,-0.0032,2026-05-21,2026-05-20,Produzida
4120,9990311025,9990111023,Sorbitol em Pó,0.0093,0.0175,-0.0082,2026-05-21,2026-05-20,Produzida
4120,9990311025,9990111053,MALTODEXTRINA DE10 1910,0.0027,0,0.0027,2026-05-21,2026-05-20,Produzida
4120,9990311025,9990111054,Sorbato de Potássio Granulado,0.0004,0,0.0004,2026-05-21,2026-05-20,Produzida
4121,05104113,0050305006,MASSA DE CHOCOLATE -AO LEITE   NF24,0.198,0.198,0,2026-05-21,2026-05-20,Produzida
4122,05104114,0050305006,MASSA DE CHOCOLATE -AO LEITE   NF24,0.081,0.081,0,2026-05-21,2026-05-20,Produzida
4122,05104114,9990311031,Praliné Pistache colagem,0.099,0.099,0,2026-05-21,2026-05-20,Produzida
4123,05104115,0050305006,MASSA DE CHOCOLATE -AO LEITE   NF24,0.162,0.162,0,2026-05-21,2026-05-20,Produzida
4123,05104115,9990311042,Recheio Doce de Cupuaçu,0.5,0.198,0.302,2026-05-21,2026-05-20,Produzida
4124,05104116,0020305008,Massa de Chocolate - Mocajuba Intenso,0.162,0,0.162,2026-05-21,2026-05-20,Produzida
4124,05104116,0260305001,Massa de Chocolate - Moju Intenso,0,0.162,-0.162,2026-05-21,2026-05-20,Produzida
4124,05104116,9990311013,Ganache de Taperebá,0.2,0.198,0.002,2026-05-21,2026-05-20,Produzida
4125,9990311013,0050305006,MASSA DE CHOCOLATE -AO LEITE   NF24,0.0869,0.0881,-0.0012,2026-05-21,2026-05-20,Produzida
4125,9990311013,9990107001,MANTEIGA DE CACAU desodorizada,0.0026,0,0.0026,2026-05-21,2026-05-20,Produzida
4125,9990311013,9990111006,Manteiga de Leite,0.0092,0.0132,-0.004,2026-05-21,2026-05-20,Produzida
4125,9990311013,9990111008,Xarope de glucose,0.0033,0.0162,-0.0129,2026-05-21,2026-05-20,Produzida
4125,9990311013,9990111021,DEXTROSE,0.0022,0.022,-0.0198,2026-05-21,2026-05-20,Produzida
4125,9990311013,9990111023,Sorbitol em Pó,0.0072,0.0176,-0.0104,2026-05-21,2026-05-20,Produzida
4125,9990311013,9990111053,MALTODEXTRINA DE10 1910,0.0017,0,0.0017,2026-05-21,2026-05-20,Produzida
4125,9990311013,9990111054,Sorbato de Potássio Granulado,0.0002,0,0.0002,2026-05-21,2026-05-20,Produzida
4125,9990311013,9990111058,Tapereba Liofilizado,0.0147,0.016,-0.0013,2026-05-21,2026-05-20,Produzida
4125,9990311013,9990315027,Polpa de Tapereba Reduzida,0.0723,0.0337,0.0386,2026-05-21,2026-05-20,Produzida
4126,05104117,0050305006,MASSA DE CHOCOLATE -AO LEITE   NF24,0.1458,0.1458,0,2026-05-21,2026-05-20,Produzida
4126,05104117,9990311041,Ganache maracujá,0.2,0.1782,0.0218,2026-05-21,2026-05-20,Produzida
4127,9990311041,0020305008,Massa de Chocolate - Mocajuba Intenso,0.0517,0,0.0517,2026-05-21,2026-05-20,Produzida
4127,9990311041,0050305006,MASSA DE CHOCOLATE -AO LEITE   NF24,0.0496,0.0092,0.0404,2026-05-21,2026-05-20,Produzida
4127,9990311041,0260305001,Massa de Chocolate - Moju Intenso,0,0.0824,-0.0824,2026-05-21,2026-05-20,Produzida
4127,9990311041,9990107001,MANTEIGA DE CACAU desodorizada,0.003,0.0015,0.0015,2026-05-21,2026-05-20,Produzida
4127,9990311041,9990111006,Manteiga de Leite,0.0106,0.0137,-0.0031,2026-05-21,2026-05-20,Produzida
4127,9990311041,9990111008,Xarope de glucose,0.0039,0.0168,-0.0129,2026-05-21,2026-05-20,Produzida
4127,9990311041,9990111021,DEXTROSE,0.0024,0.0229,-0.0205,2026-05-21,2026-05-20,Produzida
4127,9990311041,9990111023,Sorbitol em Pó,0.0083,0.0183,-0.01,2026-05-21,2026-05-20,Produzida
4127,9990311041,9990111053,MALTODEXTRINA DE10 1910,0.0018,0,0.0018,2026-05-21,2026-05-20,Produzida
4127,9990311041,9990111054,Sorbato de Potássio Granulado,0.0002,0,0.0002,2026-05-21,2026-05-20,Produzida
4127,9990311041,999011184,Maracujá Liofilizado,0,0.0024,-0.0024,2026-05-21,2026-05-20,Produzida
4127,9990311041,9990315025,Polpa de Maracujá Reduzida,0.0685,0.035,0.0335,2026-05-21,2026-05-20,Produzida
4128,05104118,0050305006,MASSA DE CHOCOLATE -AO LEITE   NF24,0.1745,0.1745,0,2026-05-21,2026-05-20,Produzida
4128,05104118,9990111056,Castanha do Pará,0.0175,0.0175,0,2026-05-21,2026-05-20,Produzida
4129,05004148,0190213116,Fundo Caixa 14 bombons,12,12,0,2026-05-21,2026-05-21,Produzida
4129,05004148,0190213124,Forminha para Bombons Caixas,168,168,0,2026-05-21,2026-05-21,Produzida
4129,05004148,0190213130,Berço Base Caixa 14 Bombons,12,12,0,2026-05-21,2026-05-21,Produzida
4129,05004148,0190213133,Berço interno caixa 14 bombons,12,24,-12,2026-05-21,2026-05-21,Produzida
4129,05004148,0190213134,Folder das Caixas de 14 Bombons,12,12,0,2026-05-21,2026-05-21,Produzida
4129,05004148,01902131562,Candy Pad branco caixa 14,12,12,0,2026-05-21,2026-05-21,Produzida
4129,05004148,0190213172,Tampa Caixa 14 bombons,0,12,-12,2026-05-21,2026-05-21,Produzida
4129,05004148,019021424,CARTÃO QR,12,12,0,2026-05-21,2026-05-21,Produzida
4129,05004148,05104109,Bombom NM Mini Lua Cheia ao Leite 10g,24,24,0,2026-05-21,2026-05-21,Produzida
4129,05004148,05104110,Bombom NM Choc Lt Praliné de Avelã 9g,12,12,0,2026-05-21,2026-05-21,Produzida
4129,05004148,05104111,Bombom NM Choc Int Praliné de Avelã 9g,12,12,0,2026-05-21,2026-05-21,Produzida
4129,05004148,05104112,Bombom NM Choc Int Ganache Int 11g,12,12,0,2026-05-21,2026-05-21,Produzida
4129,05004148,05104113,Bombom NM Chocolate ao Leite 11g,12,12,0,2026-05-21,2026-05-21,Produzida
4129,05004148,05104114,Bombom NM Chocolate Leite Pistache 10g,12,12,0,2026-05-21,2026-05-21,Produzida
4129,05004148,05104115,Bombom NM Choc Lt  Doce de Cupuaçu 10g,24,24,0,2026-05-21,2026-05-21,Produzida
4129,05004148,05104116,Bombom NM Chocolate Intenso Taperebá 10g,24,24,0,2026-05-21,2026-05-21,Produzida
4129,05004148,05104117,Bombom NM Chocolate LT Maracujá 9g,24,24,0,2026-05-21,2026-05-21,Produzida
4129,05004148,05104118,Bombom NM Choc Lt Castanha do Pará 8g,12,12,0,2026-05-21,2026-05-21,Produzida
4129,05004148,9990712045,Etiqueta Lacre 2 - Adesivo transparente,24,0,24,2026-05-21,2026-05-21,Produzida
4130,9990311044,0140106805,Açúcar refinado,0.75,0.75,0,2026-05-21,2026-05-21,Produzida
4130,9990311044,9990111056,Castanha do Pará,0.375,0.375,0,2026-05-21,2026-05-21,Produzida
4130,9990311044,9990111073,Castanha de Caju,0.375,0.375,0,2026-05-21,2026-05-21,Produzida
4131,05104036,0050305006,MASSA DE CHOCOLATE -AO LEITE   NF24,0.154,0.154,0,2026-05-22,2026-05-20,Produzida
4131,05104036,9990311020,Ganache Açaí,0.15,0.126,0.024,2026-05-22,2026-05-20,Produzida
4132,9990311020,0050305006,MASSA DE CHOCOLATE -AO LEITE   NF24,0.0731,0.0731,0,2026-05-22,2026-05-20,Produzida
4132,9990311020,0140106804,Açúcar invertido,0.0073,0.0073,0,2026-05-22,2026-05-20,Produzida
4132,9990311020,9990111006,Manteiga de Leite,0.0086,0.0086,0,2026-05-22,2026-05-20,Produzida
4132,9990311020,9990111021,DEXTROSE,0.0013,0.0013,0,2026-05-22,2026-05-20,Produzida
4132,9990311020,9990111023,Sorbitol em Pó,0.008,0.008,0,2026-05-22,2026-05-20,Produzida
4132,9990311020,9990111026,Sal,0.0002,0.0002,0,2026-05-22,2026-05-20,Produzida
4132,9990311020,9990111053,MALTODEXTRINA DE10 1910,0.0012,0.0012,0,2026-05-22,2026-05-20,Produzida
4132,9990311020,9990111054,Sorbato de Potássio Granulado,0.0002,0.0002,0,2026-05-22,2026-05-20,Produzida
4132,9990311020,9990111065,Açaí Liofilizado,0.0054,0.0054,0,2026-05-22,2026-05-20,Produzida
4132,9990311020,9990315028,Polpa de Açaí Reduzida,0.1,0.0447,0.0553,2026-05-22,2026-05-20,Produzida
4133,05004102,0050305026,Mini Lua Cheia Ao Leite 10g,250,250,0,2026-05-22,2026-05-22,Produzida
4133,05004102,0190213056,Envelope plastico transparente,0,25,-25,2026-05-22,2026-05-22,Produzida
4133,05004102,0190213107,Caixa mini Lua Cheia ao Leite 100g,25,25,0,2026-05-22,2026-05-22,Produzida
4133,05004102,019021424,CARTÃO QR,25,25,0,2026-05-22,2026-05-22,Produzida
4133,05004102,9990712045,Etiqueta Lacre 2 - Adesivo transparente,25,50,-25,2026-05-22,2026-05-22,Produzida
4134,0050305026,0050305006,MASSA DE CHOCOLATE -AO LEITE   NF24,0.367,0.367,0,2026-05-22,2026-05-20,Produzida
4134,0050305026,9990111042,Xerem de Castanha de Caju,0.348,0.2053,0.1427,2026-05-22,2026-05-20,Produzida
4134,0050305026,9990311040,Colagem praliné para lua cheia,2.9066,2.5378,0.3688,2026-05-22,2026-05-20,Produzida
4135,05104119,0050305026,Mini Lua Cheia Ao Leite 10g,61,61,0,2026-05-22,2026-05-20,Produzida
4137,05104059,0050305006,MASSA DE CHOCOLATE -AO LEITE   NF24,0.1705,0.1705,0,2026-05-22,2026-05-20,Produzida
4137,05104059,9990311042,Recheio Doce de Cupuaçu,0.2,0.1395,0.0605,2026-05-22,2026-05-20,Produzida
4138,05104096,0050305006,MASSA DE CHOCOLATE -AO LEITE   NF24,0.5817,0.5818,-0.0001,2026-05-22,2026-05-14,Produzida
4138,05104096,9990111056,Castanha do Pará,0.0583,0.0582,0.0001,2026-05-22,2026-05-14,Produzida
4139,05104012,0050305006,MASSA DE CHOCOLATE -AO LEITE   NF24,0.126,0.126,0,2026-05-22,2026-05-20,Produzida
4139,05104012,9990311031,Praliné Pistache colagem,0.154,0.154,0,2026-05-22,2026-05-20,Produzida
4140,05104007,0020305008,Massa de Chocolate - Mocajuba Intenso,0.063,0,0.063,2026-05-22,2026-05-20,Produzida
4140,05104007,0260305001,Massa de Chocolate - Moju Intenso,0,0.063,-0.063,2026-05-22,2026-05-20,Produzida
4140,05104007,9990311030,Praliné de Avelã colagem,0.077,0.077,0,2026-05-22,2026-05-20,Produzida
4141,05104008,0050305006,MASSA DE CHOCOLATE -AO LEITE   NF24,0.0765,0.0765,0,2026-05-22,2026-05-20,Produzida
4141,05104008,9990311030,Praliné de Avelã colagem,0.0935,0.0935,0,2026-05-22,2026-05-20,Produzida
4142,05104084,0050321021,Barra 60g Terroir da Amazonia Vale do Ja,0,17,-17,2026-05-22,2026-05-22,Produzida
4142,05104084,0190213056,Envelope plastico transparente,0,17,-17,2026-05-22,2026-05-22,Produzida
4142,05104084,05004006,MAGIO Povos Vale do Jari 65% 60g,17,0,17,2026-05-22,2026-05-22,Produzida
4143,05104071,0020305008,Massa de Chocolate - Mocajuba Intenso,0.1755,0,0.1755,2026-05-22,2026-05-20,Produzida
4143,05104071,0260305001,Massa de Chocolate - Moju Intenso,0,0.1755,-0.1755,2026-05-22,2026-05-20,Produzida
4143,05104071,9990311025,Ganache Chocolate intenso,0.3,0.2145,0.0855,2026-05-22,2026-05-20,Produzida
4144,9990311025,0020305008,Massa de Chocolate - Mocajuba Intenso,0.1659,0,0.1659,2026-05-22,2026-05-20,Produzida
4144,9990311025,0140106804,Açúcar invertido,0.0147,0.0163,-0.0016,2026-05-22,2026-05-20,Produzida
4144,9990311025,0260305001,Massa de Chocolate - Moju Intenso,0,0.1755,-0.1755,2026-05-22,2026-05-20,Produzida
4144,9990311025,9990107001,MANTEIGA DE CACAU desodorizada,0,0.0029,-0.0029,2026-05-22,2026-05-20,Produzida
4144,9990311025,9990111003,Creme de Leite UHT 25%,0.0966,0.0741,0.0225,2026-05-22,2026-05-20,Produzida
4144,9990311025,9990111006,Manteiga de Leite,0.0104,0.0136,-0.0032,2026-05-22,2026-05-20,Produzida
4144,9990311025,9990111023,Sorbitol em Pó,0.0093,0.0175,-0.0082,2026-05-22,2026-05-20,Produzida
4144,9990311025,9990111053,MALTODEXTRINA DE10 1910,0.0027,0,0.0027,2026-05-22,2026-05-20,Produzida
4144,9990311025,9990111054,Sorbato de Potássio Granulado,0.0004,0,0.0004,2026-05-22,2026-05-20,Produzida
4145,05104061,0050305010,PP LÍNGUA DE ONÇA 5G PRALINÉ,11,11,0,2026-05-22,2026-05-22,Produzida
4146,05004043,0050305025,FORMIGUEIRO MARACUJÁ 16g,115,115,0,2026-05-22,2026-05-22,Produzida
4146,05004043,0190213072,Caixa formigueiro Maracuja,23,23,0,2026-05-22,2026-05-22,Produzida
4146,05004043,019021424,CARTÃO QR,23,23,0,2026-05-22,2026-05-22,Produzida
4146,05004043,9990712045,Etiqueta Lacre 2 - Adesivo transparente,23,23,0,2026-05-22,2026-05-22,Produzida
4147,0050305025,0050305006,MASSA DE CHOCOLATE -AO LEITE   NF24,1.7952,1.8528,-0.0576,2026-05-22,2026-05-21,Produzida
4147,0050305025,9990311009,Recheio Yara Maracujá,1,0.7334,0.2666,2026-05-22,2026-05-21,Produzida
4147,0050305025,9990311038,Recheio Caramelo Maracujá,0.4862,0.5018,-0.0156,2026-05-22,2026-05-21,Produzida
4147,0050305025,0050305006,MASSA DE CHOCOLATE -AO LEITE   NF24,1.7952,1.8528,-0.0576,2026-05-26,2026-05-21,Produzida
4147,0050305025,9990311009,Recheio Yara Maracujá,1,0.7334,0.2666,2026-05-26,2026-05-21,Produzida
4147,0050305025,9990311038,Recheio Caramelo Maracujá,0.4862,0.5018,-0.0156,2026-05-26,2026-05-21,Produzida
4148,9990311009,0140106805,Açúcar refinado,0.2856,0.2856,0,2026-05-22,2026-05-21,Produzida
4148,9990311009,9990111000,Agua Mineral sem gás,0,0.3486,-0.3486,2026-05-22,2026-05-21,Produzida
4148,9990311009,9990111004,Baunilha em Fava,0.0004,0.0004,0,2026-05-22,2026-05-21,Produzida
4148,9990311009,9990111007,Clara em Pó,0.0136,0.0136,0,2026-05-22,2026-05-21,Produzida
4148,9990311009,9990111008,Xarope de glucose,0.3204,0.3204,0,2026-05-22,2026-05-21,Produzida
4148,9990311009,9990111009,Gelatina incolor,0.0144,0.0144,0,2026-05-22,2026-05-21,Produzida
4148,9990311009,9990311038,Recheio Caramelo Maracujá,0.047,0.047,0,2026-05-22,2026-05-21,Produzida
4149,05104033,0050305025,FORMIGUEIRO MARACUJÁ 16g,72,72,0,2026-05-22,2026-05-21,Produzida
4150,05004011,0050321022,Barra 60g Terroir da Amazonia Kunkuni,101,101,0,2026-05-26,2026-05-26,Produzida
4150,05004011,0190213057,Embalagem – mod. Envelope p/ barra,101,101,0,2026-05-26,2026-05-26,Produzida
4150,05004011,0190213104,Folha papel barrado Mágio,101,101,0,2026-05-26,2026-05-26,Produzida
4150,05004011,019021424,CARTÃO QR,101,101,0,2026-05-26,2026-05-26,Produzida
4150,05004011,9990712033,Etiqueta de dif Povos Kunkuni Cupu 6x12,101,101,0,2026-05-26,2026-05-26,Produzida
4150,05004011,9990712043,Etiqueta Branca PF Kunkuni Cupu 4.5x14.5,101,101,0,2026-05-26,2026-05-26,Produzida
4150,05004011,9990712045,Etiqueta Lacre 2 - Adesivo transparente,101,101,0,2026-05-26,2026-05-26,Produzida
4150,05004011,9990712046,Etiqueta Lacre 1  - Adesivo com hot stam,101,101,0,2026-05-26,2026-05-26,Produzida
4150,05004011,9990712055,Etiqueta alto teor de açúcar 1.3x1.8,101,101,0,2026-05-26,2026-05-26,Produzida
4152,0050321022,0080305004,Massa de  Cupuaçu - Santa Bárbara (PA),6,0,6,2026-05-26,2026-05-15,Produzida
4152,0050321022,00804010,Kunkuni - Cupulate 70% Cupuaçi - 50g,0,124.8,-124.8,2026-05-26,2026-05-15,Produzida
4153,0020315001,0020315002,Massa Do Bolo de Chocolate,3.4,3.4,0,2026-05-26,2026-05-21,Produzida
4153,0020315001,0020315003,Recheio Intenso Bolo de Chocolate,0.92,0.92,0,2026-05-26,2026-05-21,Produzida
4153,0020315001,0020315004,Cobertura Bolo de Chocolate,1.4,1.4,0,2026-05-26,2026-05-21,Produzida
4153,0020315001,0050315004,Recheio Ao Leite Bolo de Chocolate,1.84,1.84,0,2026-05-26,2026-05-21,Produzida
4153,0020315001,9990311045,Calda Bolo de Chocolate,0,0.4,-0.4,2026-05-26,2026-05-21,Produzida
4154,0020315002,0020305008,Massa de Chocolate - Mocajuba Intenso,0.602,0,0.602,2026-05-26,2026-05-21,Produzida
4154,0020315002,0050111003,Semente de Cumaru,0.0063,0.0034,0.0029,2026-05-26,2026-05-21,Produzida
4154,0020315002,0140106805,Açúcar refinado,0.3169,0.3169,0,2026-05-26,2026-05-21,Produzida
4154,0020315002,0140106806,Açúcar Mascavo,0.8,0.6337,0.1663,2026-05-26,2026-05-21,Produzida
4154,0020315002,0260305001,Massa de Chocolate - Moju Intenso,0,0.602,-0.602,2026-05-26,2026-05-21,Produzida
4154,0020315002,9990111006,Manteiga de Leite,1.5919,0.9506,0.6413,2026-05-26,2026-05-21,Produzida
4154,0020315002,9990111068,Farinha de Trigo,0.2,0.2377,-0.0377,2026-05-26,2026-05-21,Produzida
4154,0020315002,99901110703,Gema de ovo pasteurizada,0,0.1095,-0.1095,2026-05-26,2026-05-21,Produzida
4154,0020315002,99901110704,Clara de ovo pasteurizada,0,0.4165,-0.4165,2026-05-26,2026-05-21,Produzida
4154,0020315002,9990111074,Ovo de Galinha,22,0,22,2026-05-26,2026-05-21,Produzida
4154,0020315002,9990117003,Cacau em Pó Alcalino,0.1268,0.1268,0,2026-05-26,2026-05-21,Produzida
4154,0020315002,9990311045,Calda Bolo de Chocolate,0.6,0,0.6,2026-05-26,2026-05-21,Produzida
4155,9990311045,0050111003,Semente de Cumaru,0.002,0.002,0,2026-05-26,2026-05-22,Produzida
4155,9990311045,0140106805,Açúcar refinado,0.2,0.2,0,2026-05-26,2026-05-22,Produzida
4156,0020315003,0020305008,Massa de Chocolate - Mocajuba Intenso,0.5134,0,0.5134,2026-05-26,2026-05-22,Produzida
4156,0020315003,0050111003,Semente de Cumaru,0.0023,0.0009,0.0014,2026-05-26,2026-05-22,Produzida
4156,0020315003,0260305001,Massa de Chocolate - Moju Intenso,0,0.5134,-0.5134,2026-05-26,2026-05-22,Produzida
4156,0020315003,9990111003,Creme de Leite UHT 25%,0.3068,0.4043,-0.0975,2026-05-26,2026-05-22,Produzida
4157,0020315004,0020305008,Massa de Chocolate - Mocajuba Intenso,1.05,0,1.05,2026-05-26,2026-05-21,Produzida
4157,0020315004,0260305001,Massa de Chocolate - Moju Intenso,0,1.05,-1.05,2026-05-26,2026-05-21,Produzida
4157,0020315004,9990111003,Creme de Leite UHT 25%,0.6,0.35,0.25,2026-05-26,2026-05-21,Produzida
4158,0050315004,0050111003,Semente de Cumaru,0.0054,0.0018,0.0036,2026-05-26,2026-05-21,Produzida
4158,0050315004,0050305006,MASSA DE CHOCOLATE -AO LEITE   NF24,1.3114,1.3114,0,2026-05-26,2026-05-21,Produzida
4158,0050315004,9990111003,Creme de Leite UHT 25%,0.7,0.5231,0.1769,2026-05-26,2026-05-21,Produzida
4159,05104059,0050305006,MASSA DE CHOCOLATE -AO LEITE   NF24,0.11,0.11,0,2026-05-26,2026-05-26,Produzida
4159,05104059,9990311042,Recheio Doce de Cupuaçu,0,0.09,-0.09,2026-05-26,2026-05-26,Produzida
4160,05104085,0050321022,Barra 60g Terroir da Amazonia Kunkuni,3,3,0,2026-05-26,2026-05-26,Produzida
4160,05104085,0190213056,Envelope plastico transparente,0,3,-3,2026-05-26,2026-05-26,Produzida
4160,05104085,9990712045,Etiqueta Lacre 2 - Adesivo transparente,1,0,1,2026-05-26,2026-05-26,Produzida
4161,05104039,0020305008,Massa de Chocolate - Mocajuba Intenso,0.099,0,0.099,2026-05-26,2026-05-20,Produzida
4161,05104039,0260305001,Massa de Chocolate - Moju Intenso,0,0.099,-0.099,2026-05-26,2026-05-20,Produzida
4161,05104039,9990311013,Ganache de Taperebá,0,0.121,-0.121,2026-05-26,2026-05-20,Produzida
4162,05104033,0050305025,FORMIGUEIRO MARACUJÁ 16g,6,6,0,2026-05-26,2026-05-26,Produzida
4163,05004057,0050321013,Barras com recheios - 80g  com praliné,120,120,0,2026-05-26,2026-05-26,Produzida
4163,05004057,0190213056,Envelope plastico transparente,120,120,0,2026-05-26,2026-05-26,Produzida
4163,05004057,0190213164,Caixa ES Ao Leite Praliné Avelã,120,120,0,2026-05-26,2026-05-26,Produzida
4163,05004057,019021424,CARTÃO QR,120,120,0,2026-05-26,2026-05-26,Produzida
4164,0050321013,0050305006,MASSA DE CHOCOLATE -AO LEITE   NF24,4.3875,4.3875,0,2026-05-26,2026-05-20,Produzida
4164,0050321013,9990311030,Praliné de Avelã colagem,7.93,5.6125,2.3175,2026-05-26,2026-05-20,Produzida
4165,05104082,0050321013,Barras com recheios - 80g  com praliné,5,5,0,2026-05-26,2026-05-20,Produzida
4165,05104082,0190213056,Envelope plastico transparente,29,5,24,2026-05-26,2026-05-20,Produzida
4166,05104026,0050305014,PP LÍNGUA DE ONÇA 11G AO LEITE,100,100,0,2026-05-26,2026-05-26,Produzida
4167,0050305014,0050305006,MASSA DE CHOCOLATE -AO LEITE   NF24,1.089,1.089,0,2026-05-26,2026-05-26,Produzida
4167,0050305014,9990307008,Pomada de manteiga de cacau,0,0.011,-0.011,2026-05-26,2026-05-26,Produzida
4168,05104122,0050305006,MASSA DE CHOCOLATE -AO LEITE   NF24,0.3435,0,0.3435,2026-05-26,2026-05-20,Produzida
4168,05104122,9990107001,MANTEIGA DE CACAU desodorizada,0.0058,0,0.0058,2026-05-26,2026-05-20,Produzida
4168,05104122,9990111006,Manteiga de Leite,0.0514,0,0.0514,2026-05-26,2026-05-20,Produzida
4168,05104122,9990111008,Xarope de glucose,0.0629,0,0.0629,2026-05-26,2026-05-20,Produzida
4168,05104122,9990111021,DEXTROSE,0.0858,0,0.0858,2026-05-26,2026-05-20,Produzida
4168,05104122,9990111023,Sorbitol em Pó,0.0687,0,0.0687,2026-05-26,2026-05-20,Produzida
4168,05104122,9990111045,Polpa de Açaí,0.131,0,0.131,2026-05-26,2026-05-20,Produzida
4168,05104122,9990111065,Açaí Liofilizado,0.0239,0,0.0239,2026-05-26,2026-05-20,Produzida
4170,05004047,0050308014,Biscoito 150 gr com choco,89,89,0,2026-05-26,2026-05-26,Produzida
4170,05004047,0190213062,Caixa Biscoitos Fundo choco,89,89,0,2026-05-26,2026-05-26,Produzida
4170,05004047,0190213063,Caixa Biscoitos luva choco,89,89,0,2026-05-26,2026-05-26,Produzida
4170,05004047,019021424,CARTÃO QR,89,89,0,2026-05-26,2026-05-26,Produzida
4170,05004047,9990712045,Etiqueta Lacre 2 - Adesivo transparente,89,89,0,2026-05-26,2026-05-26,Produzida
4170,05004047,0050308014,Biscoito 150 gr com choco,89,89,0,2026-05-27,2026-05-26,Produzida
4170,05004047,0190213062,Caixa Biscoitos Fundo choco,89,89,0,2026-05-27,2026-05-26,Produzida
4170,05004047,0190213063,Caixa Biscoitos luva choco,89,89,0,2026-05-27,2026-05-26,Produzida
4170,05004047,019021424,CARTÃO QR,89,89,0,2026-05-27,2026-05-26,Produzida
4170,05004047,9990712045,Etiqueta Lacre 2 - Adesivo transparente,89,89,0,2026-05-27,2026-05-26,Produzida
4171,0080305004,0080303003,Nibs de Cupuaçu - Santa Bárbara (PA),2.9,0,2.9,2026-05-27,2026-05-27,Produzida
4171,0080305004,0080304008,Liquor de Cupuaçu - Santa Bárbara (PA),0,2.9,-2.9,2026-05-27,2026-05-27,Produzida
4171,0080305004,0140106004,Açúcar Demerara,1.25,1.25,0,2026-05-27,2026-05-27,Produzida
4171,0080305004,9990107001,MANTEIGA DE CACAU desodorizada,0.85,0.85,0,2026-05-27,2026-05-27,Produzida
4172,0050305009,0050304004,Liquor de Cacau - Sakaguchi (PA),11.88,11.88,0,2026-05-27,2026-05-27,Em Produção
4172,0050305009,0140106004,Açúcar Demerara,5.94,5.94,0,2026-05-27,2026-05-27,Em Produção
4172,0050305009,9990107001,MANTEIGA DE CACAU desodorizada,2.772,0,2.772,2026-05-27,2026-05-27,Em Produção
4172,0050305009,9990307005,Manteiga de Cacau Yanomami terc,0,2.772,-2.772,2026-05-27,2026-05-27,Em Produção
4174,05104077,0050308014,Biscoito 150 gr com choco,10,10,0,2026-05-27,2026-05-27,Produzida
4175,0050305006,0050304004,Liquor de Cacau - Sakaguchi (PA),7,0,7,2026-05-27,2026-05-22,Produzida
4175,0050305006,0050304005,LIQUOR DE CACAU - SAKAGUCHI  NT24,0,7.2,-7.2,2026-05-27,2026-05-22,Produzida
4175,0050305006,0140106805,Açúcar refinado,24,20.22,3.78,2026-05-27,2026-05-22,Produzida
4175,0050305006,03001001,Leite em Pó integral,14.7,15,-0.3,2026-05-27,2026-05-22,Produzida
4175,0050305006,9990107001,MANTEIGA DE CACAU desodorizada,22.1994,17.4,4.7994,2026-05-27,2026-05-22,Produzida
4175,0050305006,9990111005,Lecitina de Soja,0.0068,0.18,-0.1732,2026-05-27,2026-05-22,Produzida
4176,0020305008,0020304004,Liquor de Cacau - Mocajuba (PA),22,22,0,2026-05-27,2026-05-18,Produzida
4176,0020305008,0140106004,Açúcar Demerara,11,14.4,-3.4,2026-05-27,2026-05-18,Produzida
4176,0020305008,9990107001,MANTEIGA DE CACAU desodorizada,3.2,3.2,0,2026-05-27,2026-05-18,Produzida
4176,0020305008,9990111005,Lecitina de Soja,0.07,0.12,-0.05,2026-05-27,2026-05-18,Produzida
4177,0020304004,0020303003,Nibs de Cacau - Mocajuba (PA),17.55,22,-4.45,2026-05-27,2026-05-18,Produzida
4178,9990311038,0140106805,Açúcar refinado,1.9307,2.4116,-0.4809,2026-05-27,2026-05-19,Produzida
4178,9990311038,9990111000,Agua Mineral sem gás,0,0.7378,-0.7378,2026-05-27,2026-05-19,Produzida
4178,9990311038,9990111004,Baunilha em Fava,0.0666,0.005,0.0616,2026-05-27,2026-05-19,Produzida
4178,9990311038,9990111005,Lecitina de Soja,0,0.0315,-0.0315,2026-05-27,2026-05-19,Produzida
4178,9990311038,9990111006,Manteiga de Leite,1.6486,0.6441,1.0045,2026-05-27,2026-05-19,Produzida
4178,9990311038,9990111008,Xarope de glucose,3.3963,1.3828,2.0135,2026-05-27,2026-05-19,Produzida
4178,9990311038,9990111015,Polpa Maracujá,4.38,3.0772,1.3028,2026-05-27,2026-05-19,Produzida
4179,0050308015,0050308012,BISCOITO DE CASTANHA DO PARÁ COM COBERTU,5.4,5.4,0,2026-05-27,2026-05-27,Produzida
4179,0050308015,9970212004,ETIQ PIMACO A4348 LASER 100F 9600UND,0,36,-36,2026-05-27,2026-05-27,Produzida
4179,0050308015,9990115001,SAQUINHO BIODEGRADAVEL COMPOSTAVEL,0,0.1188,-0.1188,2026-05-27,2026-05-27,Produzida
4182,0050308012,0050108008,Biscoito de castanha do Pará,2.9145,2.9145,0,2026-05-27,2026-05-26,Produzida
4182,0050308012,0210305004,Massa  de Cupuaçu - Sakaguchi,2.5844,2.5844,0,2026-05-27,2026-05-26,Produzida
4182,0050308012,9990111001,Flor de Sal,0.0011,0.0011,0,2026-05-27,2026-05-26,Produzida
4183,05104022,0050305006,MASSA DE CHOCOLATE -AO LEITE   NF24,0.145,0.145,0,2026-05-27,2026-05-26,Produzida
4183,05104022,9990111010,Pistache,0,0.0348,-0.0348,2026-05-27,2026-05-26,Produzida
4183,05104022,9990315024,Massa de trufa de Pistache,1,0.9802,0.0198,2026-05-27,2026-05-26,Produzida
4184,9990315024,0050305006,MASSA DE CHOCOLATE -AO LEITE   NF24,0.4354,0.4354,0,2026-05-27,2026-05-26,Produzida
4184,9990315024,0140106804,Açúcar invertido,0.2023,0.023,0.1793,2026-05-27,2026-05-26,Produzida
4184,9990315024,9990111003,Creme de Leite UHT 25%,0.1452,0.1452,0,2026-05-27,2026-05-26,Produzida
4184,9990315024,9990111006,Manteiga de Leite,0.1,0.0201,0.0799,2026-05-27,2026-05-26,Produzida
4184,9990315024,9990111023,Sorbitol em Pó,0.0173,0.0173,0,2026-05-27,2026-05-26,Produzida
4184,9990315024,9990311004,Praliné Pistache,0.169,0.3592,-0.1902,2026-05-27,2026-05-26,Produzida
4186,0020315001,0020315002,Massa Do Bolo de Chocolate,14,13.6,0.4,2026-05-27,2026-05-25,Produzida
4186,0020315001,0020315003,Recheio Intenso Bolo de Chocolate,3.7,3.68,0.02,2026-05-27,2026-05-25,Produzida
4186,0020315001,0020315004,Cobertura Bolo de Chocolate,5.6,5.6,0,2026-05-27,2026-05-25,Produzida
4186,0020315001,0050315004,Recheio Ao Leite Bolo de Chocolate,7.4,7.36,0.04,2026-05-27,2026-05-25,Produzida
4186,0020315001,9990311045,Calda Bolo de Chocolate,0,1.6,-1.6,2026-05-27,2026-05-25,Produzida
4187,0020315002,0020305008,Massa de Chocolate - Mocajuba Intenso,3.2765,0,3.2765,2026-05-27,2026-05-25,Produzida
4187,0020315002,0050111003,Semente de Cumaru,0.002,0.014,-0.012,2026-05-27,2026-05-25,Produzida
4187,0020315002,0140106805,Açúcar refinado,1,1.3048,-0.3048,2026-05-27,2026-05-25,Produzida
4187,0020315002,0140106806,Açúcar Mascavo,2.27,2.6095,-0.3395,2026-05-27,2026-05-25,Produzida
4187,0020315002,0260305001,Massa de Chocolate - Moju Intenso,0,2.479,-2.479,2026-05-27,2026-05-25,Produzida
4187,0020315002,9990111006,Manteiga de Leite,1.4,3.9143,-2.5143,2026-05-27,2026-05-25,Produzida
4187,0020315002,9990111068,Farinha de Trigo,0.8,0.9786,-0.1786,2026-05-27,2026-05-25,Produzida
4187,0020315002,99901110703,Gema de ovo pasteurizada,0,0.4508,-0.4508,2026-05-27,2026-05-25,Produzida
4187,0020315002,99901110704,Clara de ovo pasteurizada,0,1.715,-1.715,2026-05-27,2026-05-25,Produzida
4187,0020315002,9990111074,Ovo de Galinha,60,0,60,2026-05-27,2026-05-25,Produzida
4187,0020315002,9990117003,Cacau em Pó Alcalino,0.3232,0.5219,-0.1987,2026-05-27,2026-05-25,Produzida
4189,0020315003,0020305008,Massa de Chocolate - Mocajuba Intenso,2.1,0,2.1,2026-05-27,2026-05-25,Produzida
4189,0020315003,0050111003,Semente de Cumaru,0.002,0.0037,-0.0017,2026-05-27,2026-05-25,Produzida
4189,0020315003,0260305001,Massa de Chocolate - Moju Intenso,0,2.0646,-2.0646,2026-05-27,2026-05-25,Produzida
4189,0020315003,9990111003,Creme de Leite UHT 25%,2.0548,1.6262,0.4286,2026-05-27,2026-05-25,Produzida
4190,0020315004,0020305008,Massa de Chocolate - Mocajuba Intenso,4.2,0,4.2,2026-05-27,2026-05-25,Produzida
4190,0020315004,0260305001,Massa de Chocolate - Moju Intenso,0,4.2,-4.2,2026-05-27,2026-05-25,Produzida
4190,0020315004,9990111003,Creme de Leite UHT 25%,2,1.4,0.6,2026-05-27,2026-05-25,Produzida
4191,0050315004,0050111003,Semente de Cumaru,0,0.0074,-0.0074,2026-05-27,2026-05-25,Produzida
4191,0050315004,0050305006,MASSA DE CHOCOLATE -AO LEITE   NF24,5.274,5.274,0,2026-05-27,2026-05-25,Produzida
4191,0050315004,9990111003,Creme de Leite UHT 25%,4,2.1038,1.8962,2026-05-27,2026-05-25,Produzida
4192,05004149,0190213117,Caixa 30 bombons,6,6,0,2026-05-27,2026-05-27,Produzida
4192,05004149,0190213124,Forminha para Bombons Caixas,180,180,0,2026-05-27,2026-05-27,Produzida
4192,05004149,0190213125,Tampa Caixa 30 bombons,6,6,0,2026-05-27,2026-05-27,Produzida
4192,05004149,0190213135,Folder das Caixas de 30 Bombons,0,6,-6,2026-05-27,2026-05-27,Produzida
4192,05004149,01902131561,Candy Pad branco caixa 30,6,6,0,2026-05-27,2026-05-27,Produzida
4192,05004149,019021424,CARTÃO QR,6,6,0,2026-05-27,2026-05-27,Produzida
4192,05004149,05104109,Bombom NM Mini Lua Cheia ao Leite 10g,24,24,0,2026-05-27,2026-05-27,Produzida
4192,05004149,05104110,Bombom NM Choc Lt Praliné de Avelã 9g,12,12,0,2026-05-27,2026-05-27,Produzida
4192,05004149,05104111,Bombom NM Choc Int Praliné de Avelã 9g,12,12,0,2026-05-27,2026-05-27,Produzida
4192,05004149,05104112,Bombom NM Choc Int Ganache Int 11g,12,12,0,2026-05-27,2026-05-27,Produzida
4192,05004149,05104113,Bombom NM Chocolate ao Leite 11g,12,12,0,2026-05-27,2026-05-27,Produzida
4192,05004149,05104114,Bombom NM Chocolate Leite Pistache 10g,12,12,0,2026-05-27,2026-05-27,Produzida
4192,05004149,05104115,Bombom NM Choc Lt  Doce de Cupuaçu 10g,24,24,0,2026-05-27,2026-05-27,Produzida
4192,05004149,05104116,Bombom NM Chocolate Intenso Taperebá 10g,24,24,0,2026-05-27,2026-05-27,Produzida
4192,05004149,05104117,Bombom NM Chocolate LT Maracujá 9g,24,24,0,2026-05-27,2026-05-27,Produzida
4192,05004149,05104118,Bombom NM Choc Lt Castanha do Pará 8g,24,24,0,2026-05-27,2026-05-27,Produzida
4192,05004149,9990712045,Etiqueta Lacre 2 - Adesivo transparente,12,0,12,2026-05-27,2026-05-27,Produzida
4193,05104109,0050305026,Mini Lua Cheia Ao Leite 10g,52,52,0,2026-05-27,2026-05-26,Produzida
4194,0050305026,0050305006,MASSA DE CHOCOLATE -AO LEITE   NF24,0.4932,0.4932,0,2026-05-27,2026-05-26,Produzida
4194,0050305026,9990111042,Xerem de Castanha de Caju,1.444,0.2759,1.1681,2026-05-27,2026-05-26,Produzida
4194,0050305026,9990311040,Colagem praliné para lua cheia,1.4,3.4109,-2.0109,2026-05-27,2026-05-26,Produzida
4195,05104119,0050305026,Mini Lua Cheia Ao Leite 10g,66,66,0,2026-05-27,2026-05-26,Produzida
4196,05104110,0050305006,MASSA DE CHOCOLATE -AO LEITE   NF24,0.1053,0.1053,0,2026-05-27,2026-05-26,Produzida
4196,05104110,9990311030,Praliné de Avelã colagem,0.1287,0.1287,0,2026-05-27,2026-05-26,Produzida
4197,05104111,0020305008,Massa de Chocolate - Mocajuba Intenso,0.1053,0,0.1053,2026-05-27,2026-05-26,Produzida
4197,05104111,0260305001,Massa de Chocolate - Moju Intenso,0,0.1053,-0.1053,2026-05-27,2026-05-26,Produzida
4197,05104111,9990311030,Praliné de Avelã colagem,0.1287,0.1287,0,2026-05-27,2026-05-26,Produzida
4198,05104112,0020305008,Massa de Chocolate - Mocajuba Intenso,0.1287,0,0.1287,2026-05-27,2026-05-26,Produzida
4198,05104112,0260305001,Massa de Chocolate - Moju Intenso,0,0.1287,-0.1287,2026-05-27,2026-05-26,Produzida
4198,05104112,9990311025,Ganache Chocolate intenso,0.2,0.1573,0.0427,2026-05-27,2026-05-26,Produzida
4199,9990311025,0020305008,Massa de Chocolate - Mocajuba Intenso,0.1106,0,0.1106,2026-05-27,2026-05-26,Produzida
4199,9990311025,0140106804,Açúcar invertido,0,0.0109,-0.0109,2026-05-27,2026-05-26,Produzida
4199,9990311025,0260305001,Massa de Chocolate - Moju Intenso,0,0.117,-0.117,2026-05-27,2026-05-26,Produzida
4199,9990311025,9990107001,MANTEIGA DE CACAU desodorizada,0,0.002,-0.002,2026-05-27,2026-05-26,Produzida
4199,9990311025,9990111003,Creme de Leite UHT 25%,0,0.0494,-0.0494,2026-05-27,2026-05-26,Produzida
4199,9990311025,9990111006,Manteiga de Leite,0,0.0091,-0.0091,2026-05-27,2026-05-26,Produzida
4199,9990311025,9990111023,Sorbitol em Pó,0.0062,0.0117,-0.0055,2026-05-27,2026-05-26,Produzida
4199,9990311025,9990111053,MALTODEXTRINA DE10 1910,0.0018,0,0.0018,2026-05-27,2026-05-26,Produzida
4199,9990311025,9990111054,Sorbato de Potássio Granulado,0.0002,0,0.0002,2026-05-27,2026-05-26,Produzida
4200,05104113,0050305006,MASSA DE CHOCOLATE -AO LEITE   NF24,0.286,0.286,0,2026-05-27,2026-05-26,Produzida
4201,05104114,0050305006,MASSA DE CHOCOLATE -AO LEITE   NF24,0.117,0.117,0,2026-05-27,2026-05-26,Produzida
4201,05104114,9990311031,Praliné Pistache colagem,0.143,0.143,0,2026-05-27,2026-05-26,Produzida
4202,05104115,0050305006,MASSA DE CHOCOLATE -AO LEITE   NF24,0.234,0.234,0,2026-05-27,2026-05-26,Produzida
4202,05104115,9990311042,Recheio Doce de Cupuaçu,0.3,0.286,0.014,2026-05-27,2026-05-26,Produzida
4203,9990311042,0050305006,MASSA DE CHOCOLATE -AO LEITE   NF24,0.1461,0.1374,0.0087,2026-05-27,2026-05-26,Produzida
4203,9990311042,0140106804,Açúcar invertido,0,0,0,2026-05-27,2026-05-26,Produzida
4203,9990311042,9990107001,MANTEIGA DE CACAU desodorizada,0,0.0023,-0.0023,2026-05-27,2026-05-26,Produzida
4203,9990311042,9990111006,Manteiga de Leite,0,0.0205,-0.0205,2026-05-27,2026-05-26,Produzida
4203,9990311042,9990111008,Xarope de glucose,0,0.0252,-0.0252,2026-05-27,2026-05-26,Produzida
4203,9990311042,9990111021,DEXTROSE,0.0027,0.0343,-0.0316,2026-05-27,2026-05-26,Produzida
4203,9990311042,9990111023,Sorbitol em Pó,0.0161,0.0275,-0.0114,2026-05-27,2026-05-26,Produzida
4203,9990311042,9990111026,Sal,0.0003,0,0.0003,2026-05-27,2026-05-26,Produzida
4203,9990311042,9990111053,MALTODEXTRINA DE10 1910,0.0025,0,0.0025,2026-05-27,2026-05-26,Produzida
4203,9990311042,9990111054,Sorbato de Potássio Granulado,0.0003,0,0.0003,2026-05-27,2026-05-26,Produzida
4203,9990311042,9990111059,Cupuaçu Liofilizado,0.0107,0.012,-0.0013,2026-05-27,2026-05-26,Produzida
4203,9990311042,9990315026,Polpa de Cupuaçu Reduzida,0.2804,0.0526,0.2278,2026-05-27,2026-05-26,Produzida
4205,9990315026,0140106805,Açúcar refinado,0,0.0969,-0.0969,2026-05-27,2026-05-11,Produzida
4205,9990315026,9990111013,Polpa Cupuaçu,3,0.692,2.308,2026-05-27,2026-05-11,Produzida
4206,05104118,0050305006,MASSA DE CHOCOLATE -AO LEITE   NF24,0.2763,0.2763,0,2026-05-27,2026-05-27,Produzida
4206,05104118,9990111056,Castanha do Pará,0.0277,0.0277,0,2026-05-27,2026-05-27,Produzida
4207,05104117,0050305006,MASSA DE CHOCOLATE -AO LEITE   NF24,0.2106,0.2106,0,2026-05-27,2026-05-26,Produzida
4207,05104117,9990311041,Ganache maracujá,0.3,0.2574,0.0426,2026-05-27,2026-05-26,Produzida
4208,9990311041,0020305008,Massa de Chocolate - Mocajuba Intenso,0.0776,0,0.0776,2026-05-27,2026-05-26,Produzida
4208,9990311041,0050305006,MASSA DE CHOCOLATE -AO LEITE   NF24,0.0743,0.0137,0.0606,2026-05-27,2026-05-26,Produzida
4208,9990311041,0260305001,Massa de Chocolate - Moju Intenso,0,0.1237,-0.1237,2026-05-27,2026-05-26,Produzida
4208,9990311041,9990107001,MANTEIGA DE CACAU desodorizada,0.0045,0.0023,0.0022,2026-05-27,2026-05-26,Produzida
4208,9990311041,9990111006,Manteiga de Leite,0,0.0205,-0.0205,2026-05-27,2026-05-26,Produzida
4208,9990311041,9990111008,Xarope de glucose,0,0.0252,-0.0252,2026-05-27,2026-05-26,Produzida
4208,9990311041,9990111021,DEXTROSE,0.0036,0.0343,-0.0307,2026-05-27,2026-05-26,Produzida
4208,9990311041,9990111023,Sorbitol em Pó,0.0124,0.0275,-0.0151,2026-05-27,2026-05-26,Produzida
4208,9990311041,9990111053,MALTODEXTRINA DE10 1910,0.0027,0,0.0027,2026-05-27,2026-05-26,Produzida
4208,9990311041,9990111054,Sorbato de Potássio Granulado,0.0004,0,0.0004,2026-05-27,2026-05-26,Produzida
4208,9990311041,999011184,Maracujá Liofilizado,0,0.0036,-0.0036,2026-05-27,2026-05-26,Produzida
4208,9990311041,9990315025,Polpa de Maracujá Reduzida,0.4586,0.0526,0.406,2026-05-27,2026-05-26,Produzida
4209,05104116,0020305008,Massa de Chocolate - Mocajuba Intenso,0.234,0,0.234,2026-05-27,2026-05-26,Produzida
4209,05104116,0260305001,Massa de Chocolate - Moju Intenso,0,0.234,-0.234,2026-05-27,2026-05-26,Produzida
4209,05104116,9990311013,Ganache de Taperebá,0.3,0.286,0.014,2026-05-27,2026-05-26,Produzida
4210,9990311013,0050305006,MASSA DE CHOCOLATE -AO LEITE   NF24,0.1304,0.1322,-0.0018,2026-05-27,2026-05-26,Produzida
4210,9990311013,9990107001,MANTEIGA DE CACAU desodorizada,0.0039,0,0.0039,2026-05-27,2026-05-26,Produzida
4210,9990311013,9990111006,Manteiga de Leite,0,0.0198,-0.0198,2026-05-27,2026-05-26,Produzida
4210,9990311013,9990111008,Xarope de glucose,0,0.0243,-0.0243,2026-05-27,2026-05-26,Produzida
4210,9990311013,9990111021,DEXTROSE,0.0033,0.033,-0.0297,2026-05-27,2026-05-26,Produzida
4210,9990311013,9990111023,Sorbitol em Pó,0.0107,0.0264,-0.0157,2026-05-27,2026-05-26,Produzida
4210,9990311013,9990111053,MALTODEXTRINA DE10 1910,0.0025,0,0.0025,2026-05-27,2026-05-26,Produzida
4210,9990311013,9990111054,Sorbato de Potássio Granulado,0.0003,0,0.0003,2026-05-27,2026-05-26,Produzida
4210,9990311013,9990111058,Tapereba Liofilizado,0.03,0.024,0.006,2026-05-27,2026-05-26,Produzida
4210,9990311013,9990315027,Polpa de Tapereba Reduzida,0.1496,0.0506,0.099,2026-05-27,2026-05-26,Produzida
4211,05004148,0190213116,Fundo Caixa 14 bombons,14,14,0,2026-05-27,2026-05-27,Produzida
4211,05004148,0190213124,Forminha para Bombons Caixas,196,196,0,2026-05-27,2026-05-27,Produzida
4211,05004148,0190213130,Berço Base Caixa 14 Bombons,14,14,0,2026-05-27,2026-05-27,Produzida
4211,05004148,0190213133,Berço interno caixa 14 bombons,14,28,-14,2026-05-27,2026-05-27,Produzida
4211,05004148,0190213134,Folder das Caixas de 14 Bombons,14,14,0,2026-05-27,2026-05-27,Produzida
4211,05004148,01902131562,Candy Pad branco caixa 14,14,14,0,2026-05-27,2026-05-27,Produzida
4211,05004148,0190213172,Tampa Caixa 14 bombons,0,14,-14,2026-05-27,2026-05-27,Produzida
4211,05004148,019021424,CARTÃO QR,14,14,0,2026-05-27,2026-05-27,Produzida
4211,05004148,05104109,Bombom NM Mini Lua Cheia ao Leite 10g,28,28,0,2026-05-27,2026-05-27,Produzida
4211,05004148,05104110,Bombom NM Choc Lt Praliné de Avelã 9g,14,14,0,2026-05-27,2026-05-27,Produzida
4211,05004148,05104111,Bombom NM Choc Int Praliné de Avelã 9g,14,14,0,2026-05-27,2026-05-27,Produzida
4211,05004148,05104112,Bombom NM Choc Int Ganache Int 11g,14,14,0,2026-05-27,2026-05-27,Produzida
4211,05004148,05104113,Bombom NM Chocolate ao Leite 11g,14,14,0,2026-05-27,2026-05-27,Produzida
4211,05004148,05104114,Bombom NM Chocolate Leite Pistache 10g,14,14,0,2026-05-27,2026-05-27,Produzida
4211,05004148,05104115,Bombom NM Choc Lt  Doce de Cupuaçu 10g,28,28,0,2026-05-27,2026-05-27,Produzida
4211,05004148,05104116,Bombom NM Chocolate Intenso Taperebá 10g,28,28,0,2026-05-27,2026-05-27,Produzida
4211,05004148,05104117,Bombom NM Chocolate LT Maracujá 9g,28,28,0,2026-05-27,2026-05-27,Produzida
4211,05004148,05104118,Bombom NM Choc Lt Castanha do Pará 8g,14,14,0,2026-05-27,2026-05-27,Produzida
4211,05004148,9990712045,Etiqueta Lacre 2 - Adesivo transparente,28,0,28,2026-05-27,2026-05-27,Produzida
4212,05104008,0050305006,MASSA DE CHOCOLATE -AO LEITE   NF24,0.4995,0.4995,0,2026-05-29,2026-05-26,Produzida
4212,05104008,9990311030,Praliné de Avelã colagem,0.616,0.6105,0.0055,2026-05-29,2026-05-26,Produzida
4213,05104007,0020305008,Massa de Chocolate - Mocajuba Intenso,0.5085,0,0.5085,2026-05-28,2026-05-26,Produzida
4213,05104007,0260305001,Massa de Chocolate - Moju Intenso,0,0.5085,-0.5085,2026-05-28,2026-05-26,Produzida
4213,05104007,9990311030,Praliné de Avelã colagem,0.6215,0.6215,0,2026-05-28,2026-05-26,Produzida
4214,05104012,0050305006,MASSA DE CHOCOLATE -AO LEITE   NF24,0.5175,0.5175,0,2026-05-29,2026-05-26,Produzida
4214,05104012,9990311031,Praliné Pistache colagem,0.6435,0.6325,0.011,2026-05-29,2026-05-26,Produzida
4215,05104096,0050305006,MASSA DE CHOCOLATE -AO LEITE   NF24,1.0999,1.0999,0,2026-05-28,2026-05-26,Produzida
4215,05104096,9990111056,Castanha do Pará,0.1101,0.1101,0,2026-05-28,2026-05-26,Produzida
4216,05104071,0020305008,Massa de Chocolate - Mocajuba Intenso,0.486,0,0.486,2026-05-29,2026-05-26,Produzida
4216,05104071,0260305001,Massa de Chocolate - Moju Intenso,0,0.486,-0.486,2026-05-29,2026-05-26,Produzida
4216,05104071,9990311025,Ganache Chocolate intenso,0.6,0.594,0.006,2026-05-29,2026-05-26,Produzida
4217,9990311025,0020305008,Massa de Chocolate - Mocajuba Intenso,0.3317,0,0.3317,2026-05-28,2026-05-26,Produzida
4217,9990311025,0140106804,Açúcar invertido,0,0.0327,-0.0327,2026-05-28,2026-05-26,Produzida
4217,9990311025,0260305001,Massa de Chocolate - Moju Intenso,0,0.3509,-0.3509,2026-05-28,2026-05-26,Produzida
4217,9990311025,9990107001,MANTEIGA DE CACAU desodorizada,0,0.0059,-0.0059,2026-05-28,2026-05-26,Produzida
4217,9990311025,9990111003,Creme de Leite UHT 25%,0,0.1482,-0.1482,2026-05-28,2026-05-26,Produzida
4217,9990311025,9990111006,Manteiga de Leite,0,0.0273,-0.0273,2026-05-28,2026-05-26,Produzida
4217,9990311025,9990111023,Sorbitol em Pó,0.0185,0.0351,-0.0166,2026-05-28,2026-05-26,Produzida
4217,9990311025,9990111053,MALTODEXTRINA DE10 1910,0.0055,0,0.0055,2026-05-28,2026-05-26,Produzida
4217,9990311025,9990111054,Sorbato de Potássio Granulado,0.0007,0,0.0007,2026-05-28,2026-05-26,Produzida
4218,05104059,0050305006,MASSA DE CHOCOLATE -AO LEITE   NF24,0.7315,0.7315,0,2026-05-29,2026-05-26,Produzida
4218,05104059,9990311042,Recheio Doce de Cupuaçu,0.6,0.5985,0.0015,2026-05-29,2026-05-26,Produzida
4219,9990311042,0050305006,MASSA DE CHOCOLATE -AO LEITE   NF24,0.2923,0.2748,0.0175,2026-05-29,2026-05-26,Produzida
4219,9990311042,0140106804,Açúcar invertido,0,0,0,2026-05-29,2026-05-26,Produzida
4219,9990311042,9990107001,MANTEIGA DE CACAU desodorizada,0,0.0046,-0.0046,2026-05-29,2026-05-26,Produzida
4219,9990311042,9990111006,Manteiga de Leite,0,0.041,-0.041,2026-05-29,2026-05-26,Produzida
4219,9990311042,9990111008,Xarope de glucose,0,0.0504,-0.0504,2026-05-29,2026-05-26,Produzida
4219,9990311042,9990111021,DEXTROSE,0,0.0686,-0.0686,2026-05-29,2026-05-26,Produzida
4219,9990311042,9990111023,Sorbitol em Pó,0,0.055,-0.055,2026-05-29,2026-05-26,Produzida
4219,9990311042,9990111026,Sal,0,0,0,2026-05-29,2026-05-26,Produzida
4219,9990311042,9990111053,MALTODEXTRINA DE10 1910,0,0,0,2026-05-29,2026-05-26,Produzida
4219,9990311042,9990111054,Sorbato de Potássio Granulado,0,0,0,2026-05-29,2026-05-26,Produzida
4219,9990311042,9990111059,Cupuaçu Liofilizado,0,0.024,-0.024,2026-05-29,2026-05-26,Produzida
4219,9990311042,9990315026,Polpa de Cupuaçu Reduzida,0,0.1051,-0.1051,2026-05-29,2026-05-26,Produzida
4220,05104016,0050305006,MASSA DE CHOCOLATE -AO LEITE   NF24,0.4004,0.4004,0,2026-05-29,2026-05-26,Produzida
4220,05104016,9990311041,Ganache maracujá,0.6,0.6006,-0.0006,2026-05-29,2026-05-26,Produzida
4221,9990311041,0020305008,Massa de Chocolate - Mocajuba Intenso,0.1551,0,0.1551,2026-05-29,2026-05-26,Produzida
4221,9990311041,0050305006,MASSA DE CHOCOLATE -AO LEITE   NF24,0.1487,0.0275,0.1212,2026-05-29,2026-05-26,Produzida
4221,9990311041,0260305001,Massa de Chocolate - Moju Intenso,0,0.2473,-0.2473,2026-05-29,2026-05-26,Produzida
4221,9990311041,9990107001,MANTEIGA DE CACAU desodorizada,0,0.0046,-0.0046,2026-05-29,2026-05-26,Produzida
4221,9990311041,9990111006,Manteiga de Leite,0,0.041,-0.041,2026-05-29,2026-05-26,Produzida
4221,9990311041,9990111008,Xarope de glucose,0,0.0504,-0.0504,2026-05-29,2026-05-26,Produzida
4221,9990311041,9990111021,DEXTROSE,0,0.0686,-0.0686,2026-05-29,2026-05-26,Produzida
4221,9990311041,9990111023,Sorbitol em Pó,0,0.055,-0.055,2026-05-29,2026-05-26,Produzida
4221,9990311041,9990111053,MALTODEXTRINA DE10 1910,0,0,0,2026-05-29,2026-05-26,Produzida
4221,9990311041,9990111054,Sorbato de Potássio Granulado,0,0,0,2026-05-29,2026-05-26,Produzida
4221,9990311041,999011184,Maracujá Liofilizado,0,0.0072,-0.0072,2026-05-29,2026-05-26,Produzida
4221,9990311041,9990315025,Polpa de Maracujá Reduzida,0,0.1051,-0.1051,2026-05-29,2026-05-26,Produzida
4222,05004140,0050305017,PP LÍNGUA DE ONÇA 11G INTENSO,1685,1685,0,2026-06-05,2026-05-25,Produzida
4222,05004140,0190213092,Flowpack LO Intenso,1685,1685,0,2026-06-05,2026-05-25,Produzida
4223,0050305017,0020305008,Massa de Chocolate - Mocajuba Intenso,18.4041,0,18.4041,2026-05-29,2026-05-25,Produzida
4223,0050305017,0260305001,Massa de Chocolate - Moju Intenso,0,18.4041,-18.4041,2026-05-29,2026-05-25,Produzida
4223,0050305017,9990307008,Pomada de manteiga de cacau,0,0.1859,-0.1859,2026-05-29,2026-05-25,Produzida
4224,05104039,0020305008,Massa de Chocolate - Mocajuba Intenso,0.6075,0,0.6075,2026-05-29,2026-05-26,Produzida
4224,05104039,0260305001,Massa de Chocolate - Moju Intenso,0,0.6075,-0.6075,2026-05-29,2026-05-26,Produzida
4224,05104039,9990311013,Ganache de Taperebá,0.75,0.7425,0.0075,2026-05-29,2026-05-26,Produzida
4226,9990311013,0050305006,MASSA DE CHOCOLATE -AO LEITE   NF24,0.326,0.3305,-0.0045,2026-05-29,2026-05-26,Produzida
4226,9990311013,9990107001,MANTEIGA DE CACAU desodorizada,0,0,0,2026-05-29,2026-05-26,Produzida
4226,9990311013,9990111006,Manteiga de Leite,0,0.0494,-0.0494,2026-05-29,2026-05-26,Produzida
4226,9990311013,9990111008,Xarope de glucose,0,0.0606,-0.0606,2026-05-29,2026-05-26,Produzida
4226,9990311013,9990111021,DEXTROSE,0,0.0825,-0.0825,2026-05-29,2026-05-26,Produzida
4226,9990311013,9990111023,Sorbitol em Pó,0,0.0661,-0.0661,2026-05-29,2026-05-26,Produzida
4226,9990311013,9990111053,MALTODEXTRINA DE10 1910,0,0,0,2026-05-29,2026-05-26,Produzida
4226,9990311013,9990111054,Sorbato de Potássio Granulado,0,0,0,2026-05-29,2026-05-26,Produzida
4226,9990311013,9990111058,Tapereba Liofilizado,0,0.06,-0.06,2026-05-29,2026-05-26,Produzida
4226,9990311013,9990315027,Polpa de Tapereba Reduzida,0,0.1264,-0.1264,2026-05-29,2026-05-26,Produzida
4227,05004016,0050305010,PP LÍNGUA DE ONÇA 5G PRALINÉ,1600,1600,0,2026-05-29,2026-05-29,Produzida
4227,05004016,0190213051,Caixa Base  LO 80g,100,100,0,2026-05-29,2026-05-29,Produzida
4227,05004016,0190213052,Luva LO 80GR ao leite com Praliné,100,100,0,2026-05-29,2026-05-29,Produzida
4227,05004016,0190213060,Berço termoformado LO,100,100,0,2026-05-29,2026-05-29,Produzida
4227,05004016,019021424,CARTÃO QR,100,100,0,2026-05-29,2026-05-29,Produzida
4227,05004016,9990712045,Etiqueta Lacre 2 - Adesivo transparente,100,100,0,2026-05-29,2026-05-29,Produzida
4228,0050305010,0050305006,MASSA DE CHOCOLATE -AO LEITE   NF24,15.0163,15.0163,0,2026-05-29,2026-05-19,Produzida
4228,0050305010,9990307008,Pomada de manteiga de cacau,0,0.1517,-0.1517,2026-05-29,2026-05-19,Produzida
4228,0050305010,9990311030,Praliné de Avelã colagem,7.876,10.112,-2.236,2026-05-29,2026-05-19,Produzida
4228,0050305010,0050305006,MASSA DE CHOCOLATE -AO LEITE   NF24,15.0163,15.0163,0,2026-06-05,2026-05-19,Produzida
4228,0050305010,9990307008,Pomada de manteiga de cacau,0,0.1517,-0.1517,2026-06-05,2026-05-19,Produzida
4228,0050305010,9990311030,Praliné de Avelã colagem,7.876,10.112,-2.236,2026-06-05,2026-05-19,Produzida
4229,05104084,0050321021,Barra 60g Terroir da Amazonia Vale do Ja,0,15,-15,2026-05-29,2026-05-29,Produzida
4229,05104084,0190213056,Envelope plastico transparente,0,15,-15,2026-05-29,2026-05-29,Produzida
4229,05104084,0190213104,Folha papel barrado Mágio,2,0,2,2026-05-29,2026-05-29,Produzida
4229,05104084,05004006,MAGIO Povos Vale do Jari 65% 60g,15,0,15,2026-05-29,2026-05-29,Produzida
4230,9990311044,0140106805,Açúcar refinado,1.5,2,-0.5,2026-05-29,2026-05-29,Produzida
4230,9990311044,9990111056,Castanha do Pará,1,1,0,2026-05-29,2026-05-29,Produzida
4230,9990311044,9990111073,Castanha de Caju,0.307,1,-0.693,2026-05-29,2026-05-29,Produzida
4232,0050308011,0050108008,Biscoito de castanha do Pará,7.9645,7.9645,0,2026-06-01,2026-06-01,Produzida
4232,0050308011,0050111002,Aromatizante Puxuri,0.003,0.003,0,2026-06-01,2026-06-01,Produzida
4232,0050308011,0050305009,Massa de Chocolate - Chocolate 60% - Sak,7.0055,7.0055,0,2026-06-01,2026-06-01,Produzida
4232,0050308011,9990111001,Flor de Sal,0.027,0.027,0,2026-06-01,2026-06-01,Produzida
4234,0050308014,0050308011,Biscoito de castanha do Pará banhado com,15,15,0,2026-06-02,2026-06-02,Produzida
4234,0050308014,9970212004,ETIQ PIMACO A4348 LASER 100F 9600UND,0,100,-100,2026-06-02,2026-06-02,Produzida
4234,0050308014,9990115001,SAQUINHO BIODEGRADAVEL COMPOSTAVEL,0,0.33,-0.33,2026-06-02,2026-06-02,Produzida
4235,0010305007,0010303003,Nibs de Cacau - Xiba,11.4,11.4,0,2026-06-02,2026-06-02,Produzida
4235,0010305007,0140106004,Açúcar Demerara,7.4,7.4,0,2026-06-02,2026-06-02,Produzida
4235,0010305007,9990107001,MANTEIGA DE CACAU desodorizada,1.2,1.2,0,2026-06-02,2026-06-02,Produzida
4239,05104036,0050305006,MASSA DE CHOCOLATE -AO LEITE   NF24,0.605,0.605,0,2026-06-03,2026-06-03,Produzida
4239,05104036,9990311020,Ganache Açaí,0.495,0.495,0,2026-06-03,2026-06-03,Produzida
4240,9990311020,0050305006,MASSA DE CHOCOLATE -AO LEITE   NF24,0.341,0.341,0,2026-06-03,2026-06-03,Produzida
4240,9990311020,0140106804,Açúcar invertido,0.0341,0.0341,0,2026-06-03,2026-06-03,Produzida
4240,9990311020,9990111006,Manteiga de Leite,0.0402,0.0402,0,2026-06-03,2026-06-03,Produzida
4240,9990311020,9990111021,DEXTROSE,0.0063,0.0063,0,2026-06-03,2026-06-03,Produzida
4240,9990311020,9990111023,Sorbitol em Pó,0.0375,0.0375,0,2026-06-03,2026-06-03,Produzida
4240,9990311020,9990111026,Sal,0.0007,0.0007,0,2026-06-03,2026-06-03,Produzida
4240,9990311020,9990111053,MALTODEXTRINA DE10 1910,0.0057,0.0057,0,2026-06-03,2026-06-03,Produzida
4240,9990311020,9990111054,Sorbato de Potássio Granulado,0.0007,0.0007,0,2026-06-03,2026-06-03,Produzida
4240,9990311020,9990111065,Açaí Liofilizado,0.025,0.025,0,2026-06-03,2026-06-03,Produzida
4240,9990311020,9990315028,Polpa de Açaí Reduzida,0.2087,0.2087,0,2026-06-03,2026-06-03,Produzida
4241,9990315028,0140106805,Açúcar refinado,0.14,0.14,0,2026-06-03,2026-06-03,Produzida
4241,9990315028,9990111045,Polpa de Açaí,1,1,0,2026-06-03,2026-06-03,Produzida
4242,05104120,0020305008,Massa de Chocolate - Mocajuba Intenso,0.0826,0,0.0826,2026-06-03,2026-06-03,Produzida
4242,05104120,0260305001,Massa de Chocolate - Moju Intenso,0,0.0826,-0.0826,2026-06-03,2026-06-03,Produzida
4242,05104120,9990111042,Xerem de Castanha de Caju,0.0462,0.0462,0,2026-06-03,2026-06-03,Produzida
4242,05104120,9990311040,Colagem praliné para lua cheia,0.5712,0.5712,0,2026-06-03,2026-06-03,Produzida
4243,05104022,0050305006,MASSA DE CHOCOLATE -AO LEITE   NF24,0.0725,0.0725,0,2026-06-03,2026-06-03,Produzida
4243,05104022,9990111010,Pistache,0.0174,0.0174,0,2026-06-03,2026-06-03,Produzida
4243,05104022,9990315024,Massa de trufa de Pistache,0.5,0.4901,0.0099,2026-06-03,2026-06-03,Produzida
4244,9990315024,0050305006,MASSA DE CHOCOLATE -AO LEITE   NF24,0.2177,0.2177,0,2026-06-03,2026-06-03,Produzida
4244,9990315024,0140106804,Açúcar invertido,0.0115,0.0115,0,2026-06-03,2026-06-03,Produzida
4244,9990315024,9990111003,Creme de Leite UHT 25%,0.0726,0.0726,0,2026-06-03,2026-06-03,Produzida
4244,9990315024,9990111006,Manteiga de Leite,0.0101,0.0101,0,2026-06-03,2026-06-03,Produzida
4244,9990315024,9990111023,Sorbitol em Pó,0.0087,0.0087,0,2026-06-03,2026-06-03,Produzida
4244,9990315024,9990311004,Praliné Pistache,0.1796,0.1796,0,2026-06-03,2026-06-03,Produzida
4245,05104119,0050305026,Mini Lua Cheia Ao Leite 10g,65,65,0,2026-06-05,2026-06-02,Produzida
4247,05004043,0050305025,FORMIGUEIRO MARACUJÁ 16g,150,150,0,2026-06-05,2026-06-05,Produzida
4247,05004043,0190213072,Caixa formigueiro Maracuja,30,30,0,2026-06-05,2026-06-05,Produzida
4247,05004043,019021424,CARTÃO QR,30,30,0,2026-06-05,2026-06-05,Produzida
4247,05004043,9990712045,Etiqueta Lacre 2 - Adesivo transparente,30,30,0,2026-06-05,2026-06-05,Produzida
4248,0050305025,0050305006,MASSA DE CHOCOLATE -AO LEITE   NF24,2.3904,2.3904,0,2026-06-05,2026-06-02,Produzida
4248,0050305025,9990311009,Recheio Yara Maracujá,1,0.9462,0.0538,2026-06-05,2026-06-02,Produzida
4248,0050305025,9990311038,Recheio Caramelo Maracujá,0.6922,0.6474,0.0448,2026-06-05,2026-06-02,Produzida
4249,9990311009,0140106805,Açúcar refinado,0,0.2856,-0.2856,2026-06-05,2026-06-02,Produzida
4249,9990311009,9990111000,Agua Mineral sem gás,0,0.3486,-0.3486,2026-06-05,2026-06-02,Produzida
4249,9990311009,9990111004,Baunilha em Fava,0.0004,0.0004,0,2026-06-05,2026-06-02,Produzida
4249,9990311009,9990111007,Clara em Pó,0.0136,0.0136,0,2026-06-05,2026-06-02,Produzida
4249,9990311009,9990111008,Xarope de glucose,0.3204,0.3204,0,2026-06-05,2026-06-02,Produzida
4249,9990311009,9990111009,Gelatina incolor,0.0144,0.0144,0,2026-06-05,2026-06-02,Produzida
4249,9990311009,9990311038,Recheio Caramelo Maracujá,0.047,0.047,0,2026-06-05,2026-06-02,Produzida
4251,05104033,0050305025,FORMIGUEIRO MARACUJÁ 16g,99,99,0,2026-06-05,2026-06-02,Produzida
4252,05004102,0050305026,Mini Lua Cheia Ao Leite 10g,300,300,0,2026-06-05,2026-06-05,Produzida
4252,05004102,0190213056,Envelope plastico transparente,0,30,-30,2026-06-05,2026-06-05,Produzida
4252,05004102,0190213107,Caixa mini Lua Cheia ao Leite 100g,30,30,0,2026-06-05,2026-06-05,Produzida
4252,05004102,019021424,CARTÃO QR,30,30,0,2026-06-05,2026-06-05,Produzida
4252,05004102,9990712045,Etiqueta Lacre 2 - Adesivo transparente,60,60,0,2026-06-05,2026-06-05,Produzida
4253,05004102,0050305026,Mini Lua Cheia Ao Leite 10g,420,420,0,2026-06-05,2026-06-05,Produzida
4253,05004102,0190213056,Envelope plastico transparente,0,42,-42,2026-06-05,2026-06-05,Produzida
4253,05004102,0190213107,Caixa mini Lua Cheia ao Leite 100g,42,42,0,2026-06-05,2026-06-05,Produzida
4253,05004102,019021424,CARTÃO QR,42,42,0,2026-06-05,2026-06-05,Produzida
4253,05004102,9990712045,Etiqueta Lacre 2 - Adesivo transparente,84,84,0,2026-06-05,2026-06-05,Produzida
4254,05004016,0050305010,PP LÍNGUA DE ONÇA 5G PRALINÉ,3456,3456,0,2026-06-05,2026-06-05,Produzida
4254,05004016,0190213051,Caixa Base  LO 80g,216,216,0,2026-06-05,2026-06-05,Produzida
4254,05004016,0190213052,Luva LO 80GR ao leite com Praliné,216,216,0,2026-06-05,2026-06-05,Produzida
4254,05004016,0190213060,Berço termoformado LO,216,216,0,2026-06-05,2026-06-05,Produzida
4254,05004016,019021424,CARTÃO QR,216,216,0,2026-06-05,2026-06-05,Produzida
4254,05004016,9990712045,Etiqueta Lacre 2 - Adesivo transparente,216,216,0,2026-06-05,2026-06-05,Produzida
4255,05004015,0050305013,PP LÍNGUA DE ONÇA 5G AO LEITE,2256,2256,0,2026-06-08,2026-06-08,Produzida
4255,05004015,0190213051,Caixa Base  LO 80g,140.9941,141,-0.0059,2026-06-08,2026-06-08,Produzida
4255,05004015,0190213054,Luva LO 80GR ao leite,141,141,0,2026-06-08,2026-06-08,Produzida
4255,05004015,0190213060,Berço termoformado LO,0,141,-141,2026-06-08,2026-06-08,Produzida
4255,05004015,019021424,CARTÃO QR,141,141,0,2026-06-08,2026-06-08,Produzida
4255,05004015,9990712045,Etiqueta Lacre 2 - Adesivo transparente,141,141,0,2026-06-08,2026-06-08,Produzida
4256,0050305013,0050305006,MASSA DE CHOCOLATE -AO LEITE   NF24,11.1672,11.1672,0,2026-06-08,2026-06-08,Produzida
4256,0050305013,9990307008,Pomada de manteiga de cacau,0,0.1128,-0.1128,2026-06-08,2026-06-08,Produzida
4257,0020315001,0020315002,Massa Do Bolo de Chocolate,6.8,6.8,0,2026-06-08,2026-06-02,Produzida
4257,0020315001,0020315003,Recheio Intenso Bolo de Chocolate,1.84,1.84,0,2026-06-08,2026-06-02,Produzida
4257,0020315001,0020315004,Cobertura Bolo de Chocolate,2.8,2.8,0,2026-06-08,2026-06-02,Produzida
4257,0020315001,0050315004,Recheio Ao Leite Bolo de Chocolate,3.68,3.68,0,2026-06-08,2026-06-02,Produzida
4257,0020315001,9990311045,Calda Bolo de Chocolate,0,0.8,-0.8,2026-06-08,2026-06-02,Produzida
4258,0020315002,0020305008,Massa de Chocolate - Mocajuba Intenso,1.2041,0,1.2041,2026-06-08,2026-06-02,Produzida
4258,0020315002,0050111003,Semente de Cumaru,0.0126,0.0068,0.0058,2026-06-08,2026-06-02,Produzida
4258,0020315002,0140106805,Açúcar refinado,0.6338,0.6338,0,2026-06-08,2026-06-02,Produzida
4258,0020315002,0140106806,Açúcar Mascavo,2.35,1.2675,1.0825,2026-06-08,2026-06-02,Produzida
4258,0020315002,0260305001,Massa de Chocolate - Moju Intenso,0,1.2041,-1.2041,2026-06-08,2026-06-02,Produzida
4258,0020315002,9990111006,Manteiga de Leite,1.5497,1.9012,-0.3515,2026-06-08,2026-06-02,Produzida
4258,0020315002,9990111068,Farinha de Trigo,0.5,0.4753,0.0247,2026-06-08,2026-06-02,Produzida
4258,0020315002,99901110703,Gema de ovo pasteurizada,0,0.219,-0.219,2026-06-08,2026-06-02,Produzida
4258,0020315002,99901110704,Clara de ovo pasteurizada,0,0.833,-0.833,2026-06-08,2026-06-02,Produzida
4258,0020315002,9990111074,Ovo de Galinha,48,0,48,2026-06-08,2026-06-02,Produzida
4258,0020315002,9990117003,Cacau em Pó Alcalino,0.33,0.2535,0.0765,2026-06-08,2026-06-02,Produzida
4258,0020315002,9990311045,Calda Bolo de Chocolate,1.4,0,1.4,2026-06-08,2026-06-02,Produzida
4259,9990311045,0050111003,Semente de Cumaru,0.0046,0.0046,0,2026-06-08,2026-06-02,Produzida
4259,9990311045,0140106805,Açúcar refinado,0.4667,0.4667,0,2026-06-08,2026-06-02,Produzida
4260,0020315003,0020305008,Massa de Chocolate - Mocajuba Intenso,1.0267,0,1.0267,2026-06-08,2026-06-02,Produzida
4260,0020315003,0050111003,Semente de Cumaru,0.0046,0.0018,0.0028,2026-06-08,2026-06-02,Produzida
4260,0020315003,0260305001,Massa de Chocolate - Moju Intenso,0,1.0267,-1.0267,2026-06-08,2026-06-02,Produzida
4260,0020315003,9990111003,Creme de Leite UHT 25%,1,0.8087,0.1913,2026-06-08,2026-06-02,Produzida
4261,0020315004,0020305008,Massa de Chocolate - Mocajuba Intenso,2.1,0,2.1,2026-06-08,2026-06-02,Produzida
4261,0020315004,0260305001,Massa de Chocolate - Moju Intenso,0,2.1,-2.1,2026-06-08,2026-06-02,Produzida
4261,0020315004,9990111003,Creme de Leite UHT 25%,1,0.7,0.3,2026-06-08,2026-06-02,Produzida
4262,0050315004,0050111003,Semente de Cumaru,0.011,0.0037,0.0073,2026-06-08,2026-06-02,Produzida
4262,0050315004,0050305006,MASSA DE CHOCOLATE -AO LEITE   NF24,2.6227,2.6227,0,2026-06-08,2026-06-02,Produzida
4262,0050315004,9990111003,Creme de Leite UHT 25%,2.2274,1.0462,1.1812,2026-06-08,2026-06-02,Produzida
4263,05104084,0020305008,Massa de Chocolate - Mocajuba Intenso,4.5,0,4.5,2026-06-08,2026-06-08,Produzida
4263,05104084,0050321021,Barra 60g Terroir da Amazonia Vale do Ja,0,75,-75,2026-06-08,2026-06-08,Produzida
4263,05104084,0190213056,Envelope plastico transparente,0,75,-75,2026-06-08,2026-06-08,Produzida
4264,0050321001,0050305006,MASSA DE CHOCOLATE -AO LEITE   NF24,3,3,0,2026-06-08,2026-06-08,Produzida
4265,0020305008,0020304004,Liquor de Cacau - Mocajuba (PA),14,13.75,0.25,2026-06-08,2026-06-02,Produzida
4265,0020305008,0140106004,Açúcar Demerara,13.8,9,4.8,2026-06-08,2026-06-02,Produzida
4265,0020305008,9990107001,MANTEIGA DE CACAU desodorizada,2,2,0,2026-06-08,2026-06-02,Produzida
4265,0020305008,9990111005,Lecitina de Soja,0.075,0.075,0,2026-06-08,2026-06-02,Produzida
4266,0020304004,0020303003,Nibs de Cacau - Mocajuba (PA),22.45,14,8.45,2026-06-08,2026-06-02,Produzida
4267,05004015,0050305013,PP LÍNGUA DE ONÇA 5G AO LEITE,3200,3200,0,2026-06-09,2026-06-09,Produzida
4267,05004015,0190213051,Caixa Base  LO 80g,193,200,-7,2026-06-09,2026-06-09,Produzida
4267,05004015,0190213054,Luva LO 80GR ao leite,200,200,0,2026-06-09,2026-06-09,Produzida
4267,05004015,0190213060,Berço termoformado LO,170,200,-30,2026-06-09,2026-06-09,Produzida
4267,05004015,019021424,CARTÃO QR,200,200,0,2026-06-09,2026-06-09,Produzida
4267,05004015,9990712045,Etiqueta Lacre 2 - Adesivo transparente,200,200,0,2026-06-09,2026-06-09,Produzida
4268,0050305013,0050305006,MASSA DE CHOCOLATE -AO LEITE   NF24,22.2305,15.84,6.3905,2026-06-08,2026-06-02,Produzida
4268,0050305013,9990307008,Pomada de manteiga de cacau,0,0.16,-0.16,2026-06-08,2026-06-02,Produzida
4269,05104084,0050321021,Barra 60g Terroir da Amazonia Vale do Ja,0,15,-15,2026-06-08,2026-06-08,Produzida
4269,05104084,0190213056,Envelope plastico transparente,0,15,-15,2026-06-08,2026-06-08,Produzida
4269,05104084,05004006,MAGIO Povos Vale do Jari 65% 60g,15,0,15,2026-06-08,2026-06-08,Produzida
4270,9990311044,0140106805,Açúcar refinado,1.5,1.5,0,2026-06-08,2026-06-02,Produzida
4270,9990311044,9990111056,Castanha do Pará,0.75,0.75,0,2026-06-08,2026-06-02,Produzida
4270,9990311044,9990111073,Castanha de Caju,0.75,0.75,0,2026-06-08,2026-06-02,Produzida
4271,05104018,0050305006,MASSA DE CHOCOLATE -AO LEITE   NF24,0.2187,0.2187,0,2026-06-08,2026-06-08,Produzida
4271,05104018,9990311036,Ganache Cupuaçu,0.25,0.328,-0.078,2026-06-08,2026-06-08,Produzida
4271,05104018,0050305006,MASSA DE CHOCOLATE -AO LEITE   NF24,0.2187,0.2187,0,2026-06-10,2026-06-08,Produzida
4271,05104018,9990311036,Ganache Cupuaçu,0.25,0.328,-0.078,2026-06-10,2026-06-08,Produzida
4272,9990311036,0050305006,MASSA DE CHOCOLATE -AO LEITE   NF24,0.1353,0.1145,0.0208,2026-06-08,2026-06-08,Produzida
4272,9990311036,0140106804,Açúcar invertido,0.0135,0,0.0135,2026-06-08,2026-06-08,Produzida
4272,9990311036,9990107001,MANTEIGA DE CACAU desodorizada,0,0.0019,-0.0019,2026-06-08,2026-06-08,Produzida
4272,9990311036,9990111006,Manteiga de Leite,0,0.0171,-0.0171,2026-06-08,2026-06-08,Produzida
4272,9990311036,9990111008,Xarope de glucose,0,0.021,-0.021,2026-06-08,2026-06-08,Produzida
4272,9990311036,9990111021,DEXTROSE,0,0.0286,-0.0286,2026-06-08,2026-06-08,Produzida
4272,9990311036,9990111023,Sorbitol em Pó,0,0.0229,-0.0229,2026-06-08,2026-06-08,Produzida
4272,9990311036,9990111026,Sal,0.0003,0,0.0003,2026-06-08,2026-06-08,Produzida
4272,9990311036,9990111053,MALTODEXTRINA DE10 1910,0.0002,0,0.0002,2026-06-08,2026-06-08,Produzida
4272,9990311036,9990111054,Sorbato de Potássio Granulado,0.0003,0,0.0003,2026-06-08,2026-06-08,Produzida
4272,9990311036,9990111059,Cupuaçu Liofilizado,0,0.01,-0.01,2026-06-08,2026-06-08,Produzida
4272,9990311036,9990315026,Polpa de Cupuaçu Reduzida,0.0828,0.0438,0.039,2026-06-08,2026-06-08,Produzida
4273,05104059,0050305006,MASSA DE CHOCOLATE -AO LEITE   NF24,0.33,0.33,0,2026-06-08,2026-06-08,Produzida
4273,05104059,9990311042,Recheio Doce de Cupuaçu,0.3,0.27,0.03,2026-06-08,2026-06-08,Produzida
4274,9990311042,0050305006,MASSA DE CHOCOLATE -AO LEITE   NF24,0.1461,0.1374,0.0087,2026-06-08,2026-06-08,Produzida
4274,9990311042,0140106804,Açúcar invertido,0.0146,0,0.0146,2026-06-08,2026-06-08,Produzida
4274,9990311042,9990107001,MANTEIGA DE CACAU desodorizada,0,0.0023,-0.0023,2026-06-08,2026-06-08,Produzida
4274,9990311042,9990111006,Manteiga de Leite,0.4,0.0205,0.3795,2026-06-08,2026-06-08,Produzida
4274,9990311042,9990111008,Xarope de glucose,0,0.0252,-0.0252,2026-06-08,2026-06-08,Produzida
4274,9990311042,9990111021,DEXTROSE,0.0027,0.0343,-0.0316,2026-06-08,2026-06-08,Produzida
4274,9990311042,9990111023,Sorbitol em Pó,0.0161,0.0275,-0.0114,2026-06-08,2026-06-08,Produzida
4274,9990311042,9990111026,Sal,0.0003,0,0.0003,2026-06-08,2026-06-08,Produzida
4274,9990311042,9990111053,MALTODEXTRINA DE10 1910,0.0025,0,0.0025,2026-06-08,2026-06-08,Produzida
4274,9990311042,9990111054,Sorbato de Potássio Granulado,0.0003,0,0.0003,2026-06-08,2026-06-08,Produzida
4274,9990311042,9990111059,Cupuaçu Liofilizado,0.0107,0.012,-0.0013,2026-06-08,2026-06-08,Produzida
4274,9990311042,9990315026,Polpa de Cupuaçu Reduzida,0.0894,0.0526,0.0368,2026-06-08,2026-06-08,Produzida
4275,05104039,0020305008,Massa de Chocolate - Mocajuba Intenso,0.27,0,0.27,2026-06-08,2026-06-08,Produzida
4275,05104039,0260305001,Massa de Chocolate - Moju Intenso,0,0.27,-0.27,2026-06-08,2026-06-08,Produzida
4275,05104039,9990311013,Ganache de Taperebá,0.33,0.33,0,2026-06-08,2026-06-08,Produzida
4276,9990311013,0050305006,MASSA DE CHOCOLATE -AO LEITE   NF24,0.1435,0.1454,-0.0019,2026-06-08,2026-06-08,Produzida
4276,9990311013,9990107001,MANTEIGA DE CACAU desodorizada,0.0042,0,0.0042,2026-06-08,2026-06-08,Produzida
4276,9990311013,9990111006,Manteiga de Leite,0.4,0.0217,0.3783,2026-06-08,2026-06-08,Produzida
4276,9990311013,9990111008,Xarope de glucose,0.0054,0.0267,-0.0213,2026-06-08,2026-06-08,Produzida
4276,9990311013,9990111021,DEXTROSE,0.0036,0.0363,-0.0327,2026-06-08,2026-06-08,Produzida
4276,9990311013,9990111023,Sorbitol em Pó,0.0118,0.0291,-0.0173,2026-06-08,2026-06-08,Produzida
4276,9990311013,9990111053,MALTODEXTRINA DE10 1910,0.0028,0,0.0028,2026-06-08,2026-06-08,Produzida
4276,9990311013,9990111054,Sorbato de Potássio Granulado,0.0004,0,0.0004,2026-06-08,2026-06-08,Produzida
4276,9990311013,9990111058,Tapereba Liofilizado,0.0242,0.0264,-0.0022,2026-06-08,2026-06-08,Produzida
4276,9990311013,9990315027,Polpa de Tapereba Reduzida,0.1192,0.0556,0.0636,2026-06-08,2026-06-08,Produzida
4277,0050305014,0050305006,MASSA DE CHOCOLATE -AO LEITE   NF24,18.4368,18.4368,0,2026-06-09,2026-06-05,Produzida
4277,0050305014,9990307008,Pomada de manteiga de cacau,0,0.1862,-0.1862,2026-06-09,2026-06-05,Produzida
4278,05004151,0190213131,Caixa SSAL SIMPLES,3,3,0,2026-06-10,2026-06-10,Produzida
4278,05004151,0190213132,Envelope SSAL,3,3,0,2026-06-10,2026-06-10,Produzida
4278,05004151,0190213138,Folder informação nutricional SSAL,3,3,0,2026-06-10,2026-06-10,Produzida
4278,05004151,0190213141,Foto A4 Paisagem Pico,3,3,0,2026-06-10,2026-06-10,Produzida
4278,05004151,0190213154,Candy Pad Caixa 7 camadas black,3,3,0,2026-06-10,2026-06-10,Produzida
4278,05004151,019021424,CARTÃO QR,3,3,0,2026-06-10,2026-06-10,Produzida
4278,05004151,05104097,Bombom SSAL Choc Lt praliné de avelã 9g,12,12,0,2026-06-10,2026-06-10,Produzida
4278,05004151,05104098,Bombom SSAL Choc Lt Doce Cupu 10 g,12,12,0,2026-06-10,2026-06-10,Produzida
4278,05004151,05104099,Bombom SSAL Choc Lt Castanha do Pará 8g,12,12,0,2026-06-10,2026-06-10,Produzida
4278,05004151,05104101,Bombom SSAL Choc Branco Nibs 8g,12,12,0,2026-06-10,2026-06-10,Produzida
4278,05004151,05104103,Bombom SSAL Choc Int Ganache Int 9g,12,12,0,2026-06-10,2026-06-10,Produzida
4278,05004151,05104104,Bombom SSAL Choc Int Taperebá 10g,12,12,0,2026-06-10,2026-06-10,Produzida
4278,05004151,945,Folder SSAL,3,3,0,2026-06-10,2026-06-10,Produzida
4278,05004151,9990712064,"ADESIVO SSAL- 3,5X5,5CM",6,6,0,2026-06-10,2026-06-10,Produzida
4278,05004151,9990712068,"ADESIVO SSAL - 1,1X4,5CM",12,12,0,2026-06-10,2026-06-10,Produzida
4280,05104097,0070305010,Massa de Chocolate - Yanomami Leite Test,0.0486,0.0486,0,2026-06-10,2026-06-09,Produzida
4280,05104097,9990311030,Praliné de Avelã colagem,0.0594,0.0594,0,2026-06-10,2026-06-09,Produzida
4281,05104098,0070305010,Massa de Chocolate - Yanomami Leite Test,0.108,0.108,0,2026-06-10,2026-06-09,Produzida
4281,05104098,9990311042,Recheio Doce de Cupuaçu,0.15,0.132,0.018,2026-06-10,2026-06-09,Produzida
4282,9990311042,0050305006,MASSA DE CHOCOLATE -AO LEITE   NF24,0.0731,0.0687,0.0044,2026-06-10,2026-06-09,Produzida
4282,9990311042,0140106804,Açúcar invertido,0.0073,0,0.0073,2026-06-10,2026-06-09,Produzida
4282,9990311042,9990107001,MANTEIGA DE CACAU desodorizada,0,0.0011,-0.0011,2026-06-10,2026-06-09,Produzida
4282,9990311042,9990111006,Manteiga de Leite,0.0086,0.0103,-0.0017,2026-06-10,2026-06-09,Produzida
4282,9990311042,9990111008,Xarope de glucose,0,0.0126,-0.0126,2026-06-10,2026-06-09,Produzida
4282,9990311042,9990111021,DEXTROSE,0.0013,0.0172,-0.0159,2026-06-10,2026-06-09,Produzida
4282,9990311042,9990111023,Sorbitol em Pó,0.008,0.0137,-0.0057,2026-06-10,2026-06-09,Produzida
4282,9990311042,9990111026,Sal,0.0002,0,0.0002,2026-06-10,2026-06-09,Produzida
4282,9990311042,9990111053,MALTODEXTRINA DE10 1910,0.0012,0,0.0012,2026-06-10,2026-06-09,Produzida
4282,9990311042,9990111054,Sorbato de Potássio Granulado,0.0002,0,0.0002,2026-06-10,2026-06-09,Produzida
4282,9990311042,9990111059,Cupuaçu Liofilizado,0.0054,0.006,-0.0006,2026-06-10,2026-06-09,Produzida
4282,9990311042,9990315026,Polpa de Cupuaçu Reduzida,0.0447,0.0263,0.0184,2026-06-10,2026-06-09,Produzida
4283,05104104,0070305005,Massa de Chocolate - Chocolate - Yanomam,2.1,0,2.1,2026-06-10,2026-06-09,Produzida
4283,05104104,0070305009,Massa de Chocolate - Yanomami Teste Inte,0,0.117,-0.117,2026-06-10,2026-06-09,Produzida
4283,05104104,9990311013,Ganache de Taperebá,0.15,0.143,0.007,2026-06-10,2026-06-09,Produzida
4284,9990311013,0050305006,MASSA DE CHOCOLATE -AO LEITE   NF24,0.0652,0.0661,-0.0009,2026-06-10,2026-06-09,Produzida
4284,9990311013,9990107001,MANTEIGA DE CACAU desodorizada,0.0019,0,0.0019,2026-06-10,2026-06-09,Produzida
4284,9990311013,9990111006,Manteiga de Leite,0.0069,0.0099,-0.003,2026-06-10,2026-06-09,Produzida
4284,9990311013,9990111008,Xarope de glucose,0.0025,0.0121,-0.0096,2026-06-10,2026-06-09,Produzida
4284,9990311013,9990111021,DEXTROSE,0.0016,0.0165,-0.0149,2026-06-10,2026-06-09,Produzida
4284,9990311013,9990111023,Sorbitol em Pó,0.0054,0.0132,-0.0078,2026-06-10,2026-06-09,Produzida
4284,9990311013,9990111053,MALTODEXTRINA DE10 1910,0.0013,0,0.0013,2026-06-10,2026-06-09,Produzida
4284,9990311013,9990111054,Sorbato de Potássio Granulado,0.0002,0,0.0002,2026-06-10,2026-06-09,Produzida
4284,9990311013,9990111058,Tapereba Liofilizado,0.011,0.012,-0.001,2026-06-10,2026-06-09,Produzida
4284,9990311013,9990315027,Polpa de Tapereba Reduzida,0.0542,0.0253,0.0289,2026-06-10,2026-06-09,Produzida
4285,05104103,0070305005,Massa de Chocolate - Chocolate - Yanomam,0.1,0,0.1,2026-06-10,2026-06-09,Produzida
4285,05104103,0070305009,Massa de Chocolate - Yanomami Teste Inte,0,0.081,-0.081,2026-06-10,2026-06-09,Produzida
4285,05104103,9990311025,Ganache Chocolate intenso,0.099,0.099,0,2026-06-10,2026-06-09,Produzida
4286,05104101,0070303003,Nibs de Cacau - Yanomami (RR),0.0216,0.0216,0,2026-06-10,2026-06-09,Produzida
4286,05104101,0500305002,Massa de Chocolate Branco - teste 2025,0.2,0.1944,0.0056,2026-06-10,2026-06-09,Produzida
4287,05104099,0050305006,MASSA DE CHOCOLATE -AO LEITE   NF24,0.1963,0.1963,0,2026-06-10,2026-06-09,Produzida
4287,05104099,9990111056,Castanha do Pará,0.0197,0.0197,0,2026-06-10,2026-06-09,Produzida
4288,05004151,0190213131,Caixa SSAL SIMPLES,1,1,0,2026-06-10,2026-06-09,Produzida
4288,05004151,0190213132,Envelope SSAL,1,1,0,2026-06-10,2026-06-09,Produzida
4288,05004151,0190213138,Folder informação nutricional SSAL,1,1,0,2026-06-10,2026-06-09,Produzida
4288,05004151,0190213141,Foto A4 Paisagem Pico,1,1,0,2026-06-10,2026-06-09,Produzida
4288,05004151,0190213154,Candy Pad Caixa 7 camadas black,1,1,0,2026-06-10,2026-06-09,Produzida
4288,05004151,019021424,CARTÃO QR,1,1,0,2026-06-10,2026-06-09,Produzida
4288,05004151,05104097,Bombom SSAL Choc Lt praliné de avelã 9g,0,4,-4,2026-06-10,2026-06-09,Produzida
4288,05004151,05104098,Bombom SSAL Choc Lt Doce Cupu 10 g,4,4,0,2026-06-10,2026-06-09,Produzida
4288,05004151,05104099,Bombom SSAL Choc Lt Castanha do Pará 8g,4,4,0,2026-06-10,2026-06-09,Produzida
4288,05004151,05104101,Bombom SSAL Choc Branco Nibs 8g,4,4,0,2026-06-10,2026-06-09,Produzida
4288,05004151,05104103,Bombom SSAL Choc Int Ganache Int 9g,4,4,0,2026-06-10,2026-06-09,Produzida
4288,05004151,05104104,Bombom SSAL Choc Int Taperebá 10g,4,4,0,2026-06-10,2026-06-09,Produzida
4288,05004151,945,Folder SSAL,1,1,0,2026-06-10,2026-06-09,Produzida
4288,05004151,9990712064,"ADESIVO SSAL- 3,5X5,5CM",2,2,0,2026-06-10,2026-06-09,Produzida
4288,05004151,9990712068,"ADESIVO SSAL - 1,1X4,5CM",4,4,0,2026-06-10,2026-06-09,Produzida
4289,05104120,0020305008,Massa de Chocolate - Mocajuba Intenso,0.0354,0,0.0354,2026-06-10,2026-06-10,Produzida
4289,05104120,0260305001,Massa de Chocolate - Moju Intenso,0,0.0354,-0.0354,2026-06-10,2026-06-10,Produzida
4289,05104120,9990111042,Xerem de Castanha de Caju,0.8112,0.0198,0.7914,2026-06-10,2026-06-10,Produzida
4289,05104120,9990311040,Colagem praliné para lua cheia,0.3,0.2448,0.0552,2026-06-10,2026-06-10,Produzida
4290,05104020,0020305008,Massa de Chocolate - Mocajuba Intenso,0.74,0,0.74,2026-06-10,2026-06-09,Produzida
4290,05104020,0260305001,Massa de Chocolate - Moju Intenso,0,0.74,-0.74,2026-06-10,2026-06-09,Produzida
4290,05104020,9990117003,Cacau em Pó Alcalino,0.6,1.85,-1.25,2026-06-10,2026-06-09,Produzida
4290,05104020,9990315022,Massa de trufa Intenso,2.5,3.145,-0.645,2026-06-10,2026-06-09,Produzida
4291,9990315022,0020305008,Massa de Chocolate - Mocajuba Intenso,1.5943,0,1.5943,2026-06-10,2026-06-09,Produzida
4291,9990315022,0140106804,Açúcar invertido,0.117,0.117,0,2026-06-10,2026-06-09,Produzida
4291,9990315022,0260305001,Massa de Chocolate - Moju Intenso,0,1.5943,-1.5943,2026-06-10,2026-06-09,Produzida
4291,9990315022,9990111003,Creme de Leite UHT 25%,0.625,0.625,0,2026-06-10,2026-06-09,Produzida
4291,9990315022,9990111006,Manteiga de Leite,0.1845,0.0898,0.0947,2026-06-10,2026-06-09,Produzida
4291,9990315022,9990111023,Sorbitol em Pó,0.074,0.074,0,2026-06-10,2026-06-09,Produzida
4292,05104022,0050305006,MASSA DE CHOCOLATE -AO LEITE   NF24,0.4425,0.4425,0,2026-06-10,2026-06-09,Produzida
4292,05104022,9990111010,Pistache,0.1062,0.1062,0,2026-06-10,2026-06-09,Produzida
4292,05104022,9990315024,Massa de trufa de Pistache,3,2.9913,0.0087,2026-06-10,2026-06-09,Produzida
4293,9990315024,0050305006,MASSA DE CHOCOLATE -AO LEITE   NF24,1.3062,1.3062,0,2026-06-10,2026-06-09,Produzida
4293,9990315024,0140106804,Açúcar invertido,0.069,0.069,0,2026-06-10,2026-06-09,Produzida
4293,9990315024,9990111003,Creme de Leite UHT 25%,0.4356,0.4356,0,2026-06-10,2026-06-09,Produzida
4293,9990315024,9990111006,Manteiga de Leite,0.2,0.0603,0.1397,2026-06-10,2026-06-09,Produzida
4293,9990315024,9990111023,Sorbitol em Pó,0.0519,0.0519,0,2026-06-10,2026-06-09,Produzida
4293,9990315024,9990311004,Praliné Pistache,0.7314,1.0776,-0.3462,2026-06-10,2026-06-09,Produzida
4294,9990311004,0140106805,Açúcar refinado,0.3903,0.3903,0,2026-06-10,2026-06-09,Produzida
4294,9990311004,03001001,Leite em Pó integral,0.0261,0.0261,0,2026-06-10,2026-06-09,Produzida
4294,9990311004,9990111010,Pistache,0.4669,0.4669,0,2026-06-10,2026-06-09,Produzida
4294,9990311004,9990111031,Amêndoa,0.1167,0.1167,0,2026-06-10,2026-06-09,Produzida
4295,05104033,0050305025,FORMIGUEIRO MARACUJÁ 16g,175,175,0,2026-06-10,2026-06-09,Produzida
4296,05104005,0020305008,Massa de Chocolate - Mocajuba Intenso,0.5978,0,0.5978,2026-06-10,2026-06-09,Produzida
4296,05104005,0260305001,Massa de Chocolate - Moju Intenso,0,0.4163,-0.4163,2026-06-10,2026-06-09,Produzida
4296,05104005,9990111042,Xerem de Castanha de Caju,1.5,0.2088,1.2912,2026-06-10,2026-06-09,Produzida
4296,05104005,9990311040,Colagem praliné para lua cheia,1.875,1.875,0,2026-06-10,2026-06-09,Produzida
4297,05004149,0190213117,Caixa 30 bombons,15,15,0,2026-06-11,2026-06-11,Produzida
4297,05004149,0190213124,Forminha para Bombons Caixas,450,450,0,2026-06-11,2026-06-11,Produzida
4297,05004149,0190213125,Tampa Caixa 30 bombons,15,15,0,2026-06-11,2026-06-11,Produzida
4297,05004149,0190213135,Folder das Caixas de 30 Bombons,15,15,0,2026-06-11,2026-06-11,Produzida
4297,05004149,01902131561,Candy Pad branco caixa 30,15,15,0,2026-06-11,2026-06-11,Produzida
4297,05004149,019021424,CARTÃO QR,15,15,0,2026-06-11,2026-06-11,Produzida
4297,05004149,05104109,Bombom NM Mini Lua Cheia ao Leite 10g,60,60,0,2026-06-11,2026-06-11,Produzida
4297,05004149,05104110,Bombom NM Choc Lt Praliné de Avelã 9g,30,30,0,2026-06-11,2026-06-11,Produzida
4297,05004149,05104111,Bombom NM Choc Int Praliné de Avelã 9g,30,30,0,2026-06-11,2026-06-11,Produzida
4297,05004149,05104112,Bombom NM Choc Int Ganache Int 11g,30,30,0,2026-06-11,2026-06-11,Produzida
4297,05004149,05104113,Bombom NM Chocolate ao Leite 11g,30,30,0,2026-06-11,2026-06-11,Produzida
4297,05004149,05104114,Bombom NM Chocolate Leite Pistache 10g,30,30,0,2026-06-11,2026-06-11,Produzida
4297,05004149,05104115,Bombom NM Choc Lt  Doce de Cupuaçu 10g,60,60,0,2026-06-11,2026-06-11,Produzida
4297,05004149,05104116,Bombom NM Chocolate Intenso Taperebá 10g,60,60,0,2026-06-11,2026-06-11,Produzida
4297,05004149,05104117,Bombom NM Chocolate LT Maracujá 9g,60,60,0,2026-06-11,2026-06-11,Produzida
4297,05004149,05104118,Bombom NM Choc Lt Castanha do Pará 8g,60,60,0,2026-06-11,2026-06-11,Produzida
4297,05004149,9990712045,Etiqueta Lacre 2 - Adesivo transparente,30,0,30,2026-06-11,2026-06-11,Produzida
4298,05004148,0190213116,Fundo Caixa 14 bombons,20,20,0,2026-06-11,2026-06-11,Produzida
4298,05004148,0190213124,Forminha para Bombons Caixas,280,280,0,2026-06-11,2026-06-11,Produzida
4298,05004148,0190213130,Berço Base Caixa 14 Bombons,20,20,0,2026-06-11,2026-06-11,Produzida
4298,05004148,0190213133,Berço interno caixa 14 bombons,20,40,-20,2026-06-11,2026-06-11,Produzida
4298,05004148,0190213134,Folder das Caixas de 14 Bombons,20,20,0,2026-06-11,2026-06-11,Produzida
4298,05004148,01902131562,Candy Pad branco caixa 14,20,20,0,2026-06-11,2026-06-11,Produzida
4298,05004148,0190213172,Tampa Caixa 14 bombons,0,20,-20,2026-06-11,2026-06-11,Produzida
4298,05004148,019021424,CARTÃO QR,20,20,0,2026-06-11,2026-06-11,Produzida
4298,05004148,05104109,Bombom NM Mini Lua Cheia ao Leite 10g,40,40,0,2026-06-11,2026-06-11,Produzida
4298,05004148,05104110,Bombom NM Choc Lt Praliné de Avelã 9g,20,20,0,2026-06-11,2026-06-11,Produzida
4298,05004148,05104111,Bombom NM Choc Int Praliné de Avelã 9g,20,20,0,2026-06-11,2026-06-11,Produzida
4298,05004148,05104112,Bombom NM Choc Int Ganache Int 11g,20,20,0,2026-06-11,2026-06-11,Produzida
4298,05004148,05104113,Bombom NM Chocolate ao Leite 11g,20,20,0,2026-06-11,2026-06-11,Produzida
4298,05004148,05104114,Bombom NM Chocolate Leite Pistache 10g,20,20,0,2026-06-11,2026-06-11,Produzida
4298,05004148,05104115,Bombom NM Choc Lt  Doce de Cupuaçu 10g,40,40,0,2026-06-11,2026-06-11,Produzida
4298,05004148,05104116,Bombom NM Chocolate Intenso Taperebá 10g,40,40,0,2026-06-11,2026-06-11,Produzida
4298,05004148,05104117,Bombom NM Chocolate LT Maracujá 9g,40,40,0,2026-06-11,2026-06-11,Produzida
4298,05004148,05104118,Bombom NM Choc Lt Castanha do Pará 8g,20,20,0,2026-06-11,2026-06-11,Produzida
4298,05004148,9990712045,Etiqueta Lacre 2 - Adesivo transparente,40,0,40,2026-06-11,2026-06-11,Produzida
4299,0050305025,0050305006,MASSA DE CHOCOLATE -AO LEITE   NF24,1.68,1.68,0,2026-06-10,2026-06-09,Produzida
4299,0050305025,9990311009,Recheio Yara Maracujá,0.7,0.665,0.035,2026-06-10,2026-06-09,Produzida
4299,0050305025,9990311038,Recheio Caramelo Maracujá,0.455,0.455,0,2026-06-10,2026-06-09,Produzida
4300,9990311009,0140106805,Açúcar refinado,0.1999,0.1999,0,2026-06-10,2026-06-09,Produzida
4300,9990311009,9990111000,Agua Mineral sem gás,0,0.244,-0.244,2026-06-10,2026-06-09,Produzida
4300,9990311009,9990111004,Baunilha em Fava,0.0003,0.0003,0,2026-06-10,2026-06-09,Produzida
4300,9990311009,9990111007,Clara em Pó,0,0.0095,-0.0095,2026-06-10,2026-06-09,Produzida
4300,9990311009,9990111008,Xarope de glucose,0.2243,0.2243,0,2026-06-10,2026-06-09,Produzida
4300,9990311009,9990111009,Gelatina incolor,0.0101,0.0101,0,2026-06-10,2026-06-09,Produzida
4300,9990311009,9990311038,Recheio Caramelo Maracujá,0.0329,0.0329,0,2026-06-10,2026-06-09,Produzida
4301,05104109,0050305026,Mini Lua Cheia Ao Leite 10g,100,100,0,2026-06-11,2026-06-10,Produzida
4302,0050305026,0050305006,MASSA DE CHOCOLATE -AO LEITE   NF24,0.118,0.118,0,2026-06-11,2026-06-10,Produzida
4302,0050305026,9990111042,Xerem de Castanha de Caju,0.2,0.066,0.134,2026-06-11,2026-06-10,Produzida
4302,0050305026,9990311040,Colagem praliné para lua cheia,0.816,0.816,0,2026-06-11,2026-06-10,Produzida
4303,05104110,0050305006,MASSA DE CHOCOLATE -AO LEITE   NF24,0.2471,0.2471,0,2026-06-11,2026-06-10,Produzida
4303,05104110,9990311030,Praliné de Avelã colagem,0.302,0.302,0,2026-06-11,2026-06-10,Produzida
4303,05104110,0050305006,MASSA DE CHOCOLATE -AO LEITE   NF24,0.2471,0.2471,0,2026-06-26,2026-06-10,Produzida
4303,05104110,9990311030,Praliné de Avelã colagem,0.302,0.302,0,2026-06-26,2026-06-10,Produzida
4304,05104111,0020305008,Massa de Chocolate - Mocajuba Intenso,0.2795,0,0.2795,2026-06-11,2026-06-10,Produzida
4304,05104111,0260305001,Massa de Chocolate - Moju Intenso,0,0.2795,-0.2795,2026-06-11,2026-06-10,Produzida
4304,05104111,9990311030,Praliné de Avelã colagem,0.3416,0.3416,0,2026-06-11,2026-06-10,Produzida
4304,05104111,0020305008,Massa de Chocolate - Mocajuba Intenso,0.2795,0,0.2795,2026-06-26,2026-06-10,Produzida
4304,05104111,0260305001,Massa de Chocolate - Moju Intenso,0,0.2795,-0.2795,2026-06-26,2026-06-10,Produzida
4304,05104111,9990311030,Praliné de Avelã colagem,0.3416,0.3416,0,2026-06-26,2026-06-10,Produzida
4305,0050305006,0050304005,LIQUOR DE CACAU - SAKAGUCHI  NT24,8.4,8.4,0,2026-06-11,2026-06-03,Produzida
4305,0050305006,0140106805,Açúcar refinado,15,23.59,-8.59,2026-06-11,2026-06-03,Produzida
4305,0050305006,03001001,Leite em Pó integral,12,17.5,-5.5,2026-06-11,2026-06-03,Produzida
4305,0050305006,9990107001,MANTEIGA DE CACAU desodorizada,18,20.3,-2.3,2026-06-11,2026-06-03,Produzida
4305,0050305006,9990111005,Lecitina de Soja,0.21,0.21,0,2026-06-11,2026-06-03,Produzida
4306,0050304005,0050303003,Nibs de Cacau - Sakaguchi(PA),6.9,0,6.9,2026-06-11,2026-06-03,Produzida
4306,0050304005,0050303004,NIBS DE CACAU - SAKAGUCHI NT 120-35,0,8.4,-8.4,2026-06-11,2026-06-03,Produzida
4307,05104112,0020305008,Massa de Chocolate - Mocajuba Intenso,0.2723,0,0.2723,2026-06-11,2026-06-10,Produzida
4307,05104112,0260305001,Massa de Chocolate - Moju Intenso,0,0.2723,-0.2723,2026-06-11,2026-06-10,Produzida
4307,05104112,9990311025,Ganache Chocolate intenso,0.35,0.3328,0.0172,2026-06-11,2026-06-10,Produzida
4308,9990311025,0020305008,Massa de Chocolate - Mocajuba Intenso,0.2047,0,0.2047,2026-06-11,2026-06-10,Produzida
4308,9990311025,0140106804,Açúcar invertido,0.0191,0.0191,0,2026-06-11,2026-06-10,Produzida
4308,9990311025,0260305001,Massa de Chocolate - Moju Intenso,0,0.2047,-0.2047,2026-06-11,2026-06-10,Produzida
4308,9990311025,9990107001,MANTEIGA DE CACAU desodorizada,0.0034,0.0034,0,2026-06-11,2026-06-10,Produzida
4308,9990311025,9990111003,Creme de Leite UHT 25%,0.0864,0.0864,0,2026-06-11,2026-06-10,Produzida
4308,9990311025,9990111006,Manteiga de Leite,0.2121,0.0159,0.1962,2026-06-11,2026-06-10,Produzida
4308,9990311025,9990111023,Sorbitol em Pó,0.0205,0.0205,0,2026-06-11,2026-06-10,Produzida
4309,05104113,0050305006,MASSA DE CHOCOLATE -AO LEITE   NF24,0.605,0.605,0,2026-06-11,2026-06-10,Produzida
4310,05104114,0050305006,MASSA DE CHOCOLATE -AO LEITE   NF24,0.315,0.315,0,2026-06-11,2026-06-10,Produzida
4310,05104114,9990311031,Praliné Pistache colagem,0.385,0.385,0,2026-06-11,2026-06-10,Produzida
4311,05104118,0050305006,MASSA DE CHOCOLATE -AO LEITE   NF24,0.6691,0.669,0.0001,2026-06-11,2026-06-10,Produzida
4311,05104118,9990111056,Castanha do Pará,0.0669,0.067,-0.0001,2026-06-11,2026-06-10,Produzida
4311,05104118,0050305006,MASSA DE CHOCOLATE -AO LEITE   NF24,0.6691,0.669,0.0001,2026-06-26,2026-06-10,Produzida
4311,05104118,9990111056,Castanha do Pará,0.0669,0.067,-0.0001,2026-06-26,2026-06-10,Produzida
4312,05104117,0050305006,MASSA DE CHOCOLATE -AO LEITE   NF24,0.5589,0.5589,0,2026-06-11,2026-06-10,Produzida
4312,05104117,9990311041,Ganache maracujá,0.7,0.6831,0.0169,2026-06-11,2026-06-10,Produzida
4314,9990311041,0020305008,Massa de Chocolate - Mocajuba Intenso,0.2885,0,0.2885,2026-06-11,2026-06-10,Produzida
4314,9990311041,0050305006,MASSA DE CHOCOLATE -AO LEITE   NF24,0.0321,0.0321,0,2026-06-11,2026-06-10,Produzida
4314,9990311041,0260305001,Massa de Chocolate - Moju Intenso,0,0.2885,-0.2885,2026-06-11,2026-06-10,Produzida
4314,9990311041,9990107001,MANTEIGA DE CACAU desodorizada,0.0053,0.0053,0,2026-06-11,2026-06-10,Produzida
4314,9990311041,9990111006,Manteiga de Leite,0.0479,0.0479,0,2026-06-11,2026-06-10,Produzida
4314,9990311041,9990111008,Xarope de glucose,0.0588,0.0588,0,2026-06-11,2026-06-10,Produzida
4314,9990311041,9990111021,DEXTROSE,0.0801,0.0801,0,2026-06-11,2026-06-10,Produzida
4314,9990311041,9990111023,Sorbitol em Pó,0.0641,0.0641,0,2026-06-11,2026-06-10,Produzida
4314,9990311041,999011184,Maracujá Liofilizado,0,0.0084,-0.0084,2026-06-11,2026-06-10,Produzida
4314,9990311041,9990315025,Polpa de Maracujá Reduzida,0.1226,0.1226,0,2026-06-11,2026-06-10,Produzida
4315,05104116,0020305008,Massa de Chocolate - Mocajuba Intenso,0.6975,0,0.6975,2026-06-11,2026-06-10,Produzida
4315,05104116,0260305001,Massa de Chocolate - Moju Intenso,0,0.6975,-0.6975,2026-06-11,2026-06-10,Produzida
4315,05104116,9990311013,Ganache de Taperebá,0.7,0.8525,-0.1525,2026-06-11,2026-06-10,Produzida
4315,05104116,0020305008,Massa de Chocolate - Mocajuba Intenso,0.6975,0,0.6975,2026-06-24,2026-06-10,Produzida
4315,05104116,0260305001,Massa de Chocolate - Moju Intenso,0,0.6975,-0.6975,2026-06-24,2026-06-10,Produzida
4315,05104116,9990311013,Ganache de Taperebá,0.7,0.8525,-0.1525,2026-06-24,2026-06-10,Produzida
4316,9990311013,0050305006,MASSA DE CHOCOLATE -AO LEITE   NF24,0.3043,0.3085,-0.0042,2026-06-11,2026-06-10,Produzida
4316,9990311013,9990107001,MANTEIGA DE CACAU desodorizada,0.009,0,0.009,2026-06-11,2026-06-10,Produzida
4316,9990311013,9990111006,Manteiga de Leite,0.1,0.0461,0.0539,2026-06-11,2026-06-10,Produzida
4316,9990311013,9990111008,Xarope de glucose,0.0116,0.0566,-0.045,2026-06-11,2026-06-10,Produzida
4316,9990311013,9990111021,DEXTROSE,0.0076,0.077,-0.0694,2026-06-11,2026-06-10,Produzida
4316,9990311013,9990111023,Sorbitol em Pó,0.0251,0.0617,-0.0366,2026-06-11,2026-06-10,Produzida
4316,9990311013,9990111053,MALTODEXTRINA DE10 1910,0.0059,0,0.0059,2026-06-11,2026-06-10,Produzida
4316,9990311013,9990111054,Sorbato de Potássio Granulado,0.0008,0,0.0008,2026-06-11,2026-06-10,Produzida
4316,9990311013,9990111058,Tapereba Liofilizado,0.0148,0.056,-0.0412,2026-06-11,2026-06-10,Produzida
4316,9990311013,9990315027,Polpa de Tapereba Reduzida,0.2529,0.118,0.1349,2026-06-11,2026-06-10,Produzida
4317,05104115,0050305006,MASSA DE CHOCOLATE -AO LEITE   NF24,0.5445,0.5445,0,2026-06-24,2026-06-10,Produzida
4317,05104115,9990311042,Recheio Doce de Cupuaçu,0.7,0.6655,0.0345,2026-06-24,2026-06-10,Produzida
4318,9990311042,0050305006,MASSA DE CHOCOLATE -AO LEITE   NF24,0.3206,0.3206,0,2026-06-11,2026-06-10,Produzida
4318,9990311042,9990107001,MANTEIGA DE CACAU desodorizada,0.0053,0.0053,0,2026-06-11,2026-06-10,Produzida
4318,9990311042,9990111006,Manteiga de Leite,0.0479,0.0479,0,2026-06-11,2026-06-10,Produzida
4318,9990311042,9990111008,Xarope de glucose,0.0588,0.0588,0,2026-06-11,2026-06-10,Produzida
4318,9990311042,9990111021,DEXTROSE,0.0801,0.0801,0,2026-06-11,2026-06-10,Produzida
4318,9990311042,9990111023,Sorbitol em Pó,0.0641,0.0641,0,2026-06-11,2026-06-10,Produzida
4318,9990311042,9990111059,Cupuaçu Liofilizado,0.028,0.028,0,2026-06-11,2026-06-10,Produzida
4318,9990311042,9990315026,Polpa de Cupuaçu Reduzida,0.1226,0.1226,0,2026-06-11,2026-06-10,Produzida
4319,0020315001,0020315002,Massa Do Bolo de Chocolate,3.4,3.4,0,2026-06-16,2026-06-11,Produzida
4319,0020315001,0020315003,Recheio Intenso Bolo de Chocolate,0.92,0.92,0,2026-06-16,2026-06-11,Produzida
4319,0020315001,0020315004,Cobertura Bolo de Chocolate,1.4,1.4,0,2026-06-16,2026-06-11,Produzida
4319,0020315001,0050315004,Recheio Ao Leite Bolo de Chocolate,2,1.84,0.16,2026-06-16,2026-06-11,Produzida
4319,0020315001,9990311045,Calda Bolo de Chocolate,0,0.4,-0.4,2026-06-16,2026-06-11,Produzida
4320,0020315002,0020305008,Massa de Chocolate - Mocajuba Intenso,0.602,0,0.602,2026-06-16,2026-06-11,Produzida
4320,0020315002,0050111003,Semente de Cumaru,0.0063,0.0034,0.0029,2026-06-16,2026-06-11,Produzida
4320,0020315002,0140106805,Açúcar refinado,0.3169,0.3169,0,2026-06-16,2026-06-11,Produzida
4320,0020315002,0140106806,Açúcar Mascavo,0.55,0.6337,-0.0837,2026-06-16,2026-06-11,Produzida
4320,0020315002,0260305001,Massa de Chocolate - Moju Intenso,0,0.602,-0.602,2026-06-16,2026-06-11,Produzida
4320,0020315002,9990111006,Manteiga de Leite,0.9506,0.9506,0,2026-06-16,2026-06-11,Produzida
4320,0020315002,9990111068,Farinha de Trigo,0.2377,0.2377,0,2026-06-16,2026-06-11,Produzida
4320,0020315002,99901110703,Gema de ovo pasteurizada,0,0.1095,-0.1095,2026-06-16,2026-06-11,Produzida
4320,0020315002,99901110704,Clara de ovo pasteurizada,0,0.4165,-0.4165,2026-06-16,2026-06-11,Produzida
4320,0020315002,9990111074,Ovo de Galinha,16,0,16,2026-06-16,2026-06-11,Produzida
4320,0020315002,9990117003,Cacau em Pó Alcalino,0.1268,0.1268,0,2026-06-16,2026-06-11,Produzida
4320,0020315002,9990311045,Calda Bolo de Chocolate,0.7,0,0.7,2026-06-16,2026-06-11,Produzida
4321,9990311045,0050111003,Semente de Cumaru,0.0023,0.0023,0,2026-06-15,2026-06-11,Produzida
4321,9990311045,0140106805,Açúcar refinado,0.2333,0.2333,0,2026-06-15,2026-06-11,Produzida
4322,0020315003,0020305008,Massa de Chocolate - Mocajuba Intenso,0.5134,0,0.5134,2026-06-15,2026-06-11,Produzida
4322,0020315003,0050111003,Semente de Cumaru,0.0023,0.0009,0.0014,2026-06-15,2026-06-11,Produzida
4322,0020315003,0260305001,Massa de Chocolate - Moju Intenso,0,0.5134,-0.5134,2026-06-15,2026-06-11,Produzida
4322,0020315003,9990111003,Creme de Leite UHT 25%,0.4043,0.4043,0,2026-06-15,2026-06-11,Produzida
4323,0020315004,0020305008,Massa de Chocolate - Mocajuba Intenso,1.05,0,1.05,2026-06-15,2026-06-11,Produzida
4323,0020315004,0260305001,Massa de Chocolate - Moju Intenso,0,1.05,-1.05,2026-06-15,2026-06-11,Produzida
4323,0020315004,9990111003,Creme de Leite UHT 25%,0.35,0.35,0,2026-06-15,2026-06-11,Produzida
4324,0050315004,0050111003,Semente de Cumaru,0.006,0.002,0.004,2026-06-15,2026-06-11,Produzida
4324,0050315004,0050305006,MASSA DE CHOCOLATE -AO LEITE   NF24,1.4254,1.4254,0,2026-06-15,2026-06-11,Produzida
4324,0050315004,9990111003,Creme de Leite UHT 25%,0.5686,0.5686,0,2026-06-15,2026-06-11,Produzida
4326,0260305002,0140106805,Açúcar refinado,6.74,6.74,0,2026-06-16,2026-06-11,Produzida
4326,0260305002,0260304001,Liquor de Cacau - Moju,3,2.8,0.2,2026-06-16,2026-06-11,Produzida
4326,0260305002,03001001,Leite em Pó integral,5,5,0,2026-06-16,2026-06-11,Produzida
4326,0260305002,9990107001,MANTEIGA DE CACAU desodorizada,5.8,5.8,0,2026-06-16,2026-06-11,Produzida
4326,0260305002,9990111005,Lecitina de Soja,0.06,0.06,0,2026-06-16,2026-06-11,Produzida
4327,0260305001,0140106004,Açúcar Demerara,7.2,7.92,-0.72,2026-06-16,2026-06-11,Produzida
4327,0260305001,0260304001,Liquor de Cacau - Moju,11,12.166,-1.166,2026-06-16,2026-06-11,Produzida
4327,0260305001,9990107001,MANTEIGA DE CACAU desodorizada,1.68,1.848,-0.168,2026-06-16,2026-06-11,Produzida
4327,0260305001,9990111005,Lecitina de Soja,0.06,0.066,-0.006,2026-06-16,2026-06-11,Produzida
4327,0260305001,0140106004,Açúcar Demerara,7.2,7.92,-0.72,2026-06-17,2026-06-11,Produzida
4327,0260305001,0260304001,Liquor de Cacau - Moju,11,12.166,-1.166,2026-06-17,2026-06-11,Produzida
4327,0260305001,9990107001,MANTEIGA DE CACAU desodorizada,1.68,1.848,-0.168,2026-06-17,2026-06-11,Produzida
4327,0260305001,9990111005,Lecitina de Soja,0.06,0.066,-0.006,2026-06-17,2026-06-11,Produzida
4328,0260304001,0260303001,Nibs de Cacau Moju,14,14,0,2026-06-16,2026-06-11,Produzida
4329,0260305003,0260305002,Massa de Chocolate ao Leite - Moju,20.476,20,0.476,2026-06-16,2026-06-15,Produzida
4330,05104122,0260305001,Massa de Chocolate - Moju Intenso,3.798,0,3.798,2026-06-16,2026-06-16,Produzida
4330,05104122,9990311030,Praliné de Avelã colagem,2,0,2,2026-06-16,2026-06-16,Produzida
4332,0100305003,0100305002,Massa Paiter Ao Leite Teste,1,1,0,2026-06-16,2026-06-15,Produzida
4334,05104126,0100305003,Gotas de Chocolate Paiter ao leite,0.916,0.7,0.216,2026-06-16,2026-06-15,Produzida
4335,0100305004,0100305001,Massa Paiter Intenso Teste,1,1,0,2026-06-16,2026-06-15,Produzida
4336,05104127,0100305004,Gotas de Chocolate Paiter Intenso,0.7,0.7,0,2026-06-16,2026-06-15,Produzida
4339,05104124,0260305003,Gotas de Chocolate ao Leite - Moju,3.5,3.5,0,2026-06-16,2026-06-15,Produzida
4340,9990311044,0140106805,Açúcar refinado,0.5,0.5,0,2026-06-16,2026-06-11,Produzida
4340,9990311044,9990111056,Castanha do Pará,0.25,0.25,0,2026-06-16,2026-06-11,Produzida
4340,9990311044,9990111073,Castanha de Caju,1.15,0.25,0.9,2026-06-16,2026-06-11,Produzida
4341,05104120,0020305008,Massa de Chocolate - Mocajuba Intenso,0.0354,0,0.0354,2026-06-16,2026-06-16,Produzida
4341,05104120,0260305001,Massa de Chocolate - Moju Intenso,0,0.0354,-0.0354,2026-06-16,2026-06-16,Produzida
4341,05104120,9990111042,Xerem de Castanha de Caju,0.5,0.0198,0.4802,2026-06-16,2026-06-16,Produzida
4341,05104120,9990311040,Colagem praliné para lua cheia,0.509,0.2448,0.2642,2026-06-16,2026-06-16,Produzida
4342,9990311043,0140106805,Açúcar refinado,15.8791,12,3.8791,2026-06-16,2026-06-08,Produzida
4342,9990311043,9990111020,Avelã,20,18,2,2026-06-16,2026-06-08,Produzida
4343,9990311030,0050305006,MASSA DE CHOCOLATE -AO LEITE   NF24,1.7367,1.7367,0,2026-06-16,2026-06-16,Produzida
4343,9990311030,9990107001,MANTEIGA DE CACAU desodorizada,0.5153,0.5153,0,2026-06-16,2026-06-16,Produzida
4343,9990311030,9990307008,Pomada de manteiga de cacau,0,0.0815,-0.0815,2026-06-16,2026-06-16,Produzida
4343,9990311030,9990311043,Praliné de Avelã,4,5.4266,-1.4266,2026-06-16,2026-06-16,Produzida
4344,9990311030,0050305006,MASSA DE CHOCOLATE -AO LEITE   NF24,1.7154,1.7154,0,2026-06-16,2026-06-16,Produzida
4344,9990311030,9990107001,MANTEIGA DE CACAU desodorizada,0.509,0.509,0,2026-06-16,2026-06-16,Produzida
4344,9990311030,9990307008,Pomada de manteiga de cacau,0,0.0805,-0.0805,2026-06-16,2026-06-16,Produzida
4344,9990311030,9990311043,Praliné de Avelã,4,5.3601,-1.3601,2026-06-16,2026-06-16,Produzida
4345,9990311030,0050305006,MASSA DE CHOCOLATE -AO LEITE   NF24,1.9488,1.8799,0.0689,2026-06-16,2026-06-16,Produzida
4345,9990311030,9990107001,MANTEIGA DE CACAU desodorizada,0.5578,0.5578,0,2026-06-16,2026-06-16,Produzida
4345,9990311030,9990307008,Pomada de manteiga de cacau,0,0.0882,-0.0882,2026-06-16,2026-06-16,Produzida
4345,9990311030,9990311043,Praliné de Avelã,6,5.8741,0.1259,2026-06-16,2026-06-16,Produzida
4346,05104119,0050305026,Mini Lua Cheia Ao Leite 10g,30,30,0,2026-06-16,2026-06-16,Produzida
4347,0050305026,0050305006,MASSA DE CHOCOLATE -AO LEITE   NF24,0.0354,0.0354,0,2026-06-16,2026-06-16,Produzida
4347,0050305026,9990111042,Xerem de Castanha de Caju,0.1,0.0198,0.0802,2026-06-16,2026-06-16,Produzida
4347,0050305026,9990311040,Colagem praliné para lua cheia,0.2448,0.2448,0,2026-06-16,2026-06-16,Produzida
4348,0260305004,0260305001,Massa de Chocolate - Moju Intenso,20,20,0,2026-06-17,2026-06-16,Produzida
4349,05104125,0260305004,Gotas de Chocolate Intenso - Moju,3.5,3.5,0,2026-06-17,2026-06-16,Produzida
4350,05004004,0110321001,Barra 60g Terroir da Amazonia ACARÁ,85,85,0,2026-06-17,2026-06-17,Produzida
4350,05004004,0190213057,Embalagem – mod. Envelope p/ barra,85,85,0,2026-06-17,2026-06-17,Produzida
4350,05004004,0190213104,Folha papel barrado Mágio,85,85,0,2026-06-17,2026-06-17,Produzida
4350,05004004,019021424,CARTÃO QR,85,85,0,2026-06-17,2026-06-17,Produzida
4350,05004004,9990712026,Etiqueta de dif Povos Acará-Açu 6x12,85,85,0,2026-06-17,2026-06-17,Produzida
4350,05004004,9990712036,Etiqueta Branca Povos Acará-Açu 4.5x14.5,85,85,0,2026-06-17,2026-06-17,Produzida
4350,05004004,9990712045,Etiqueta Lacre 2 - Adesivo transparente,85,85,0,2026-06-17,2026-06-17,Produzida
4350,05004004,9990712046,Etiqueta Lacre 1  - Adesivo com hot stam,85,85,0,2026-06-17,2026-06-17,Produzida
4350,05004004,9990712056,Etiqueta alto teor de açúcar e gordura,85,85,0,2026-06-17,2026-06-17,Produzida
4351,0110321001,0110305005,Massa de Chocolate - Chocolate - Acará-A,6,6.12,-0.12,2026-06-17,2026-06-16,Produzida
4352,05104084,0050321021,Barra 60g Terroir da Amazonia Vale do Ja,0,20,-20,2026-06-17,2026-06-17,Produzida
4352,05104084,0190213056,Envelope plastico transparente,0,20,-20,2026-06-17,2026-06-17,Produzida
4352,05104084,05004006,MAGIO Povos Vale do Jari 65% 60g,20,0,20,2026-06-17,2026-06-17,Produzida
4353,0050305037,0260305001,Massa de Chocolate - Moju Intenso,1.975,1.975,0,2026-06-17,2026-06-16,Produzida
4354,05104123,0050305037,PP Língua de Onça 5G Moju Intenso,395,395,0,2026-06-17,2026-06-16,Produzida
4356,05104092,0110321001,Barra 60g Terroir da Amazonia ACARÁ,17,17,0,2026-06-18,2026-06-18,Produzida
4356,05104092,0190213056,Envelope plastico transparente,0,17,-17,2026-06-18,2026-06-18,Produzida
4357,05004102,0050305026,Mini Lua Cheia Ao Leite 10g,240,240,0,2026-06-18,2026-06-18,Produzida
4357,05004102,0190213056,Envelope plastico transparente,0,24,-24,2026-06-18,2026-06-18,Produzida
4357,05004102,0190213107,Caixa mini Lua Cheia ao Leite 100g,24,24,0,2026-06-18,2026-06-18,Produzida
4357,05004102,019021424,CARTÃO QR,24,24,0,2026-06-18,2026-06-18,Produzida
4357,05004102,9990712045,Etiqueta Lacre 2 - Adesivo transparente,48,48,0,2026-06-18,2026-06-18,Produzida
4358,0050305026,0050305006,MASSA DE CHOCOLATE -AO LEITE   NF24,0.3658,0.3658,0,2026-06-18,2026-06-16,Produzida
4358,0050305026,9990111042,Xerem de Castanha de Caju,0.3,0.2046,0.0954,2026-06-18,2026-06-16,Produzida
4358,0050305026,9990311040,Colagem praliné para lua cheia,2.1552,2.5296,-0.3744,2026-06-18,2026-06-16,Produzida
4359,05004047,0050308014,Biscoito 150 gr com choco,99,99,0,2026-06-18,2026-06-18,Produzida
4359,05004047,0190213062,Caixa Biscoitos Fundo choco,99,99,0,2026-06-18,2026-06-18,Produzida
4359,05004047,0190213063,Caixa Biscoitos luva choco,99,99,0,2026-06-18,2026-06-18,Produzida
4359,05004047,019021424,CARTÃO QR,99,99,0,2026-06-18,2026-06-18,Produzida
4359,05004047,9990712045,Etiqueta Lacre 2 - Adesivo transparente,99,99,0,2026-06-18,2026-06-18,Produzida
4360,05004056,0050321011,Barras com recheios - 80g   Pistache,159,159,0,2026-06-18,2026-06-18,Produzida
4360,05004056,0190213056,Envelope plastico transparente,159,159,0,2026-06-18,2026-06-18,Produzida
4360,05004056,0190213166,Caixa ES Ao Leite Praliné de Pistache,159,159,0,2026-06-18,2026-06-18,Produzida
4360,05004056,019021424,CARTÃO QR,159,159,0,2026-06-18,2026-06-18,Produzida
4360,05004056,0050321011,Barras com recheios - 80g   Pistache,159,159,0,2026-06-22,2026-06-22,Produzida
4360,05004056,0190213056,Envelope plastico transparente,159,159,0,2026-06-22,2026-06-22,Produzida
4360,05004056,0190213166,Caixa ES Ao Leite Praliné de Pistache,159,159,0,2026-06-22,2026-06-22,Produzida
4360,05004056,019021424,CARTÃO QR,159,159,0,2026-06-22,2026-06-22,Produzida
4360,05004056,0050321011,Barras com recheios - 80g   Pistache,159,159,0,2026-06-23,2026-06-22,Produzida
4360,05004056,0190213056,Envelope plastico transparente,159,159,0,2026-06-23,2026-06-22,Produzida
4360,05004056,0190213166,Caixa ES Ao Leite Praliné de Pistache,159,159,0,2026-06-23,2026-06-22,Produzida
4360,05004056,019021424,CARTÃO QR,159,159,0,2026-06-23,2026-06-22,Produzida
4361,0050321011,0050305006,MASSA DE CHOCOLATE -AO LEITE   NF24,5.5809,5.5809,0,2026-06-18,2026-06-16,Produzida
4361,0050321011,9990311031,Praliné Pistache colagem,7.1391,7.1391,0,2026-06-18,2026-06-16,Produzida
4362,0020315001,0020315002,Massa Do Bolo de Chocolate,3.4,3.4,0,2026-06-18,2026-06-18,Produzida
4362,0020315001,0020315003,Recheio Intenso Bolo de Chocolate,0.92,0.92,0,2026-06-18,2026-06-18,Produzida
4362,0020315001,0020315004,Cobertura Bolo de Chocolate,1.4,1.4,0,2026-06-18,2026-06-18,Produzida
4362,0020315001,0050315004,Recheio Ao Leite Bolo de Chocolate,1.84,1.84,0,2026-06-18,2026-06-18,Produzida
4362,0020315001,9990311045,Calda Bolo de Chocolate,0,0.4,-0.4,2026-06-18,2026-06-18,Produzida
4363,0020315002,0020305008,Massa de Chocolate - Mocajuba Intenso,0.602,0,0.602,2026-06-18,2026-06-18,Produzida
4363,0020315002,0050111003,Semente de Cumaru,0.0003,0.0034,-0.0031,2026-06-18,2026-06-18,Produzida
4363,0020315002,0140106805,Açúcar refinado,0.3169,0.3169,0,2026-06-18,2026-06-18,Produzida
4363,0020315002,0140106806,Açúcar Mascavo,0.6337,0.6337,0,2026-06-18,2026-06-18,Produzida
4363,0020315002,0260305001,Massa de Chocolate - Moju Intenso,0,0.602,-0.602,2026-06-18,2026-06-18,Produzida
4363,0020315002,9990111006,Manteiga de Leite,0.9506,0.9506,0,2026-06-18,2026-06-18,Produzida
4363,0020315002,9990111068,Farinha de Trigo,0.2377,0.2377,0,2026-06-18,2026-06-18,Produzida
4363,0020315002,99901110703,Gema de ovo pasteurizada,0,0.1095,-0.1095,2026-06-18,2026-06-18,Produzida
4363,0020315002,99901110704,Clara de ovo pasteurizada,0,0.4165,-0.4165,2026-06-18,2026-06-18,Produzida
4363,0020315002,9990111074,Ovo de Galinha,16,0,16,2026-06-18,2026-06-18,Produzida
4363,0020315002,9990117003,Cacau em Pó Alcalino,0.1268,0.1268,0,2026-06-18,2026-06-18,Produzida
4363,0020315002,9990311045,Calda Bolo de Chocolate,0.68,0,0.68,2026-06-18,2026-06-18,Produzida
4364,9990311045,0050111003,Semente de Cumaru,0,0.0022,-0.0022,2026-06-18,2026-06-18,Produzida
4364,9990311045,0140106805,Açúcar refinado,0.2267,0.2267,0,2026-06-18,2026-06-18,Produzida
4365,0020315003,0020305008,Massa de Chocolate - Mocajuba Intenso,0.5134,0,0.5134,2026-06-18,2026-06-18,Produzida
4365,0020315003,0050111003,Semente de Cumaru,0,0.0009,-0.0009,2026-06-18,2026-06-18,Produzida
4365,0020315003,0260305001,Massa de Chocolate - Moju Intenso,0,0.5134,-0.5134,2026-06-18,2026-06-18,Produzida
4365,0020315003,9990111003,Creme de Leite UHT 25%,0.4043,0.4043,0,2026-06-18,2026-06-18,Produzida
4366,0020315004,0020305008,Massa de Chocolate - Mocajuba Intenso,1.05,0,1.05,2026-06-18,2026-06-18,Produzida
4366,0020315004,0260305001,Massa de Chocolate - Moju Intenso,0,1.05,-1.05,2026-06-18,2026-06-18,Produzida
4366,0020315004,9990111003,Creme de Leite UHT 25%,0.35,0.35,0,2026-06-18,2026-06-18,Produzida
4367,0050315004,0050111003,Semente de Cumaru,0,0.0018,-0.0018,2026-06-18,2026-06-18,Produzida
4367,0050315004,0050305006,MASSA DE CHOCOLATE -AO LEITE   NF24,1.3114,1.3114,0,2026-06-18,2026-06-18,Produzida
4367,0050315004,9990111003,Creme de Leite UHT 25%,0.7758,0.5231,0.2527,2026-06-18,2026-06-18,Produzida
4368,9990311044,0140106805,Açúcar refinado,0.5,0.5,0,2026-06-18,2026-06-18,Produzida
4368,9990311044,9990111056,Castanha do Pará,0.25,0.25,0,2026-06-18,2026-06-18,Produzida
4368,9990311044,9990111073,Castanha de Caju,0.25,0.25,0,2026-06-18,2026-06-18,Produzida
4369,05004048,0050308015,Biscoito 150 gr com Cupu,36,36,0,2026-06-19,2026-06-19,Produzida
4369,05004048,0190213074,Caixa Biscoitos Fundo cupu,36,36,0,2026-06-19,2026-06-19,Produzida
4369,05004048,0190213075,Caixa Biscoitos luva cupu,36,36,0,2026-06-19,2026-06-19,Produzida
4369,05004048,019021424,CARTÃO QR,36,36,0,2026-06-19,2026-06-19,Produzida
4369,05004048,9990712045,Etiqueta Lacre 2 - Adesivo transparente,36,36,0,2026-06-19,2026-06-19,Produzida
4370,05004148,0190213116,Fundo Caixa 14 bombons,15,15,0,2026-06-19,2026-06-19,Produzida
4370,05004148,0190213124,Forminha para Bombons Caixas,210,210,0,2026-06-19,2026-06-19,Produzida
4370,05004148,0190213130,Berço Base Caixa 14 Bombons,15,15,0,2026-06-19,2026-06-19,Produzida
4370,05004148,0190213133,Berço interno caixa 14 bombons,30,30,0,2026-06-19,2026-06-19,Produzida
4370,05004148,0190213134,Folder das Caixas de 14 Bombons,15,15,0,2026-06-19,2026-06-19,Produzida
4370,05004148,01902131562,Candy Pad branco caixa 14,15,15,0,2026-06-19,2026-06-19,Produzida
4370,05004148,0190213172,Tampa Caixa 14 bombons,15,15,0,2026-06-19,2026-06-19,Produzida
4370,05004148,019021424,CARTÃO QR,15,15,0,2026-06-19,2026-06-19,Produzida
4370,05004148,05104109,Bombom NM Mini Lua Cheia ao Leite 10g,30,30,0,2026-06-19,2026-06-19,Produzida
4370,05004148,05104110,Bombom NM Choc Lt Praliné de Avelã 9g,15,15,0,2026-06-19,2026-06-19,Produzida
4370,05004148,05104111,Bombom NM Choc Int Praliné de Avelã 9g,15,15,0,2026-06-19,2026-06-19,Produzida
4370,05004148,05104112,Bombom NM Choc Int Ganache Int 11g,15,15,0,2026-06-19,2026-06-19,Produzida
4370,05004148,05104113,Bombom NM Chocolate ao Leite 11g,15,15,0,2026-06-19,2026-06-19,Produzida
4370,05004148,05104114,Bombom NM Chocolate Leite Pistache 10g,15,15,0,2026-06-19,2026-06-19,Produzida
4370,05004148,05104115,Bombom NM Choc Lt  Doce de Cupuaçu 10g,30,30,0,2026-06-19,2026-06-19,Produzida
4370,05004148,05104116,Bombom NM Chocolate Intenso Taperebá 10g,30,30,0,2026-06-19,2026-06-19,Produzida
4370,05004148,05104117,Bombom NM Chocolate LT Maracujá 9g,30,30,0,2026-06-19,2026-06-19,Produzida
4370,05004148,05104118,Bombom NM Choc Lt Castanha do Pará 8g,15,15,0,2026-06-19,2026-06-19,Produzida
4371,05104109,0050305026,Mini Lua Cheia Ao Leite 10g,70,70,0,2026-06-19,2026-06-16,Produzida
4372,05104110,0050305006,MASSA DE CHOCOLATE -AO LEITE   NF24,0.1418,0.1418,0,2026-06-19,2026-06-16,Produzida
4372,05104110,9990311030,Praliné de Avelã colagem,0.1733,0.1733,0,2026-06-19,2026-06-16,Produzida
4373,05104111,0020305008,Massa de Chocolate - Mocajuba Intenso,0.1418,0,0.1418,2026-06-19,2026-06-16,Produzida
4373,05104111,0260305001,Massa de Chocolate - Moju Intenso,0,0.1418,-0.1418,2026-06-19,2026-06-16,Produzida
4373,05104111,9990311030,Praliné de Avelã colagem,0.1733,0.1733,0,2026-06-19,2026-06-16,Produzida
4374,05104112,0020305008,Massa de Chocolate - Mocajuba Intenso,0.1733,0,0.1733,2026-06-19,2026-06-16,Produzida
4374,05104112,0260305001,Massa de Chocolate - Moju Intenso,0,0.1733,-0.1733,2026-06-19,2026-06-16,Produzida
4374,05104112,9990311025,Ganache Chocolate intenso,0.251,0.2118,0.0392,2026-06-19,2026-06-16,Produzida
4376,9990311025,0020305008,Massa de Chocolate - Mocajuba Intenso,0.1462,0,0.1462,2026-06-19,2026-06-16,Produzida
4376,9990311025,0140106804,Açúcar invertido,0.0136,0.0136,0,2026-06-19,2026-06-16,Produzida
4376,9990311025,0260305001,Massa de Chocolate - Moju Intenso,0,0.1462,-0.1462,2026-06-19,2026-06-16,Produzida
4376,9990311025,9990107001,MANTEIGA DE CACAU desodorizada,0.0024,0.0024,0,2026-06-19,2026-06-16,Produzida
4376,9990311025,9990111003,Creme de Leite UHT 25%,0.0617,0.0617,0,2026-06-19,2026-06-16,Produzida
4376,9990311025,9990111006,Manteiga de Leite,0.0114,0.0114,0,2026-06-19,2026-06-16,Produzida
4376,9990311025,9990111023,Sorbitol em Pó,0.0146,0.0146,0,2026-06-19,2026-06-16,Produzida
4377,05104113,0050305006,MASSA DE CHOCOLATE -AO LEITE   NF24,0.385,0.385,0,2026-06-19,2026-06-16,Produzida
4378,05104114,0050305006,MASSA DE CHOCOLATE -AO LEITE   NF24,0.1575,0.1575,0,2026-06-19,2026-06-16,Produzida
4378,05104114,9990311031,Praliné Pistache colagem,0.1925,0.1925,0,2026-06-19,2026-06-16,Produzida
4379,05104115,0050305006,MASSA DE CHOCOLATE -AO LEITE   NF24,0.315,0.315,0,2026-06-19,2026-06-16,Produzida
4379,05104115,9990311042,Recheio Doce de Cupuaçu,0.4,0.385,0.015,2026-06-19,2026-06-16,Produzida
4380,9990311042,0050305006,MASSA DE CHOCOLATE -AO LEITE   NF24,0.1832,0.1832,0,2026-06-19,2026-06-16,Produzida
4380,9990311042,9990107001,MANTEIGA DE CACAU desodorizada,0.003,0.003,0,2026-06-19,2026-06-16,Produzida
4380,9990311042,9990111006,Manteiga de Leite,0.0274,0.0274,0,2026-06-19,2026-06-16,Produzida
4380,9990311042,9990111008,Xarope de glucose,0.0336,0.0336,0,2026-06-19,2026-06-16,Produzida
4380,9990311042,9990111021,DEXTROSE,0.0458,0.0458,0,2026-06-19,2026-06-16,Produzida
4380,9990311042,9990111023,Sorbitol em Pó,0.0366,0.0366,0,2026-06-19,2026-06-16,Produzida
4380,9990311042,9990111059,Cupuaçu Liofilizado,0.016,0.016,0,2026-06-19,2026-06-16,Produzida
4380,9990311042,9990315026,Polpa de Cupuaçu Reduzida,0.0701,0.0701,0,2026-06-19,2026-06-16,Produzida
4381,05104118,0050305006,MASSA DE CHOCOLATE -AO LEITE   NF24,0.4,0.4,0,2026-06-19,2026-06-16,Produzida
4381,05104118,9990111056,Castanha do Pará,0.04,0.04,0,2026-06-19,2026-06-16,Produzida
4382,05104116,0020305008,Massa de Chocolate - Mocajuba Intenso,0.315,0,0.315,2026-06-19,2026-06-16,Produzida
4382,05104116,0260305001,Massa de Chocolate - Moju Intenso,0,0.315,-0.315,2026-06-19,2026-06-16,Produzida
4382,05104116,9990311013,Ganache de Taperebá,0.4,0.385,0.015,2026-06-19,2026-06-16,Produzida
4383,9990311013,0050305006,MASSA DE CHOCOLATE -AO LEITE   NF24,0.1739,0.1763,-0.0024,2026-06-19,2026-06-16,Produzida
4383,9990311013,9990107001,MANTEIGA DE CACAU desodorizada,0.0051,0,0.0051,2026-06-19,2026-06-16,Produzida
4383,9990311013,9990111006,Manteiga de Leite,0.0184,0.0263,-0.0079,2026-06-19,2026-06-16,Produzida
4383,9990311013,9990111008,Xarope de glucose,0.0066,0.0323,-0.0257,2026-06-19,2026-06-16,Produzida
4383,9990311013,9990111021,DEXTROSE,0.0044,0.044,-0.0396,2026-06-19,2026-06-16,Produzida
4383,9990311013,9990111023,Sorbitol em Pó,0.0116,0.0352,-0.0236,2026-06-19,2026-06-16,Produzida
4383,9990311013,9990111053,MALTODEXTRINA DE10 1910,0.0034,0,0.0034,2026-06-19,2026-06-16,Produzida
4383,9990311013,9990111054,Sorbato de Potássio Granulado,0.0004,0,0.0004,2026-06-19,2026-06-16,Produzida
4383,9990311013,9990111058,Tapereba Liofilizado,0.0293,0.032,-0.0027,2026-06-19,2026-06-16,Produzida
4383,9990311013,9990315027,Polpa de Tapereba Reduzida,0.1887,0.0674,0.1213,2026-06-19,2026-06-16,Produzida
4384,05104117,0050305006,MASSA DE CHOCOLATE -AO LEITE   NF24,0.2835,0.2835,0,2026-06-19,2026-06-16,Produzida
4384,05104117,9990311041,Ganache maracujá,0.3,0.3465,-0.0465,2026-06-19,2026-06-16,Produzida
4385,9990311041,0020305008,Massa de Chocolate - Mocajuba Intenso,0.1237,0,0.1237,2026-06-19,2026-06-16,Produzida
4385,9990311041,0050305006,MASSA DE CHOCOLATE -AO LEITE   NF24,0.0137,0.0137,0,2026-06-19,2026-06-16,Produzida
4385,9990311041,0260305001,Massa de Chocolate - Moju Intenso,0,0.1237,-0.1237,2026-06-19,2026-06-16,Produzida
4385,9990311041,9990107001,MANTEIGA DE CACAU desodorizada,0.0045,0.0023,0.0022,2026-06-19,2026-06-16,Produzida
4385,9990311041,9990111006,Manteiga de Leite,0.0205,0.0205,0,2026-06-19,2026-06-16,Produzida
4385,9990311041,9990111008,Xarope de glucose,0.0252,0.0252,0,2026-06-19,2026-06-16,Produzida
4385,9990311041,9990111021,DEXTROSE,0.0343,0.0343,0,2026-06-19,2026-06-16,Produzida
4385,9990311041,9990111023,Sorbitol em Pó,0,0.0275,-0.0275,2026-06-19,2026-06-16,Produzida
4385,9990311041,9990111053,MALTODEXTRINA DE10 1910,0.0027,0,0.0027,2026-06-19,2026-06-16,Produzida
4385,9990311041,9990111054,Sorbato de Potássio Granulado,0.0004,0,0.0004,2026-06-19,2026-06-16,Produzida
4385,9990311041,999011184,Maracujá Liofilizado,0,0.0036,-0.0036,2026-06-19,2026-06-16,Produzida
4385,9990311041,9990315025,Polpa de Maracujá Reduzida,0.0526,0.0526,0,2026-06-19,2026-06-16,Produzida
4386,05004149,0190213117,Caixa 30 bombons,10,10,0,2026-06-19,2026-06-19,Produzida
4386,05004149,0190213124,Forminha para Bombons Caixas,300,300,0,2026-06-19,2026-06-19,Produzida
4386,05004149,0190213125,Tampa Caixa 30 bombons,10,10,0,2026-06-19,2026-06-19,Produzida
4386,05004149,0190213135,Folder das Caixas de 30 Bombons,10,10,0,2026-06-19,2026-06-19,Produzida
4386,05004149,01902131561,Candy Pad branco caixa 30,10,10,0,2026-06-19,2026-06-19,Produzida
4386,05004149,019021424,CARTÃO QR,10,10,0,2026-06-19,2026-06-19,Produzida
4386,05004149,05104109,Bombom NM Mini Lua Cheia ao Leite 10g,40,40,0,2026-06-19,2026-06-19,Produzida
4386,05004149,05104110,Bombom NM Choc Lt Praliné de Avelã 9g,20,20,0,2026-06-19,2026-06-19,Produzida
4386,05004149,05104111,Bombom NM Choc Int Praliné de Avelã 9g,20,20,0,2026-06-19,2026-06-19,Produzida
4386,05004149,05104112,Bombom NM Choc Int Ganache Int 11g,20,20,0,2026-06-19,2026-06-19,Produzida
4386,05004149,05104113,Bombom NM Chocolate ao Leite 11g,20,20,0,2026-06-19,2026-06-19,Produzida
4386,05004149,05104114,Bombom NM Chocolate Leite Pistache 10g,20,20,0,2026-06-19,2026-06-19,Produzida
4386,05004149,05104115,Bombom NM Choc Lt  Doce de Cupuaçu 10g,40,40,0,2026-06-19,2026-06-19,Produzida
4386,05004149,05104116,Bombom NM Chocolate Intenso Taperebá 10g,40,40,0,2026-06-19,2026-06-19,Produzida
4386,05004149,05104117,Bombom NM Chocolate LT Maracujá 9g,40,40,0,2026-06-19,2026-06-19,Produzida
4386,05004149,05104118,Bombom NM Choc Lt Castanha do Pará 8g,40,40,0,2026-06-19,2026-06-19,Produzida
4386,05004149,9990712045,Etiqueta Lacre 2 - Adesivo transparente,40,0,40,2026-06-19,2026-06-19,Produzida
4387,05104122,0050305006,MASSA DE CHOCOLATE -AO LEITE   NF24,0.1145,0,0.1145,2026-06-22,2026-06-16,Produzida
4387,05104122,9990107001,MANTEIGA DE CACAU desodorizada,0.0019,0,0.0019,2026-06-22,2026-06-16,Produzida
4387,05104122,9990111006,Manteiga de Leite,0.0171,0,0.0171,2026-06-22,2026-06-16,Produzida
4387,05104122,9990111008,Xarope de glucose,0.021,0,0.021,2026-06-22,2026-06-16,Produzida
4387,05104122,9990111021,DEXTROSE,0.0286,0,0.0286,2026-06-22,2026-06-16,Produzida
4387,05104122,9990111058,Tapereba Liofilizado,0.02,0,0.02,2026-06-22,2026-06-16,Produzida
4387,05104122,9990315027,Polpa de Tapereba Reduzida,0.0438,0,0.0438,2026-06-22,2026-06-16,Produzida
4388,0050305025,0050305006,MASSA DE CHOCOLATE -AO LEITE   NF24,2.544,2.544,0,2026-06-22,2026-06-16,Produzida
4388,0050305025,9990311009,Recheio Yara Maracujá,1,1.007,-0.007,2026-06-22,2026-06-16,Produzida
4388,0050305025,9990311038,Recheio Caramelo Maracujá,0.689,0.689,0,2026-06-22,2026-06-16,Produzida
4389,05104033,0050305025,FORMIGUEIRO MARACUJÁ 16g,80,80,0,2026-06-22,2026-06-16,Produzida
4390,05004043,0050305025,FORMIGUEIRO MARACUJÁ 16g,185,185,0,2026-06-22,2026-06-22,Produzida
4390,05004043,0190213072,Caixa formigueiro Maracuja,37,37,0,2026-06-22,2026-06-22,Produzida
4390,05004043,019021424,CARTÃO QR,37,37,0,2026-06-22,2026-06-22,Produzida
4390,05004043,9990712045,Etiqueta Lacre 2 - Adesivo transparente,37,37,0,2026-06-22,2026-06-22,Produzida
4391,05104026,0050305006,MASSA DE CHOCOLATE -AO LEITE   NF24,0.55,0,0.55,2026-06-22,2026-06-22,Produzida
4391,05104026,0050305014,PP LÍNGUA DE ONÇA 11G AO LEITE,0,50,-50,2026-06-22,2026-06-22,Produzida
4392,05104027,0020305008,Massa de Chocolate - Mocajuba Intenso,0.55,0,0.55,2026-06-22,2026-06-22,Produzida
4392,05104027,0050305017,PP LÍNGUA DE ONÇA 11G INTENSO,0,50,-50,2026-06-22,2026-06-22,Produzida
4393,05004151,0190213131,Caixa SSAL SIMPLES,7,7,0,2026-06-23,2026-06-23,Produzida
4393,05004151,0190213132,Envelope SSAL,7,7,0,2026-06-23,2026-06-23,Produzida
4393,05004151,0190213138,Folder informação nutricional SSAL,7,7,0,2026-06-23,2026-06-23,Produzida
4393,05004151,0190213141,Foto A4 Paisagem Pico,7,7,0,2026-06-23,2026-06-23,Produzida
4393,05004151,0190213154,Candy Pad Caixa 7 camadas black,7,7,0,2026-06-23,2026-06-23,Produzida
4393,05004151,019021424,CARTÃO QR,7,7,0,2026-06-23,2026-06-23,Produzida
4393,05004151,05104097,Bombom SSAL Choc Lt praliné de avelã 9g,28,28,0,2026-06-23,2026-06-23,Produzida
4393,05004151,05104098,Bombom SSAL Choc Lt Doce Cupu 10 g,28,28,0,2026-06-23,2026-06-23,Produzida
4393,05004151,05104099,Bombom SSAL Choc Lt Castanha do Pará 8g,28,28,0,2026-06-23,2026-06-23,Produzida
4393,05004151,05104101,Bombom SSAL Choc Branco Nibs 8g,28,28,0,2026-06-23,2026-06-23,Produzida
4393,05004151,05104103,Bombom SSAL Choc Int Ganache Int 9g,28,28,0,2026-06-23,2026-06-23,Produzida
4393,05004151,05104104,Bombom SSAL Choc Int Taperebá 10g,28,28,0,2026-06-23,2026-06-23,Produzida
4393,05004151,945,Folder SSAL,7,7,0,2026-06-23,2026-06-23,Produzida
4393,05004151,9990712064,"ADESIVO SSAL- 3,5X5,5CM",14,14,0,2026-06-23,2026-06-23,Produzida
4393,05004151,9990712068,"ADESIVO SSAL - 1,1X4,5CM",28,28,0,2026-06-23,2026-06-23,Produzida
4394,05104097,0070305010,Massa de Chocolate - Yanomami Leite Test,0.1134,0.1134,0,2026-06-23,2026-06-22,Produzida
4394,05104097,9990311030,Praliné de Avelã colagem,0.1386,0.1386,0,2026-06-23,2026-06-22,Produzida
4395,05104104,0070305005,Massa de Chocolate - Chocolate - Yanomam,0.126,0,0.126,2026-06-23,2026-06-22,Produzida
4395,05104104,0070305009,Massa de Chocolate - Yanomami Teste Inte,0,0.126,-0.126,2026-06-23,2026-06-22,Produzida
4395,05104104,9990311013,Ganache de Taperebá,0.2,0.154,0.046,2026-06-23,2026-06-22,Produzida
4396,9990311013,0050305006,MASSA DE CHOCOLATE -AO LEITE   NF24,0.0869,0.0881,-0.0012,2026-06-23,2026-06-22,Produzida
4396,9990311013,9990107001,MANTEIGA DE CACAU desodorizada,0.0026,0,0.0026,2026-06-23,2026-06-22,Produzida
4396,9990311013,9990111006,Manteiga de Leite,0.0092,0.0132,-0.004,2026-06-23,2026-06-22,Produzida
4396,9990311013,9990111008,Xarope de glucose,0.0033,0.0162,-0.0129,2026-06-23,2026-06-22,Produzida
4396,9990311013,9990111021,DEXTROSE,0.0022,0.022,-0.0198,2026-06-23,2026-06-22,Produzida
4396,9990311013,9990111023,Sorbitol em Pó,0.0072,0.0176,-0.0104,2026-06-23,2026-06-22,Produzida
4396,9990311013,9990111053,MALTODEXTRINA DE10 1910,0.0017,0,0.0017,2026-06-23,2026-06-22,Produzida
4396,9990311013,9990111054,Sorbato de Potássio Granulado,0.0002,0,0.0002,2026-06-23,2026-06-22,Produzida
4396,9990311013,9990111058,Tapereba Liofilizado,0.0147,0.016,-0.0013,2026-06-23,2026-06-22,Produzida
4396,9990311013,9990315027,Polpa de Tapereba Reduzida,0.0723,0.0337,0.0386,2026-06-23,2026-06-22,Produzida
4397,0040305007,0040303003,Nibs de Cacau - Vale do Jarí (PA/AP),14.25,14.25,0,2026-06-23,2026-06-17,Produzida
4397,0040305007,0140106004,Açúcar Demerara,9.25,9.25,0,2026-06-23,2026-06-17,Produzida
4397,0040305007,9990107001,MANTEIGA DE CACAU desodorizada,1.5,1.5,0,2026-06-23,2026-06-17,Produzida
4398,0010305007,0010303003,Nibs de Cacau - Xiba,33.06,33.06,0,2026-06-23,2026-06-23,Produzida
4398,0010305007,0140106004,Açúcar Demerara,21.46,21.46,0,2026-06-23,2026-06-23,Produzida
4398,0010305007,9990107001,MANTEIGA DE CACAU desodorizada,3.48,3.48,0,2026-06-23,2026-06-23,Produzida
4399,05104098,0070305010,Massa de Chocolate - Yanomami Leite Test,0.126,0.126,0,2026-06-23,2026-06-22,Produzida
4399,05104098,9990311042,Recheio Doce de Cupuaçu,0.2,0.154,0.046,2026-06-23,2026-06-22,Produzida
4400,9990311042,0050305006,MASSA DE CHOCOLATE -AO LEITE   NF24,0.0916,0.0916,0,2026-06-23,2026-06-22,Produzida
4400,9990311042,9990107001,MANTEIGA DE CACAU desodorizada,0.0015,0.0015,0,2026-06-23,2026-06-22,Produzida
4400,9990311042,9990111006,Manteiga de Leite,0.0137,0.0137,0,2026-06-23,2026-06-22,Produzida
4400,9990311042,9990111008,Xarope de glucose,0.0168,0.0168,0,2026-06-23,2026-06-22,Produzida
4400,9990311042,9990111021,DEXTROSE,0.0229,0.0229,0,2026-06-23,2026-06-22,Produzida
4400,9990311042,9990111023,Sorbitol em Pó,0.0183,0.0183,0,2026-06-23,2026-06-22,Produzida
4400,9990311042,9990111059,Cupuaçu Liofilizado,0.034,0.008,0.026,2026-06-23,2026-06-22,Produzida
4400,9990311042,9990315026,Polpa de Cupuaçu Reduzida,0.035,0.035,0,2026-06-23,2026-06-22,Produzida
4401,0260102001,0260101001,Amêndoa de Cacau Seca Aprovada- Moju-Pa,168.531,168.531,0,2026-06-23,2026-06-23,Em Produção
4402,05104099,0050305006,MASSA DE CHOCOLATE -AO LEITE   NF24,0.2036,0.2036,0,2026-06-23,2026-06-22,Produzida
4402,05104099,9990111056,Castanha do Pará,0.0204,0.0204,0,2026-06-23,2026-06-22,Produzida
4403,05104101,0070303003,Nibs de Cacau - Yanomami (RR),0.0224,0.0224,0,2026-06-23,2026-06-22,Produzida
4403,05104101,0500305002,Massa de Chocolate Branco - teste 2025,0.2016,0.2016,0,2026-06-23,2026-06-22,Produzida
4404,05104103,0070305005,Massa de Chocolate - Chocolate - Yanomam,0.1134,0,0.1134,2026-06-23,2026-06-22,Produzida
4404,05104103,0070305009,Massa de Chocolate - Yanomami Teste Inte,0,0.1134,-0.1134,2026-06-23,2026-06-22,Produzida
4404,05104103,9990311025,Ganache Chocolate intenso,0.2,0.1386,0.0614,2026-06-23,2026-06-22,Produzida
4405,9990311025,0020305008,Massa de Chocolate - Mocajuba Intenso,0.117,0,0.117,2026-06-23,2026-06-22,Produzida
4405,9990311025,0140106804,Açúcar invertido,0.0109,0.0109,0,2026-06-23,2026-06-22,Produzida
4405,9990311025,0260305001,Massa de Chocolate - Moju Intenso,0,0.117,-0.117,2026-06-23,2026-06-22,Produzida
4405,9990311025,9990107001,MANTEIGA DE CACAU desodorizada,0.002,0.002,0,2026-06-23,2026-06-22,Produzida
4405,9990311025,9990111003,Creme de Leite UHT 25%,0.0494,0.0494,0,2026-06-23,2026-06-22,Produzida
4405,9990311025,9990111006,Manteiga de Leite,0.0091,0.0091,0,2026-06-23,2026-06-22,Produzida
4405,9990311025,9990111023,Sorbitol em Pó,0.0117,0.0117,0,2026-06-23,2026-06-22,Produzida
4406,0260303001,0260102001,Amêndoa torrada aprovada Moju,63.7569,55,8.7569,2026-06-23,2026-06-23,Em Produção
4407,0100305001,0100303003,Nibs de Cacau - Paiter Suruí (RO),1.71,1.71,0,2026-06-23,2026-06-23,Produzida
4407,0100305001,0140106004,Açúcar Demerara,1.11,1.11,0,2026-06-23,2026-06-23,Produzida
4407,0100305001,9990107001,MANTEIGA DE CACAU desodorizada,0.18,0.18,0,2026-06-23,2026-06-23,Produzida
4408,0100305002,0100303003,Nibs de Cacau - Paiter Suruí (RO),0.42,0.42,0,2026-06-23,2026-06-23,Produzida
4408,0100305002,0140106004,Açúcar Demerara,1.02,1.02,0,2026-06-23,2026-06-23,Produzida
4408,0100305002,03001001,Leite em Pó integral,0.84,0.84,0,2026-06-23,2026-06-23,Produzida
4408,0100305002,9990107001,MANTEIGA DE CACAU desodorizada,0.72,0.72,0,2026-06-23,2026-06-23,Produzida
4409,0110305005,0110303003,Nibs de Cacau - Acará-Açu (PA),4.5,4.5,0,2026-06-24,2026-06-10,Produzida
4409,0110305005,0140106004,Açúcar Demerara,1.5,1.5,0,2026-06-24,2026-06-10,Produzida
4410,05004138,0050305021,PP Língua de Onça intenso Praliné 11G,305,307,-2,2026-06-23,2026-06-17,Produzida
4410,05004138,0190213093,Flowpack LO Intenso c/ Praliné,424,307,117,2026-06-23,2026-06-17,Produzida
4411,0050305021,0020305008,Massa de Chocolate - Mocajuba Intenso,2.5376,0,2.5376,2026-06-23,2026-06-17,Produzida
4411,0050305021,0260305001,Massa de Chocolate - Moju Intenso,0,2.5376,-2.5376,2026-06-23,2026-06-17,Produzida
4411,0050305021,9990307008,Pomada de manteiga de cacau,0,0.0256,-0.0256,2026-06-23,2026-06-17,Produzida
4411,0050305021,9990311030,Praliné de Avelã colagem,1.7088,1.7088,0,2026-06-23,2026-06-17,Produzida
4412,05004056,0050321011,Barras com recheios - 80g   Pistache,77,77,0,2026-06-23,2026-06-23,Produzida
4412,05004056,0190213056,Envelope plastico transparente,77,77,0,2026-06-23,2026-06-23,Produzida
4412,05004056,0190213166,Caixa ES Ao Leite Praliné de Pistache,77,77,0,2026-06-23,2026-06-23,Produzida
4412,05004056,019021424,CARTÃO QR,77,77,0,2026-06-23,2026-06-23,Produzida
4413,0050321011,0050305006,MASSA DE CHOCOLATE -AO LEITE   NF24,2.808,2.808,0,2026-06-23,2026-06-19,Produzida
4413,0050321011,9990311031,Praliné Pistache colagem,3.8977,3.592,0.3057,2026-06-23,2026-06-19,Produzida
4415,05004014,0050305020,PP Língua de Onça intenso Praliné 5G,3152,3152,0,2026-06-23,2026-06-23,Produzida
4415,05004014,0190213051,Caixa Base  LO 80g,197,197,0,2026-06-23,2026-06-23,Produzida
4415,05004014,0190213053,Luva LO 80GR Intenso com Praliné,197,197,0,2026-06-23,2026-06-23,Produzida
4415,05004014,0190213060,Berço termoformado LO,197,197,0,2026-06-23,2026-06-23,Produzida
4415,05004014,019021424,CARTÃO QR,197,197,0,2026-06-23,2026-06-23,Produzida
4415,05004014,9990712045,Etiqueta Lacre 2 - Adesivo transparente,197,197,0,2026-06-23,2026-06-23,Produzida
4415,05004014,0050305020,PP Língua de Onça intenso Praliné 5G,3152,3152,0,2026-06-24,2026-06-23,Produzida
4415,05004014,0190213051,Caixa Base  LO 80g,197,197,0,2026-06-24,2026-06-23,Produzida
4415,05004014,0190213053,Luva LO 80GR Intenso com Praliné,197,197,0,2026-06-24,2026-06-23,Produzida
4415,05004014,0190213060,Berço termoformado LO,197,197,0,2026-06-24,2026-06-23,Produzida
4415,05004014,019021424,CARTÃO QR,197,197,0,2026-06-24,2026-06-23,Produzida
4415,05004014,9990712045,Etiqueta Lacre 2 - Adesivo transparente,197,197,0,2026-06-24,2026-06-23,Produzida
4416,0050305020,0020305008,Massa de Chocolate - Mocajuba Intenso,9.3614,0,9.3614,2026-06-23,2026-06-17,Produzida
4416,0050305020,0260305001,Massa de Chocolate - Moju Intenso,0,9.3614,-9.3614,2026-06-23,2026-06-17,Produzida
4416,0050305020,9990307008,Pomada de manteiga de cacau,0,0.0946,-0.0946,2026-06-23,2026-06-17,Produzida
4416,0050305020,9990311030,Praliné de Avelã colagem,6.304,6.304,0,2026-06-23,2026-06-17,Produzida
4417,05004097,0050321024,Barra 80 GR  Caram de Maracujá+praliné,7,7,0,2026-07-16,2026-07-16,Produzida
4417,05004097,0190213056,Envelope plastico transparente,7,7,0,2026-07-16,2026-07-16,Produzida
4417,05004097,0190213165,Caixa ES Ao Leite com Praliné e Maracujá,7,7,0,2026-07-16,2026-07-16,Produzida
4417,05004097,019021424,CARTÃO QR,7,7,0,2026-07-16,2026-07-16,Produzida
4418,0050321024,0050305006,MASSA DE CHOCOLATE -AO LEITE   NF24,2.0468,2.0468,0,2026-07-16,2026-07-06,Produzida
4418,0050321024,9990311030,Praliné de Avelã colagem,0.8008,0.8008,0,2026-07-16,2026-07-06,Produzida
4418,0050321024,9990311038,Recheio Caramelo Maracujá,0.5911,0.5911,0,2026-07-16,2026-07-06,Produzida
4419,0050305025,0050305006,MASSA DE CHOCOLATE -AO LEITE   NF24,3.7632,3.7632,0,2026-06-26,2026-06-23,Produzida
4419,0050305025,9990311009,Recheio Yara Maracujá,1.5,1.4896,0.0104,2026-06-26,2026-06-23,Produzida
4419,0050305025,9990311038,Recheio Caramelo Maracujá,1.4506,1.0192,0.4314,2026-06-26,2026-06-23,Produzida
4420,05104033,0050305025,FORMIGUEIRO MARACUJÁ 16g,35,35,0,2026-06-26,2026-06-23,Produzida
4421,05004043,0050305025,FORMIGUEIRO MARACUJÁ 16g,200,200,0,2026-06-30,2026-06-30,Produzida
4421,05004043,0190213072,Caixa formigueiro Maracuja,40,40,0,2026-06-30,2026-06-30,Produzida
4421,05004043,019021424,CARTÃO QR,40,40,0,2026-06-30,2026-06-30,Produzida
4421,05004043,9990712045,Etiqueta Lacre 2 - Adesivo transparente,40,40,0,2026-06-30,2026-06-30,Produzida
4422,05004102,0050305026,Mini Lua Cheia Ao Leite 10g,440,440,0,2026-06-26,2026-06-26,Produzida
4422,05004102,0190213056,Envelope plastico transparente,44,44,0,2026-06-26,2026-06-26,Produzida
4422,05004102,0190213107,Caixa mini Lua Cheia ao Leite 100g,44,44,0,2026-06-26,2026-06-26,Produzida
4422,05004102,019021424,CARTÃO QR,44,44,0,2026-06-26,2026-06-26,Produzida
4422,05004102,9990712045,Etiqueta Lacre 2 - Adesivo transparente,88,88,0,2026-06-26,2026-06-26,Produzida
4423,0050305026,0050305006,MASSA DE CHOCOLATE -AO LEITE   NF24,0.5192,0.5192,0,2026-06-26,2026-06-24,Produzida
4423,0050305026,9990111042,Xerem de Castanha de Caju,0.15,0.2904,-0.1404,2026-06-26,2026-06-24,Produzida
4423,0050305026,9990311040,Colagem praliné para lua cheia,1.395,3.5904,-2.1954,2026-06-26,2026-06-24,Produzida
4424,05004015,0050305013,PP LÍNGUA DE ONÇA 5G AO LEITE,3232,3232,0,2026-07-06,2026-07-06,Produzida
4424,05004015,0190213051,Caixa Base  LO 80g,202,202,0,2026-07-06,2026-07-06,Produzida
4424,05004015,0190213054,Luva LO 80GR ao leite,202,202,0,2026-07-06,2026-07-06,Produzida
4424,05004015,0190213060,Berço termoformado LO,202,202,0,2026-07-06,2026-07-06,Produzida
4424,05004015,019021424,CARTÃO QR,202,202,0,2026-07-06,2026-07-06,Produzida
4424,05004015,9990712045,Etiqueta Lacre 2 - Adesivo transparente,202,202,0,2026-07-06,2026-07-06,Produzida
4425,0050305013,0050305006,MASSA DE CHOCOLATE -AO LEITE   NF24,15.9984,15.9984,0,2026-07-06,2026-06-24,Produzida
4425,0050305013,9990307008,Pomada de manteiga de cacau,0,0.1616,-0.1616,2026-07-06,2026-06-24,Produzida
4426,05004139,0050305014,PP LÍNGUA DE ONÇA 11G AO LEITE,1216,1198,18,2026-07-20,2026-06-24,Produzida
4426,05004139,0190213090,Flowpack LO Leite,1198,1198,0,2026-07-20,2026-06-24,Produzida
4427,0050305014,0050305006,MASSA DE CHOCOLATE -AO LEITE   NF24,13.2422,13.2422,0,2026-06-30,2026-06-24,Produzida
4427,0050305014,9990307008,Pomada de manteiga de cacau,0,0.1338,-0.1338,2026-06-30,2026-06-24,Produzida
4428,0050305006,0050304005,LIQUOR DE CACAU - SAKAGUCHI  NT24,10,9.6,0.4,2026-06-25,2026-06-22,Produzida
4428,0050305006,0140106805,Açúcar refinado,44,26.96,17.04,2026-06-25,2026-06-22,Produzida
4428,0050305006,03001001,Leite em Pó integral,34.6739,20,14.6739,2026-06-25,2026-06-22,Produzida
4428,0050305006,9990107001,MANTEIGA DE CACAU desodorizada,35.6774,23.2,12.4774,2026-06-25,2026-06-22,Produzida
4428,0050305006,9990111005,Lecitina de Soja,0.705,0.24,0.465,2026-06-25,2026-06-22,Produzida
4429,0050304005,0050303003,Nibs de Cacau - Sakaguchi(PA),16.15,0,16.15,2026-06-24,2026-06-22,Produzida
4429,0050304005,0050303004,NIBS DE CACAU - SAKAGUCHI NT 120-35,0,10,-10,2026-06-24,2026-06-22,Produzida
4431,0020305008,0020304004,Liquor de Cacau - Mocajuba (PA),20,22,-2,2026-06-25,2026-06-22,Produzida
4431,0020305008,0140106004,Açúcar Demerara,17,14.4,2.6,2026-06-25,2026-06-22,Produzida
4431,0020305008,9990107001,MANTEIGA DE CACAU desodorizada,7,3.2,3.8,2026-06-25,2026-06-22,Produzida
4431,0020305008,9990111005,Lecitina de Soja,0.2,0.12,0.08,2026-06-25,2026-06-22,Produzida
4432,0020304004,0020303003,Nibs de Cacau - Mocajuba (PA),16.69,20,-3.31,2026-06-25,2026-06-22,Produzida
4434,05104039,0260305001,Massa de Chocolate - Moju Intenso,0,0.2475,-0.2475,2026-06-24,2026-06-24,Produzida
4434,05104039,05104116,Bombom NM Chocolate Intenso Taperebá 10g,55,0,55,2026-06-24,2026-06-24,Produzida
4434,05104039,9990311013,Ganache de Taperebá,0,0.3025,-0.3025,2026-06-24,2026-06-24,Produzida
4435,05104059,0050305006,MASSA DE CHOCOLATE -AO LEITE   NF24,0,0.1155,-0.1155,2026-06-24,2026-06-24,Produzida
4435,05104059,05104115,Bombom NM Choc Lt  Doce de Cupuaçu 10g,21,0,21,2026-06-24,2026-06-24,Produzida
4435,05104059,9990311042,Recheio Doce de Cupuaçu,0,0.0945,-0.0945,2026-06-24,2026-06-24,Produzida
4436,05104016,0050305006,MASSA DE CHOCOLATE -AO LEITE   NF24,0,0.1294,-0.1294,2026-06-24,2026-06-24,Produzida
4436,05104016,05104117,Bombom NM Chocolate LT Maracujá 9g,38,0,38,2026-06-24,2026-06-24,Produzida
4436,05104016,9990311041,Ganache maracujá,0,0.194,-0.194,2026-06-24,2026-06-24,Produzida
4442,05104130,0260305003,Gotas de Chocolate ao Leite - Moju,5.7,5.7,0,2026-06-25,2026-06-25,Produzida
4443,05104131,0260305004,Gotas de Chocolate Intenso - Moju,5,5,0,2026-06-25,2026-06-25,Produzida
4444,05104080,0050321011,Barras com recheios - 80g   Pistache,3,3,0,2026-06-25,2026-06-25,Produzida
4444,05104080,0190213056,Envelope plastico transparente,46,3,43,2026-06-25,2026-06-25,Produzida
4445,05104022,0050305006,MASSA DE CHOCOLATE -AO LEITE   NF24,0.145,0.145,0,2026-06-25,2026-06-24,Produzida
4445,05104022,9990111010,Pistache,0.0055,0.0348,-0.0293,2026-06-25,2026-06-24,Produzida
4445,05104022,9990315024,Massa de trufa de Pistache,1,0.9802,0.0198,2026-06-25,2026-06-24,Produzida
4446,05104020,0020305008,Massa de Chocolate - Mocajuba Intenso,0.216,0,0.216,2026-06-25,2026-06-24,Produzida
4446,05104020,0260305001,Massa de Chocolate - Moju Intenso,0,0.216,-0.216,2026-06-25,2026-06-24,Produzida
4446,05104020,9990117003,Cacau em Pó Alcalino,0.7464,0.54,0.2064,2026-06-25,2026-06-24,Produzida
4446,05104020,9990315022,Massa de trufa Intenso,1,0.918,0.082,2026-06-25,2026-06-24,Produzida
4449,9990315022,0020305008,Massa de Chocolate - Mocajuba Intenso,0.6377,0,0.6377,2026-06-25,2026-06-24,Produzida
4449,9990315022,0140106804,Açúcar invertido,0.3894,0.0468,0.3426,2026-06-25,2026-06-24,Produzida
4449,9990315022,0260305001,Massa de Chocolate - Moju Intenso,0,0.6377,-0.6377,2026-06-25,2026-06-24,Produzida
4449,9990315022,9990111003,Creme de Leite UHT 25%,0.8889,0.25,0.6389,2026-06-25,2026-06-24,Produzida
4449,9990315022,9990111006,Manteiga de Leite,0.1641,0.0359,0.1282,2026-06-25,2026-06-24,Produzida
4449,9990315022,9990111023,Sorbitol em Pó,0.1128,0.0296,0.0832,2026-06-25,2026-06-24,Produzida
4450,9990315024,0050305006,MASSA DE CHOCOLATE -AO LEITE   NF24,0.4354,0.4354,0,2026-06-25,2026-06-24,Produzida
4450,9990315024,0140106804,Açúcar invertido,0.023,0.023,0,2026-06-25,2026-06-24,Produzida
4450,9990315024,9990111003,Creme de Leite UHT 25%,0.1452,0.1452,0,2026-06-25,2026-06-24,Produzida
4450,9990315024,9990111006,Manteiga de Leite,0.0201,0.0201,0,2026-06-25,2026-06-24,Produzida
4450,9990315024,9990111023,Sorbitol em Pó,0.0173,0.0173,0,2026-06-25,2026-06-24,Produzida
4450,9990315024,9990311004,Praliné Pistache,0.3592,0.3592,0,2026-06-25,2026-06-24,Produzida
4451,05104016,0050305006,MASSA DE CHOCOLATE -AO LEITE   NF24,0.2587,0.2587,0,2026-06-25,2026-06-23,Produzida
4451,05104016,9990311041,Ganache maracujá,0.3,0.3881,-0.0881,2026-06-25,2026-06-23,Produzida
4451,05104016,0050305006,MASSA DE CHOCOLATE -AO LEITE   NF24,0.2587,0.2587,0,2026-06-26,2026-06-23,Produzida
4451,05104016,9990311041,Ganache maracujá,0.3,0.3881,-0.0881,2026-06-26,2026-06-23,Produzida
4452,9990311041,0020305008,Massa de Chocolate - Mocajuba Intenso,0.2061,0,0.2061,2026-06-25,2026-06-23,Produzida
4452,9990311041,0050305006,MASSA DE CHOCOLATE -AO LEITE   NF24,0.0229,0.0229,0,2026-06-25,2026-06-23,Produzida
4452,9990311041,0260305001,Massa de Chocolate - Moju Intenso,0,0.2061,-0.2061,2026-06-25,2026-06-23,Produzida
4452,9990311041,9990107001,MANTEIGA DE CACAU desodorizada,0.0038,0.0038,0,2026-06-25,2026-06-23,Produzida
4452,9990311041,9990111006,Manteiga de Leite,0.0342,0.0342,0,2026-06-25,2026-06-23,Produzida
4452,9990311041,9990111008,Xarope de glucose,0.042,0.042,0,2026-06-25,2026-06-23,Produzida
4452,9990311041,9990111021,DEXTROSE,0.0572,0.0572,0,2026-06-25,2026-06-23,Produzida
4452,9990311041,9990111023,Sorbitol em Pó,0.0458,0.0458,0,2026-06-25,2026-06-23,Produzida
4452,9990311041,9990111053,MALTODEXTRINA DE10 1910,0.05,0,0.05,2026-06-25,2026-06-23,Produzida
4452,9990311041,9990111054,Sorbato de Potássio Granulado,0.05,0,0.05,2026-06-25,2026-06-23,Produzida
4452,9990311041,999011184,Maracujá Liofilizado,0,0.006,-0.006,2026-06-25,2026-06-23,Produzida
4452,9990311041,9990315025,Polpa de Maracujá Reduzida,0.0876,0.0876,0,2026-06-25,2026-06-23,Produzida
4453,05104071,0020305008,Massa de Chocolate - Mocajuba Intenso,0.675,0,0.675,2026-06-25,2026-06-23,Produzida
4453,05104071,0260305001,Massa de Chocolate - Moju Intenso,0,0.675,-0.675,2026-06-25,2026-06-23,Produzida
4453,05104071,9990311025,Ganache Chocolate intenso,0.7,0.825,-0.125,2026-06-25,2026-06-23,Produzida
4453,05104071,0020305008,Massa de Chocolate - Mocajuba Intenso,0.675,0,0.675,2026-06-26,2026-06-23,Produzida
4453,05104071,0260305001,Massa de Chocolate - Moju Intenso,0,0.675,-0.675,2026-06-26,2026-06-23,Produzida
4453,05104071,9990311025,Ganache Chocolate intenso,0.7,0.825,-0.125,2026-06-26,2026-06-23,Produzida
4454,9990311025,0020305008,Massa de Chocolate - Mocajuba Intenso,0.4094,0,0.4094,2026-06-25,2026-06-23,Produzida
4454,9990311025,0140106804,Açúcar invertido,0.0381,0.0381,0,2026-06-25,2026-06-23,Produzida
4454,9990311025,0260305001,Massa de Chocolate - Moju Intenso,0,0.4094,-0.4094,2026-06-25,2026-06-23,Produzida
4454,9990311025,9990107001,MANTEIGA DE CACAU desodorizada,0.0068,0.0068,0,2026-06-25,2026-06-23,Produzida
4454,9990311025,9990111003,Creme de Leite UHT 25%,0.1729,0.1729,0,2026-06-25,2026-06-23,Produzida
4454,9990311025,9990111006,Manteiga de Leite,0.0318,0.0318,0,2026-06-25,2026-06-23,Produzida
4454,9990311025,9990111023,Sorbitol em Pó,0.0409,0.0409,0,2026-06-25,2026-06-23,Produzida
4455,05104059,0050305006,MASSA DE CHOCOLATE -AO LEITE   NF24,0.7645,0.7645,0,2026-06-26,2026-06-23,Produzida
4455,05104059,9990311042,Recheio Doce de Cupuaçu,0.5,0.6255,-0.1255,2026-06-26,2026-06-23,Produzida
4456,9990311042,0050305006,MASSA DE CHOCOLATE -AO LEITE   NF24,0.229,0.229,0,2026-06-26,2026-06-23,Produzida
4456,9990311042,9990107001,MANTEIGA DE CACAU desodorizada,0.0038,0.0038,0,2026-06-26,2026-06-23,Produzida
4456,9990311042,9990111006,Manteiga de Leite,0.2,0.0342,0.1658,2026-06-26,2026-06-23,Produzida
4456,9990311042,9990111008,Xarope de glucose,5.5113,0.042,5.4693,2026-06-26,2026-06-23,Produzida
4456,9990311042,9990111021,DEXTROSE,0.0913,0.0572,0.0341,2026-06-26,2026-06-23,Produzida
4456,9990311042,9990111023,Sorbitol em Pó,0.0458,0.0458,0,2026-06-26,2026-06-23,Produzida
4456,9990311042,9990111059,Cupuaçu Liofilizado,0.0559,0.02,0.0359,2026-06-26,2026-06-23,Produzida
4456,9990311042,9990315026,Polpa de Cupuaçu Reduzida,0.2474,0.0876,0.1598,2026-06-26,2026-06-23,Produzida
4457,9990315026,0140106805,Açúcar refinado,0.28,0.28,0,2026-06-26,2026-06-22,Produzida
4457,9990315026,9990111013,Polpa Cupuaçu,3.8,2,1.8,2026-06-26,2026-06-22,Produzida
4458,05104039,0020305008,Massa de Chocolate - Mocajuba Intenso,0.5715,0,0.5715,2026-06-26,2026-06-23,Produzida
4458,05104039,0260305001,Massa de Chocolate - Moju Intenso,0,0.5715,-0.5715,2026-06-26,2026-06-23,Produzida
4458,05104039,9990311013,Ganache de Taperebá,0.6,0.6985,-0.0985,2026-06-26,2026-06-23,Produzida
4459,9990311013,0050305006,MASSA DE CHOCOLATE -AO LEITE   NF24,0.2608,0.2644,-0.0036,2026-06-26,2026-06-23,Produzida
4459,9990311013,9990107001,MANTEIGA DE CACAU desodorizada,0.0077,0,0.0077,2026-06-26,2026-06-23,Produzida
4459,9990311013,9990111006,Manteiga de Leite,0.1139,0.0395,0.0744,2026-06-26,2026-06-23,Produzida
4459,9990311013,9990111008,Xarope de glucose,0.1,0.0485,0.0515,2026-06-26,2026-06-23,Produzida
4459,9990311013,9990111021,DEXTROSE,0.0065,0.066,-0.0595,2026-06-26,2026-06-23,Produzida
4459,9990311013,9990111023,Sorbitol em Pó,0.0215,0.0529,-0.0314,2026-06-26,2026-06-23,Produzida
4459,9990311013,9990111053,MALTODEXTRINA DE10 1910,0.8006,0,0.8006,2026-06-26,2026-06-23,Produzida
4459,9990311013,9990111054,Sorbato de Potássio Granulado,0.1401,0,0.1401,2026-06-26,2026-06-23,Produzida
4459,9990311013,9990111058,Tapereba Liofilizado,0.148,0.048,0.1,2026-06-26,2026-06-23,Produzida
4459,9990311013,9990315027,Polpa de Tapereba Reduzida,0.8839,0.1011,0.7828,2026-06-26,2026-06-23,Produzida
4460,05104016,0050305006,MASSA DE CHOCOLATE -AO LEITE   NF24,0.1694,0.1694,0,2026-06-26,2026-06-23,Produzida
4460,05104016,9990311041,Ganache maracujá,0.2,0.2541,-0.0541,2026-06-26,2026-06-23,Produzida
4461,05104008,0050305006,MASSA DE CHOCOLATE -AO LEITE   NF24,0,0.0495,-0.0495,2026-06-26,2026-06-26,Produzida
4461,05104008,05104110,Bombom NM Choc Lt Praliné de Avelã 9g,11,0,11,2026-06-26,2026-06-26,Produzida
4461,05104008,9990311030,Praliné de Avelã colagem,0,0.0605,-0.0605,2026-06-26,2026-06-26,Produzida
4462,05104007,0260305001,Massa de Chocolate - Moju Intenso,0,0.0855,-0.0855,2026-06-26,2026-06-26,Produzida
4462,05104007,05104111,Bombom NM Choc Int Praliné de Avelã 9g,19,0,19,2026-06-26,2026-06-26,Produzida
4462,05104007,9990311030,Praliné de Avelã colagem,0,0.1045,-0.1045,2026-06-26,2026-06-26,Produzida
4463,05104096,0050305006,MASSA DE CHOCOLATE -AO LEITE   NF24,0,0.1091,-0.1091,2026-06-26,2026-06-26,Produzida
4463,05104096,05104118,Bombom NM Choc Lt Castanha do Pará 8g,12,0,12,2026-06-26,2026-06-26,Produzida
4463,05104096,9990111056,Castanha do Pará,0,0.0109,-0.0109,2026-06-26,2026-06-26,Produzida
4464,9990311009,0140106805,Açúcar refinado,0.4284,0.4284,0,2026-06-26,2026-06-23,Produzida
4464,9990311009,9990111000,Agua Mineral sem gás,0,0.5229,-0.5229,2026-06-26,2026-06-23,Produzida
4464,9990311009,9990111004,Baunilha em Fava,0.1369,0.0006,0.1363,2026-06-26,2026-06-23,Produzida
4464,9990311009,9990111007,Clara em Pó,0.0664,0.0204,0.046,2026-06-26,2026-06-23,Produzida
4464,9990311009,9990111008,Xarope de glucose,0,0.4806,-0.4806,2026-06-26,2026-06-23,Produzida
4464,9990311009,9990111009,Gelatina incolor,1,0.0216,0.9784,2026-06-26,2026-06-23,Produzida
4464,9990311009,9990311038,Recheio Caramelo Maracujá,0.0705,0.0705,0,2026-06-26,2026-06-23,Produzida
4465,05104033,0050305025,FORMIGUEIRO MARACUJÁ 16g,157,157,0,2026-06-26,2026-06-23,Produzida
4466,05104084,0050321021,Barra 60g Terroir da Amazonia Vale do Ja,0,15,-15,2026-06-26,2026-06-26,Produzida
4466,05104084,0190213056,Envelope plastico transparente,0,15,-15,2026-06-26,2026-06-26,Produzida
4466,05104084,05004006,MAGIO Povos Vale do Jari 65% 60g,15,0,15,2026-06-26,2026-06-26,Produzida
4467,05104122,00801013,Mel,0.4,0,0.4,2026-06-26,2026-06-26,Produzida
4467,05104122,09908660521,Forma de Panetone,15,0,15,2026-06-26,2026-06-26,Produzida
4467,05104122,1113,Propianato de cálcio,0.01,0,0.01,2026-06-26,2026-06-26,Produzida
4467,05104122,1119,Banana passa,0.232,0,0.232,2026-06-26,2026-06-26,Produzida
4467,05104122,99901110601,Fermento Biológico Fresco,0.158,0,0.158,2026-06-26,2026-06-26,Produzida
4467,05104122,99901110702,Creme Culinário,1,0,1,2026-06-26,2026-06-26,Produzida
4467,05104122,99901110703,Gema de ovo pasteurizada,1,0,1,2026-06-26,2026-06-26,Produzida
4468,05004097,0050321024,Barra 80 GR  Caram de Maracujá+praliné,137,137,0,2026-07-01,2026-07-01,Produzida
4468,05004097,0190213056,Envelope plastico transparente,137,137,0,2026-07-01,2026-07-01,Produzida
4468,05004097,0190213165,Caixa ES Ao Leite com Praliné e Maracujá,137,137,0,2026-07-01,2026-07-01,Produzida
4468,05004097,019021424,CARTÃO QR,137,137,0,2026-07-01,2026-07-01,Produzida
4468,05004097,0050321024,Barra 80 GR  Caram de Maracujá+praliné,137,137,0,2026-07-06,2026-07-01,Produzida
4468,05004097,0190213056,Envelope plastico transparente,137,137,0,2026-07-06,2026-07-01,Produzida
4468,05004097,0190213165,Caixa ES Ao Leite com Praliné e Maracujá,137,137,0,2026-07-06,2026-07-01,Produzida
4468,05004097,019021424,CARTÃO QR,137,137,0,2026-07-06,2026-07-01,Produzida
4469,0050321024,0050305006,MASSA DE CHOCOLATE -AO LEITE   NF24,7.0924,7.0924,0,2026-06-26,2026-06-25,Produzida
4469,0050321024,9990311030,Praliné de Avelã colagem,2.3338,2.775,-0.4412,2026-06-26,2026-06-25,Produzida
4469,0050321024,9990311038,Recheio Caramelo Maracujá,2,2.0482,-0.0482,2026-06-26,2026-06-25,Produzida
4470,0050305014,0050305006,MASSA DE CHOCOLATE -AO LEITE   NF24,11.9115,11.7394,0.1721,2026-06-30,2026-06-26,Produzida
4470,0050305014,9990307008,Pomada de manteiga de cacau,0,0.1186,-0.1186,2026-06-30,2026-06-26,Produzida
4470,0050305014,0050305006,MASSA DE CHOCOLATE -AO LEITE   NF24,11.9115,11.7394,0.1721,2026-07-01,2026-06-26,Produzida
4470,0050305014,9990307008,Pomada de manteiga de cacau,0,0.1186,-0.1186,2026-07-01,2026-06-26,Produzida
4471,05004139,0050305014,PP LÍNGUA DE ONÇA 11G AO LEITE,1078,1078,0,2026-06-30,2026-06-26,Produzida
4471,05004139,0190213090,Flowpack LO Leite,1078,1078,0,2026-06-30,2026-06-26,Produzida
4471,05004139,0050305014,PP LÍNGUA DE ONÇA 11G AO LEITE,1078,1078,0,2026-07-01,2026-06-26,Produzida
4471,05004139,0190213090,Flowpack LO Leite,1078,1078,0,2026-07-01,2026-06-26,Produzida
4472,05004097,0050321024,Barra 80 GR  Caram de Maracujá+praliné,112,112,0,2026-07-14,2026-07-14,Produzida
4472,05004097,0190213056,Envelope plastico transparente,112,112,0,2026-07-14,2026-07-14,Produzida
4472,05004097,0190213165,Caixa ES Ao Leite com Praliné e Maracujá,112,112,0,2026-07-14,2026-07-14,Produzida
4472,05004097,019021424,CARTÃO QR,112,112,0,2026-07-14,2026-07-14,Produzida
4472,05004097,0050321024,Barra 80 GR  Caram de Maracujá+praliné,112,112,0,2026-07-15,2026-07-14,Produzida
4472,05004097,0190213056,Envelope plastico transparente,112,112,0,2026-07-15,2026-07-14,Produzida
4472,05004097,0190213165,Caixa ES Ao Leite com Praliné e Maracujá,112,112,0,2026-07-15,2026-07-14,Produzida
4472,05004097,019021424,CARTÃO QR,112,112,0,2026-07-15,2026-07-14,Produzida
4473,0050321024,0050305006,MASSA DE CHOCOLATE -AO LEITE   NF24,4.8364,5.8548,-1.0184,2026-07-14,2026-07-02,Produzida
4473,0050321024,9990311030,Praliné de Avelã colagem,2.765,2.2908,0.4742,2026-07-14,2026-07-02,Produzida
4473,0050321024,9990311038,Recheio Caramelo Maracujá,1.58,1.6908,-0.1108,2026-07-14,2026-07-02,Produzida
4474,05004006,0050321021,Barra 60g Terroir da Amazonia Vale do Ja,206,206,0,2026-07-07,2026-07-07,Produzida
4474,05004006,0190213057,Embalagem – mod. Envelope p/ barra,206,206,0,2026-07-07,2026-07-07,Produzida
4474,05004006,0190213104,Folha papel barrado Mágio,206,206,0,2026-07-07,2026-07-07,Produzida
4474,05004006,019021424,CARTÃO QR,206,206,0,2026-07-07,2026-07-07,Produzida
4474,05004006,9990712028,Etiqueta de dif Povos Vale do Jari 6x12,206,206,0,2026-07-07,2026-07-07,Produzida
4474,05004006,9990712038,Etiqueta Branca PF Vale do Jari 4.5x14.5,206,206,0,2026-07-07,2026-07-07,Produzida
4474,05004006,9990712045,Etiqueta Lacre 2 - Adesivo transparente,206,206,0,2026-07-07,2026-07-07,Produzida
4474,05004006,9990712046,Etiqueta Lacre 1  - Adesivo com hot stam,206,206,0,2026-07-07,2026-07-07,Produzida
4474,05004006,9990712056,Etiqueta alto teor de açúcar e gordura,206,206,0,2026-07-07,2026-07-07,Produzida
4474,05004006,0050321021,Barra 60g Terroir da Amazonia Vale do Ja,206,206,0,2026-07-08,2026-07-08,Produzida
4474,05004006,0190213057,Embalagem – mod. Envelope p/ barra,206,206,0,2026-07-08,2026-07-08,Produzida
4474,05004006,0190213104,Folha papel barrado Mágio,206,206,0,2026-07-08,2026-07-08,Produzida
4474,05004006,019021424,CARTÃO QR,206,206,0,2026-07-08,2026-07-08,Produzida
4474,05004006,9990712028,Etiqueta de dif Povos Vale do Jari 6x12,206,206,0,2026-07-08,2026-07-08,Produzida
4474,05004006,9990712038,Etiqueta Branca PF Vale do Jari 4.5x14.5,206,206,0,2026-07-08,2026-07-08,Produzida
4474,05004006,9990712045,Etiqueta Lacre 2 - Adesivo transparente,206,206,0,2026-07-08,2026-07-08,Produzida
4474,05004006,9990712046,Etiqueta Lacre 1  - Adesivo com hot stam,206,206,0,2026-07-08,2026-07-08,Produzida
4474,05004006,9990712056,Etiqueta alto teor de açúcar e gordura,206,206,0,2026-07-08,2026-07-08,Produzida
4475,0050321021,00403005,Massa de Chocolate - Chocolate - Vale do,0,12.36,-12.36,2026-07-07,2026-07-02,Produzida
4475,0050321021,0040305007,Massa de Chocolate - Vale do Jari,12,0,12,2026-07-07,2026-07-02,Produzida
4475,0050321021,00403005,Massa de Chocolate - Chocolate - Vale do,0,12.36,-12.36,2026-07-08,2026-07-02,Produzida
4475,0050321021,0040305007,Massa de Chocolate - Vale do Jari,12,0,12,2026-07-08,2026-07-02,Produzida
4476,05104016,0050305006,MASSA DE CHOCOLATE -AO LEITE   NF24,0.154,0.154,0,2026-07-03,2026-07-03,Produzida
4476,05104016,9990311041,Ganache maracujá,0.4,0.231,0.169,2026-07-03,2026-07-03,Produzida
4477,05104012,0050305006,MASSA DE CHOCOLATE -AO LEITE   NF24,0.2205,0.2205,0,2026-07-03,2026-07-03,Produzida
4477,05104012,9990311031,Praliné Pistache colagem,0.35,0.2695,0.0805,2026-07-03,2026-07-03,Produzida
4478,05104039,0020305008,Massa de Chocolate - Mocajuba Intenso,0.198,0,0.198,2026-07-03,2026-07-03,Produzida
4478,05104039,0260305001,Massa de Chocolate - Moju Intenso,0,0.198,-0.198,2026-07-03,2026-07-03,Produzida
4478,05104039,9990311013,Ganache de Taperebá,0.4,0.242,0.158,2026-07-03,2026-07-03,Produzida
4479,05104059,0050305006,MASSA DE CHOCOLATE -AO LEITE   NF24,0.231,0.231,0,2026-07-03,2026-07-03,Produzida
4479,05104059,9990311042,Recheio Doce de Cupuaçu,0.4,0.189,0.211,2026-07-03,2026-07-03,Produzida
4481,9990311013,0050305006,MASSA DE CHOCOLATE -AO LEITE   NF24,0.1739,0.1763,-0.0024,2026-07-03,2026-07-03,Produzida
4481,9990311013,9990107001,MANTEIGA DE CACAU desodorizada,0.0051,0,0.0051,2026-07-03,2026-07-03,Produzida
4481,9990311013,9990111006,Manteiga de Leite,0.0184,0.0263,-0.0079,2026-07-03,2026-07-03,Produzida
4481,9990311013,9990111008,Xarope de glucose,0.0066,0.0323,-0.0257,2026-07-03,2026-07-03,Produzida
4481,9990311013,9990111021,DEXTROSE,0.0044,0.044,-0.0396,2026-07-03,2026-07-03,Produzida
4481,9990311013,9990111023,Sorbitol em Pó,0.0143,0.0352,-0.0209,2026-07-03,2026-07-03,Produzida
4481,9990311013,9990111053,MALTODEXTRINA DE10 1910,0.0034,0,0.0034,2026-07-03,2026-07-03,Produzida
4481,9990311013,9990111054,Sorbato de Potássio Granulado,0.0004,0,0.0004,2026-07-03,2026-07-03,Produzida
4481,9990311013,9990111058,Tapereba Liofilizado,0.0293,0.032,-0.0027,2026-07-03,2026-07-03,Produzida
4481,9990311013,9990315027,Polpa de Tapereba Reduzida,0,0.0674,-0.0674,2026-07-03,2026-07-03,Produzida
4482,9990311042,0050305006,MASSA DE CHOCOLATE -AO LEITE   NF24,0.1832,0.1832,0,2026-07-03,2026-07-03,Produzida
4482,9990311042,9990107001,MANTEIGA DE CACAU desodorizada,0.003,0.003,0,2026-07-03,2026-07-03,Produzida
4482,9990311042,9990111006,Manteiga de Leite,0.0274,0.0274,0,2026-07-03,2026-07-03,Produzida
4482,9990311042,9990111008,Xarope de glucose,0.0336,0.0336,0,2026-07-03,2026-07-03,Produzida
4482,9990311042,9990111021,DEXTROSE,0.0458,0.0458,0,2026-07-03,2026-07-03,Produzida
4482,9990311042,9990111023,Sorbitol em Pó,0.0366,0.0366,0,2026-07-03,2026-07-03,Produzida
4482,9990311042,9990111059,Cupuaçu Liofilizado,0.016,0.016,0,2026-07-03,2026-07-03,Produzida
4482,9990311042,9990315026,Polpa de Cupuaçu Reduzida,0.0701,0.0701,0,2026-07-03,2026-07-03,Produzida
4483,05104020,0020305008,Massa de Chocolate - Mocajuba Intenso,0.116,0,0.116,2026-07-01,2026-07-01,Produzida
4483,05104020,0260305001,Massa de Chocolate - Moju Intenso,0,0.116,-0.116,2026-07-01,2026-07-01,Produzida
4483,05104020,9990117003,Cacau em Pó Alcalino,0.29,0.29,0,2026-07-01,2026-07-01,Produzida
4483,05104020,9990315022,Massa de trufa Intenso,0.5,0.493,0.007,2026-07-01,2026-07-01,Produzida
4486,9990311041,0020305008,Massa de Chocolate - Mocajuba Intenso,0.1649,0,0.1649,2026-07-03,2026-07-03,Produzida
4486,9990311041,0050305006,MASSA DE CHOCOLATE -AO LEITE   NF24,0.0183,0.0183,0,2026-07-03,2026-07-03,Produzida
4486,9990311041,0260305001,Massa de Chocolate - Moju Intenso,0,0.1649,-0.1649,2026-07-03,2026-07-03,Produzida
4486,9990311041,9990107001,MANTEIGA DE CACAU desodorizada,0.003,0.003,0,2026-07-03,2026-07-03,Produzida
4486,9990311041,9990111006,Manteiga de Leite,0.0274,0.0274,0,2026-07-03,2026-07-03,Produzida
4486,9990311041,9990111008,Xarope de glucose,0.0336,0.0336,0,2026-07-03,2026-07-03,Produzida
4486,9990311041,9990111021,DEXTROSE,0.0458,0.0458,0,2026-07-03,2026-07-03,Produzida
4486,9990311041,9990111023,Sorbitol em Pó,0.0366,0.0366,0,2026-07-03,2026-07-03,Produzida
4486,9990311041,999011184,Maracujá Liofilizado,0.0048,0.0048,0,2026-07-03,2026-07-03,Produzida
4486,9990311041,9990315025,Polpa de Maracujá Reduzida,0.0701,0.0701,0,2026-07-03,2026-07-03,Produzida
4488,9990315022,0020305008,Massa de Chocolate - Mocajuba Intenso,0.3189,0,0.3189,2026-07-01,2026-07-01,Produzida
4488,9990315022,0140106804,Açúcar invertido,0.0234,0.0234,0,2026-07-01,2026-07-01,Produzida
4488,9990315022,0260305001,Massa de Chocolate - Moju Intenso,0,0.3189,-0.3189,2026-07-01,2026-07-01,Produzida
4488,9990315022,9990111003,Creme de Leite UHT 25%,0.125,0.125,0,2026-07-01,2026-07-01,Produzida
4488,9990315022,9990111006,Manteiga de Leite,0.2,0.018,0.182,2026-07-01,2026-07-01,Produzida
4488,9990315022,9990111023,Sorbitol em Pó,0.0148,0.0148,0,2026-07-01,2026-07-01,Produzida
4489,05104022,0050305006,MASSA DE CHOCOLATE -AO LEITE   NF24,0.0725,0.0725,0,2026-07-01,2026-07-01,Produzida
4489,05104022,9990111010,Pistache,0.0174,0.0174,0,2026-07-01,2026-07-01,Produzida
4489,05104022,9990315024,Massa de trufa de Pistache,0.5,0.4901,0.0099,2026-07-01,2026-07-01,Produzida
4490,9990315024,0050305006,MASSA DE CHOCOLATE -AO LEITE   NF24,0.2177,0.2177,0,2026-07-01,2026-07-01,Produzida
4490,9990315024,0140106804,Açúcar invertido,0.0115,0.0115,0,2026-07-01,2026-07-01,Produzida
4490,9990315024,9990111003,Creme de Leite UHT 25%,0.5569,0.0726,0.4843,2026-07-01,2026-07-01,Produzida
4490,9990315024,9990111006,Manteiga de Leite,0.2,0.0101,0.1899,2026-07-01,2026-07-01,Produzida
4490,9990315024,9990111023,Sorbitol em Pó,0.0087,0.0087,0,2026-07-01,2026-07-01,Produzida
4490,9990315024,9990311004,Praliné Pistache,0.1796,0.1796,0,2026-07-01,2026-07-01,Produzida
4491,9990311040,0050305006,MASSA DE CHOCOLATE -AO LEITE   NF24,5.1098,4.1605,0.9493,2026-07-01,2026-07-01,Produzida
4491,9990311040,9990107001,MANTEIGA DE CACAU desodorizada,0.3493,0.3493,0,2026-07-01,2026-07-01,Produzida
4491,9990311040,9990307008,Pomada de manteiga de cacau,0,0.0624,-0.0624,2026-07-01,2026-07-01,Produzida
4491,9990311040,9990311043,Praliné de Avelã,2.125,1.7278,0.3972,2026-07-01,2026-07-01,Produzida
4492,9990311040,0050305006,MASSA DE CHOCOLATE -AO LEITE   NF24,5.1346,5.1346,0,2026-07-01,2026-07-01,Produzida
4492,9990311040,9990107001,MANTEIGA DE CACAU desodorizada,0.4311,0.4311,0,2026-07-01,2026-07-01,Produzida
4492,9990311040,9990307008,Pomada de manteiga de cacau,0,0.077,-0.077,2026-07-01,2026-07-01,Produzida
4492,9990311040,9990311043,Praliné de Avelã,2.125,2.1324,-0.0074,2026-07-01,2026-07-01,Produzida
4493,9990311040,0050305006,MASSA DE CHOCOLATE -AO LEITE   NF24,5.1577,5.1577,0,2026-07-01,2026-07-01,Produzida
4493,9990311040,9990107001,MANTEIGA DE CACAU desodorizada,0.4331,0.4331,0,2026-07-01,2026-07-01,Produzida
4493,9990311040,9990307008,Pomada de manteiga de cacau,0,0.0773,-0.0773,2026-07-01,2026-07-01,Produzida
4493,9990311040,9990311043,Praliné de Avelã,2.142,2.142,0,2026-07-01,2026-07-01,Produzida
4494,9990311040,0050305006,MASSA DE CHOCOLATE -AO LEITE   NF24,5.095,5.095,0,2026-07-01,2026-07-01,Produzida
4494,9990311040,9990107001,MANTEIGA DE CACAU desodorizada,0.4278,0.4278,0,2026-07-01,2026-07-01,Produzida
4494,9990311040,9990307008,Pomada de manteiga de cacau,0,0.0764,-0.0764,2026-07-01,2026-07-01,Produzida
4494,9990311040,9990311043,Praliné de Avelã,2.108,2.1159,-0.0079,2026-07-01,2026-07-01,Produzida
4495,9990311040,0050305006,MASSA DE CHOCOLATE -AO LEITE   NF24,5.3228,5.3228,0,2026-07-01,2026-07-01,Produzida
4495,9990311040,9990107001,MANTEIGA DE CACAU desodorizada,0.4469,0.4469,0,2026-07-01,2026-07-01,Produzida
4495,9990311040,9990307008,Pomada de manteiga de cacau,0,0.0798,-0.0798,2026-07-01,2026-07-01,Produzida
4495,9990311040,9990311043,Praliné de Avelã,2.125,2.2105,-0.0855,2026-07-01,2026-07-01,Produzida
4496,9990311040,0050305006,MASSA DE CHOCOLATE -AO LEITE   NF24,2,5.0521,-3.0521,2026-07-01,2026-07-01,Produzida
4496,9990311040,0050315009,Face Mini ovo ao Leite,248,0,248,2026-07-01,2026-07-01,Produzida
4496,9990311040,9990107001,MANTEIGA DE CACAU desodorizada,0.4242,0.4242,0,2026-07-01,2026-07-01,Produzida
4496,9990311040,9990307008,Pomada de manteiga de cacau,0,0.0757,-0.0757,2026-07-01,2026-07-01,Produzida
4496,9990311040,9990311043,Praliné de Avelã,2.125,2.0981,0.0269,2026-07-01,2026-07-01,Produzida
4497,9990311040,0050305006,MASSA DE CHOCOLATE -AO LEITE   NF24,4.92,4.92,0,2026-07-01,2026-07-01,Produzida
4497,9990311040,9990107001,MANTEIGA DE CACAU desodorizada,0.4131,0.4131,0,2026-07-01,2026-07-01,Produzida
4497,9990311040,9990307008,Pomada de manteiga de cacau,0,0.0738,-0.0738,2026-07-01,2026-07-01,Produzida
4497,9990311040,9990311043,Praliné de Avelã,2.0432,2.0432,0,2026-07-01,2026-07-01,Produzida
4498,9990311040,0050305006,MASSA DE CHOCOLATE -AO LEITE   NF24,4.2761,4.2761,0,2026-07-01,2026-07-01,Produzida
4498,9990311040,9990107001,MANTEIGA DE CACAU desodorizada,0.359,0.359,0,2026-07-01,2026-07-01,Produzida
4498,9990311040,9990307008,Pomada de manteiga de cacau,0,0.0641,-0.0641,2026-07-01,2026-07-01,Produzida
4498,9990311040,9990311043,Praliné de Avelã,1.7758,1.7758,0,2026-07-01,2026-07-01,Produzida
4499,0020315001,0020315002,Massa Do Bolo de Chocolate,3.4,3.4,0,2026-07-03,2026-07-01,Produzida
4499,0020315001,0020315003,Recheio Intenso Bolo de Chocolate,0.92,0.92,0,2026-07-03,2026-07-01,Produzida
4499,0020315001,0020315004,Cobertura Bolo de Chocolate,1.4,1.4,0,2026-07-03,2026-07-01,Produzida
4499,0020315001,0050315004,Recheio Ao Leite Bolo de Chocolate,1.84,1.84,0,2026-07-03,2026-07-01,Produzida
4499,0020315001,9990311045,Calda Bolo de Chocolate,0,0.4,-0.4,2026-07-03,2026-07-01,Produzida
4500,0020315002,0020305008,Massa de Chocolate - Mocajuba Intenso,0.602,0,0.602,2026-07-01,2026-07-01,Produzida
4500,0020315002,0050111003,Semente de Cumaru,0.0063,0.0034,0.0029,2026-07-01,2026-07-01,Produzida
4500,0020315002,0140106805,Açúcar refinado,0.3169,0.3169,0,2026-07-01,2026-07-01,Produzida
4500,0020315002,0140106806,Açúcar Mascavo,0.6337,0.6337,0,2026-07-01,2026-07-01,Produzida
4500,0020315002,0260305001,Massa de Chocolate - Moju Intenso,0,0.602,-0.602,2026-07-01,2026-07-01,Produzida
4500,0020315002,9990111006,Manteiga de Leite,0.9506,0.9506,0,2026-07-01,2026-07-01,Produzida
4500,0020315002,9990111068,Farinha de Trigo,0.2377,0.2377,0,2026-07-01,2026-07-01,Produzida
4500,0020315002,99901110703,Gema de ovo pasteurizada,0,0.1095,-0.1095,2026-07-01,2026-07-01,Produzida
4500,0020315002,99901110704,Clara de ovo pasteurizada,0,0.4165,-0.4165,2026-07-01,2026-07-01,Produzida
4500,0020315002,9990111074,Ovo de Galinha,16,0,16,2026-07-01,2026-07-01,Produzida
4500,0020315002,9990117003,Cacau em Pó Alcalino,0.1268,0.1268,0,2026-07-01,2026-07-01,Produzida
4500,0020315002,9990311045,Calda Bolo de Chocolate,0.68,0,0.68,2026-07-01,2026-07-01,Produzida
4501,0050302002,0050301007,Amêndoa de Cacau Seca Aprovada - Sakaguc,59.86,53.439,6.421,2026-07-01,2026-07-01,Produzida
4502,0050303003,0050302002,Amêndoa de Cacau Torrada - Sakaguchi(PA),53.439,37.4,16.039,2026-07-01,2026-07-01,Produzida
4503,0260303001,0260102001,Amêndoa torrada aprovada Moju,89.4531,77,12.4531,2026-07-01,2026-07-01,Produzida
4504,0010305007,0010303003,Nibs de Cacau - Xiba,13.11,13.11,0,2026-07-01,2026-07-01,Produzida
4504,0010305007,0140106004,Açúcar Demerara,8.51,8.51,0,2026-07-01,2026-07-01,Produzida
4504,0010305007,9990107001,MANTEIGA DE CACAU desodorizada,1.38,1.38,0,2026-07-01,2026-07-01,Produzida
4505,0050302002,0050301007,Amêndoa de Cacau Seca Aprovada - Sakaguc,70.687,66.2,4.487,2026-07-01,2026-07-01,Produzida
4506,0050303003,0050302002,Amêndoa de Cacau Torrada - Sakaguchi(PA),66.2,53.79,12.41,2026-07-01,2026-07-01,Produzida
4507,9990311045,0050111003,Semente de Cumaru,0.0022,0.0022,0,2026-07-01,2026-07-01,Produzida
4507,9990311045,0140106805,Açúcar refinado,0.2267,0.2267,0,2026-07-01,2026-07-01,Produzida
4508,0020315003,0020305008,Massa de Chocolate - Mocajuba Intenso,0.5134,0,0.5134,2026-07-01,2026-07-01,Produzida
4508,0020315003,0050111003,Semente de Cumaru,0.0001,0.0009,-0.0008,2026-07-01,2026-07-01,Produzida
4508,0020315003,0260305001,Massa de Chocolate - Moju Intenso,0,0.5134,-0.5134,2026-07-01,2026-07-01,Produzida
4508,0020315003,9990111003,Creme de Leite UHT 25%,0.4043,0.4043,0,2026-07-01,2026-07-01,Produzida
4510,0020315004,0020305008,Massa de Chocolate - Mocajuba Intenso,1.1593,0,1.1593,2026-07-03,2026-07-01,Produzida
4510,0020315004,0260305001,Massa de Chocolate - Moju Intenso,0,1.05,-1.05,2026-07-03,2026-07-01,Produzida
4510,0020315004,9990111003,Creme de Leite UHT 25%,0.5957,0.35,0.2457,2026-07-03,2026-07-01,Produzida
4511,0050315004,0050111003,Semente de Cumaru,0.0055,0.0018,0.0037,2026-07-03,2026-07-01,Produzida
4511,0050315004,0050305006,MASSA DE CHOCOLATE -AO LEITE   NF24,1.3114,1.3114,0,2026-07-03,2026-07-01,Produzida
4511,0050315004,9990111003,Creme de Leite UHT 25%,0.5231,0.5231,0,2026-07-03,2026-07-01,Produzida
4512,0020315001,0020315002,Massa Do Bolo de Chocolate,3.4,3.4,0,2026-07-03,2026-07-02,Produzida
4512,0020315001,0020315003,Recheio Intenso Bolo de Chocolate,0.92,0.92,0,2026-07-03,2026-07-02,Produzida
4512,0020315001,0020315004,Cobertura Bolo de Chocolate,1.4,1.4,0,2026-07-03,2026-07-02,Produzida
4512,0020315001,0050315004,Recheio Ao Leite Bolo de Chocolate,1.84,1.84,0,2026-07-03,2026-07-02,Produzida
4512,0020315001,9990311045,Calda Bolo de Chocolate,0,0.4,-0.4,2026-07-03,2026-07-02,Produzida
4513,0020315002,0020305008,Massa de Chocolate - Mocajuba Intenso,0.602,0,0.602,2026-07-03,2026-07-02,Produzida
4513,0020315002,0050111003,Semente de Cumaru,0.0063,0.0034,0.0029,2026-07-03,2026-07-02,Produzida
4513,0020315002,0140106805,Açúcar refinado,0.3169,0.3169,0,2026-07-03,2026-07-02,Produzida
4513,0020315002,0140106806,Açúcar Mascavo,0.6337,0.6337,0,2026-07-03,2026-07-02,Produzida
4513,0020315002,0260305001,Massa de Chocolate - Moju Intenso,0,0.602,-0.602,2026-07-03,2026-07-02,Produzida
4513,0020315002,9990111006,Manteiga de Leite,0.9506,0.9506,0,2026-07-03,2026-07-02,Produzida
4513,0020315002,9990111068,Farinha de Trigo,0.2377,0.2377,0,2026-07-03,2026-07-02,Produzida
4513,0020315002,99901110703,Gema de ovo pasteurizada,0.18,0.1095,0.0705,2026-07-03,2026-07-02,Produzida
4513,0020315002,99901110704,Clara de ovo pasteurizada,0.495,0.4165,0.0785,2026-07-03,2026-07-02,Produzida
4513,0020315002,9990117003,Cacau em Pó Alcalino,0.1268,0.1268,0,2026-07-03,2026-07-02,Produzida
4513,0020315002,9990311045,Calda Bolo de Chocolate,0.68,0,0.68,2026-07-03,2026-07-02,Produzida
4514,9990311045,0050111003,Semente de Cumaru,0.0005,0.0022,-0.0017,2026-07-03,2026-07-02,Produzida
4514,9990311045,0140106805,Açúcar refinado,0.2267,0.2267,0,2026-07-03,2026-07-02,Produzida
4515,0020315003,0020305008,Massa de Chocolate - Mocajuba Intenso,0.5134,0,0.5134,2026-07-03,2026-07-02,Produzida
4515,0020315003,0050111003,Semente de Cumaru,0,0.0009,-0.0009,2026-07-03,2026-07-02,Produzida
4515,0020315003,0260305001,Massa de Chocolate - Moju Intenso,0,0.5134,-0.5134,2026-07-03,2026-07-02,Produzida
4515,0020315003,9990111003,Creme de Leite UHT 25%,0.4043,0.4043,0,2026-07-03,2026-07-02,Produzida
4516,0020315004,0020305008,Massa de Chocolate - Mocajuba Intenso,1.05,0,1.05,2026-07-03,2026-07-02,Produzida
4516,0020315004,0260305001,Massa de Chocolate - Moju Intenso,0,1.05,-1.05,2026-07-03,2026-07-02,Produzida
4516,0020315004,9990111003,Creme de Leite UHT 25%,0.35,0.35,0,2026-07-03,2026-07-02,Produzida
4517,0050315004,0050111003,Semente de Cumaru,0.0055,0.0018,0.0037,2026-07-03,2026-07-02,Produzida
4517,0050315004,0050305006,MASSA DE CHOCOLATE -AO LEITE   NF24,1.3114,1.3114,0,2026-07-03,2026-07-02,Produzida
4517,0050315004,9990111003,Creme de Leite UHT 25%,0.5231,0.5231,0,2026-07-03,2026-07-02,Produzida
4518,0260305006,0260304001,Liquor de Cacau - Moju,8.625,9.9763,-1.3513,2026-07-03,2026-07-01,Produzida
4518,0260305006,9990107001,MANTEIGA DE CACAU desodorizada,1.875,2.1688,-0.2938,2026-07-03,2026-07-01,Produzida
4518,0260305006,9990111005,Lecitina de Soja,0.075,0.0868,-0.0118,2026-07-03,2026-07-01,Produzida
4518,0260305006,999011181,Maltitol em pó,4.4,5.1183,-0.7183,2026-07-03,2026-07-01,Produzida
4519,0260304001,0260303001,Nibs de Cacau Moju,8.625,8.625,0,2026-07-03,2026-07-01,Produzida
4520,0050305039,0260305006,Massa de Chocolate Intenso Zero Açúcar,8.36,5.918,2.442,2026-07-03,2026-07-03,Produzida
4521,05104077,0050308014,Biscoito 150 gr com choco,0,5,-5,2026-07-03,2026-07-03,Produzida
4521,05104077,05004047,Biscoito Cast. Pará Chocolate 60% 150g,5,0,5,2026-07-03,2026-07-03,Produzida
4522,05004182,0020315001,Bolo de Chocolate Loja,1,1,0,2026-07-03,2026-07-03,Produzida
4522,05004182,0050321001,Barra 60g Terroir da Amazonia Saka ao le,0.32,0.72,-0.4,2026-07-03,2026-07-03,Produzida
4522,05004182,05104084,Barra Vale do Jari Granel 60g,0.5,0.5,0,2026-07-03,2026-07-03,Produzida
4522,05004182,9990111047,Leite integral,0.5,0.5,0,2026-07-03,2026-07-03,Produzida
4522,05004182,9990311044,Praliné de castanhas - Bolo de chocolate,0.5,0.5,0,2026-07-03,2026-07-03,Produzida
4523,05104129,0050305039,PP L.Onça Intenso Zero Açúcar 11G,538,538,0,2026-07-03,2026-07-03,Produzida
4525,9990311042,0050305006,MASSA DE CHOCOLATE -AO LEITE   NF24,0.1832,0.1832,0,2026-07-08,2026-07-07,Produzida
4525,9990311042,9990107001,MANTEIGA DE CACAU desodorizada,0.003,0.003,0,2026-07-08,2026-07-07,Produzida
4525,9990311042,9990111006,Manteiga de Leite,0.0274,0.0274,0,2026-07-08,2026-07-07,Produzida
4525,9990311042,9990111008,Xarope de glucose,0.0336,0.0336,0,2026-07-08,2026-07-07,Produzida
4525,9990311042,9990111021,DEXTROSE,0.0458,0.0458,0,2026-07-08,2026-07-07,Produzida
4525,9990311042,9990111023,Sorbitol em Pó,0.0366,0.0366,0,2026-07-08,2026-07-07,Produzida
4525,9990311042,9990111059,Cupuaçu Liofilizado,0.016,0.016,0,2026-07-08,2026-07-07,Produzida
4525,9990311042,9990315026,Polpa de Cupuaçu Reduzida,0.0701,0.0701,0,2026-07-08,2026-07-07,Produzida
4526,0050305006,0050304005,LIQUOR DE CACAU - SAKAGUCHI  NT24,7.2,7.2,0,2026-07-14,2026-07-06,Produzida
4526,0050305006,0140106805,Açúcar refinado,25,20.22,4.78,2026-07-14,2026-07-06,Produzida
4526,0050305006,03001001,Leite em Pó integral,17.9,15,2.9,2026-07-14,2026-07-06,Produzida
4526,0050305006,9990107001,MANTEIGA DE CACAU desodorizada,20,17.4,2.6,2026-07-14,2026-07-06,Produzida
4526,0050305006,9990111005,Lecitina de Soja,0.18,0.18,0,2026-07-14,2026-07-06,Produzida
4527,0050304005,0050303003,Nibs de Cacau - Sakaguchi(PA),7.2,0,7.2,2026-07-14,2026-07-06,Produzida
4527,0050304005,0050303004,NIBS DE CACAU - SAKAGUCHI NT 120-35,0,7.2,-7.2,2026-07-14,2026-07-06,Produzida
4531,9990315028,0140106805,Açúcar refinado,0.07,0.084,-0.014,2026-07-10,2026-07-06,Produzida
4531,9990315028,9990111045,Polpa de Açaí,1,0.6,0.4,2026-07-10,2026-07-06,Produzida
4532,9990315025,0140106805,Açúcar refinado,0.14,0.1652,-0.0252,2026-07-10,2026-07-06,Produzida
4532,9990315025,9990111015,Polpa Maracujá,2.6,1.18,1.42,2026-07-10,2026-07-06,Produzida
4533,9990315027,0140106805,Açúcar refinado,0.14,0.2114,-0.0714,2026-07-10,2026-07-06,Produzida
4533,9990315027,9990111055,Polpa Caja/Tapereba,2,1.51,0.49,2026-07-10,2026-07-06,Produzida
4534,05004015,0050305013,PP LÍNGUA DE ONÇA 5G AO LEITE,3184,3184,0,2026-07-07,2026-07-07,Produzida
4534,05004015,0190213051,Caixa Base  LO 80g,199,199,0,2026-07-07,2026-07-07,Produzida
4534,05004015,0190213054,Luva LO 80GR ao leite,199,199,0,2026-07-07,2026-07-07,Produzida
4534,05004015,0190213060,Berço termoformado LO,199,199,0,2026-07-07,2026-07-07,Produzida
4534,05004015,019021424,CARTÃO QR,199,199,0,2026-07-07,2026-07-07,Produzida
4534,05004015,9990712045,Etiqueta Lacre 2 - Adesivo transparente,199,199,0,2026-07-07,2026-07-07,Produzida
4535,0050305013,0050305006,MASSA DE CHOCOLATE -AO LEITE   NF24,15.7608,15.7608,0,2026-07-07,2026-07-07,Produzida
4535,0050305013,9990307008,Pomada de manteiga de cacau,0,0.1592,-0.1592,2026-07-07,2026-07-07,Produzida
4540,05004015,0050305013,PP LÍNGUA DE ONÇA 5G AO LEITE,3232,3232,0,2026-07-13,2026-07-13,Produzida
4540,05004015,0190213051,Caixa Base  LO 80g,202,202,0,2026-07-13,2026-07-13,Produzida
4540,05004015,0190213054,Luva LO 80GR ao leite,202,202,0,2026-07-13,2026-07-13,Produzida
4540,05004015,0190213060,Berço termoformado LO,202,202,0,2026-07-13,2026-07-13,Produzida
4540,05004015,019021424,CARTÃO QR,202,202,0,2026-07-13,2026-07-13,Produzida
4540,05004015,9990712045,Etiqueta Lacre 2 - Adesivo transparente,202,202,0,2026-07-13,2026-07-13,Produzida
4540,05004015,0050305013,PP LÍNGUA DE ONÇA 5G AO LEITE,3232,3232,0,2026-07-14,2026-07-14,Produzida
4540,05004015,0190213051,Caixa Base  LO 80g,202,202,0,2026-07-14,2026-07-14,Produzida
4540,05004015,0190213054,Luva LO 80GR ao leite,202,202,0,2026-07-14,2026-07-14,Produzida
4540,05004015,0190213060,Berço termoformado LO,202,202,0,2026-07-14,2026-07-14,Produzida
4540,05004015,019021424,CARTÃO QR,202,202,0,2026-07-14,2026-07-14,Produzida
4540,05004015,9990712045,Etiqueta Lacre 2 - Adesivo transparente,202,202,0,2026-07-14,2026-07-14,Produzida
4541,0050305013,0050305006,MASSA DE CHOCOLATE -AO LEITE   NF24,16,16.1568,-0.1568,2026-07-13,2026-07-07,Produzida
4541,0050305013,9990307008,Pomada de manteiga de cacau,0,0.1632,-0.1632,2026-07-13,2026-07-07,Produzida
4542,05004178,0010321002,Barra 60g Terroir da Amazonia XIBA 63%,200,200,0,2026-07-08,2026-07-08,Produzida
4542,05004178,0190213057,Embalagem – mod. Envelope p/ barra,200,200,0,2026-07-08,2026-07-08,Produzida
4542,05004178,0190213104,Folha papel barrado Mágio,200,200,0,2026-07-08,2026-07-08,Produzida
4542,05004178,019021424,CARTÃO QR,200,200,0,2026-07-08,2026-07-08,Produzida
4542,05004178,9990712045,Etiqueta Lacre 2 - Adesivo transparente,200,200,0,2026-07-08,2026-07-08,Produzida
4542,05004178,9990712046,Etiqueta Lacre 1  - Adesivo com hot stam,200,200,0,2026-07-08,2026-07-08,Produzida
4542,05004178,9990712056,Etiqueta alto teor de açúcar e gordura,200,200,0,2026-07-08,2026-07-08,Produzida
4542,05004178,9990712069,Etiqueta xiba 63% frente,200,200,0,2026-07-08,2026-07-08,Produzida
4542,05004178,9990712070,Etiqueta Xiba 63% Verso,200,200,0,2026-07-08,2026-07-08,Produzida
4542,05004178,0010321002,Barra 60g Terroir da Amazonia XIBA 63%,200,200,0,2026-07-10,2026-07-08,Produzida
4542,05004178,0190213057,Embalagem – mod. Envelope p/ barra,200,200,0,2026-07-10,2026-07-08,Produzida
4542,05004178,0190213104,Folha papel barrado Mágio,200,200,0,2026-07-10,2026-07-08,Produzida
4542,05004178,019021424,CARTÃO QR,200,200,0,2026-07-10,2026-07-08,Produzida
4542,05004178,9990712045,Etiqueta Lacre 2 - Adesivo transparente,200,200,0,2026-07-10,2026-07-08,Produzida
4542,05004178,9990712046,Etiqueta Lacre 1  - Adesivo com hot stam,200,200,0,2026-07-10,2026-07-08,Produzida
4542,05004178,9990712056,Etiqueta alto teor de açúcar e gordura,200,200,0,2026-07-10,2026-07-08,Produzida
4542,05004178,9990712069,Etiqueta xiba 63% frente,200,200,0,2026-07-10,2026-07-08,Produzida
4542,05004178,9990712070,Etiqueta Xiba 63% Verso,200,200,0,2026-07-10,2026-07-08,Produzida
4543,0010321002,0010305007,Massa de Chocolate Xiba 63%,12,12,0,2026-07-07,2026-07-03,Produzida
4543,0010321002,0010305007,Massa de Chocolate Xiba 63%,12,12,0,2026-07-10,2026-07-03,Produzida
4544,9990311020,0050305006,MASSA DE CHOCOLATE -AO LEITE   NF24,0.2436,0.2436,0,2026-07-08,2026-07-07,Produzida
4544,9990311020,0140106804,Açúcar invertido,0.0244,0.0244,0,2026-07-08,2026-07-07,Produzida
4544,9990311020,9990111006,Manteiga de Leite,0.0287,0.0287,0,2026-07-08,2026-07-07,Produzida
4544,9990311020,9990111021,DEXTROSE,0.0045,0.0045,0,2026-07-08,2026-07-07,Produzida
4544,9990311020,9990111023,Sorbitol em Pó,0.0268,0.0268,0,2026-07-08,2026-07-07,Produzida
4544,9990311020,9990111026,Sal,0.0005,0.0005,0,2026-07-08,2026-07-07,Produzida
4544,9990311020,9990111053,MALTODEXTRINA DE10 1910,0.0041,0.0041,0,2026-07-08,2026-07-07,Produzida
4544,9990311020,9990111054,Sorbato de Potássio Granulado,0.0005,0.0005,0,2026-07-08,2026-07-07,Produzida
4544,9990311020,9990111065,Açaí Liofilizado,0.0179,0.0179,0,2026-07-08,2026-07-07,Produzida
4544,9990311020,9990315028,Polpa de Açaí Reduzida,0.1491,0.1491,0,2026-07-08,2026-07-07,Produzida
4545,05104132,0020315001,Bolo de Chocolate Loja,1,0.95,0.05,2026-07-08,2026-07-08,Produzida
4546,0210305004,0050303010,LIQUOR DE CUPUAÇU -SAKAGUCHI,0,5.4,-5.4,2026-07-07,2026-07-03,Em Produção
4546,0210305004,0140106004,Açúcar Demerara,1.7,1.7,0,2026-07-07,2026-07-03,Em Produção
4546,0210305004,0210303001,Nibs de Cupuaçu - Sakaguchi,4.4,0,4.4,2026-07-07,2026-07-03,Em Produção
4546,0210305004,9990107001,MANTEIGA DE CACAU desodorizada,2.9,2.9,0,2026-07-07,2026-07-03,Em Produção
4548,05004057,0050321013,Barras com recheios - 80g  com praliné,92,92,0,2026-07-15,2026-07-15,Produzida
4548,05004057,0190213056,Envelope plastico transparente,92,92,0,2026-07-15,2026-07-15,Produzida
4548,05004057,0190213164,Caixa ES Ao Leite Praliné Avelã,92,92,0,2026-07-15,2026-07-15,Produzida
4548,05004057,019021424,CARTÃO QR,92,92,0,2026-07-15,2026-07-15,Produzida
4549,0050321013,0050305006,MASSA DE CHOCOLATE -AO LEITE   NF24,4.422,3.2292,1.1928,2026-07-15,2026-07-08,Produzida
4549,0050321013,9990311030,Praliné de Avelã colagem,5.657,4.1308,1.5262,2026-07-15,2026-07-08,Produzida
4550,05004043,0050305025,FORMIGUEIRO MARACUJÁ 16g,190,190,0,2026-07-13,2026-07-13,Produzida
4550,05004043,0190213072,Caixa formigueiro Maracuja,38,38,0,2026-07-13,2026-07-13,Produzida
4550,05004043,019021424,CARTÃO QR,38,38,0,2026-07-13,2026-07-13,Produzida
4550,05004043,9990712045,Etiqueta Lacre 2 - Adesivo transparente,38,38,0,2026-07-13,2026-07-13,Produzida
4551,0050305025,0050305006,MASSA DE CHOCOLATE -AO LEITE   NF24,2.688,2.832,-0.144,2026-07-10,2026-07-08,Produzida
4551,0050305025,9990311009,Recheio Yara Maracujá,1.064,1.121,-0.057,2026-07-10,2026-07-08,Produzida
4551,0050305025,9990311038,Recheio Caramelo Maracujá,0.728,0.767,-0.039,2026-07-10,2026-07-08,Produzida
4552,05104033,0050305025,FORMIGUEIRO MARACUJÁ 16g,100,100,0,2026-07-10,2026-07-08,Produzida
4553,05104120,0020305008,Massa de Chocolate - Mocajuba Intenso,0.0342,0,0.0342,2026-07-08,2026-07-08,Produzida
4553,05104120,0260305001,Massa de Chocolate - Moju Intenso,0,0.0342,-0.0342,2026-07-08,2026-07-08,Produzida
4553,05104120,9990111042,Xerem de Castanha de Caju,0.136,0.0191,0.1169,2026-07-08,2026-07-08,Produzida
4553,05104120,9990311040,Colagem praliné para lua cheia,0.2366,0.2366,0,2026-07-08,2026-07-08,Produzida
4554,05004102,0050305026,Mini Lua Cheia Ao Leite 10g,400,400,0,2026-07-13,2026-07-13,Produzida
4554,05004102,0190213056,Envelope plastico transparente,40,40,0,2026-07-13,2026-07-13,Produzida
4554,05004102,0190213107,Caixa mini Lua Cheia ao Leite 100g,40,40,0,2026-07-13,2026-07-13,Produzida
4554,05004102,019021424,CARTÃO QR,40,40,0,2026-07-13,2026-07-13,Produzida
4554,05004102,9990712045,Etiqueta Lacre 2 - Adesivo transparente,80,80,0,2026-07-13,2026-07-13,Produzida
4555,0050305026,0050305006,MASSA DE CHOCOLATE -AO LEITE   NF24,0.5192,0.472,0.0472,2026-07-13,2026-07-08,Produzida
4555,0050305026,9990111042,Xerem de Castanha de Caju,0.2904,0.264,0.0264,2026-07-13,2026-07-08,Produzida
4555,0050305026,9990311040,Colagem praliné para lua cheia,3.5904,3.264,0.3264,2026-07-13,2026-07-08,Produzida
4556,05104119,0050305026,Mini Lua Cheia Ao Leite 10g,39,39,0,2026-07-08,2026-07-08,Produzida
4561,05104132,0020315001,Bolo de Chocolate Loja,0.4,0.4,0,2026-07-08,2026-07-08,Produzida
4562,05104059,0050305006,MASSA DE CHOCOLATE -AO LEITE   NF24,0.253,0.253,0,2026-07-08,2026-07-07,Produzida
4562,05104059,9990311042,Recheio Doce de Cupuaçu,0.4,0.207,0.193,2026-07-08,2026-07-07,Produzida
4563,05104036,0050305006,MASSA DE CHOCOLATE -AO LEITE   NF24,0.462,0.462,0,2026-07-08,2026-07-07,Produzida
4563,05104036,9990311020,Ganache Açaí,0.5,0.378,0.122,2026-07-08,2026-07-07,Produzida
4564,05004102,0050305026,Mini Lua Cheia Ao Leite 10g,400,400,0,2026-07-08,2026-07-08,Produzida
4564,05004102,0190213056,Envelope plastico transparente,40,40,0,2026-07-08,2026-07-08,Produzida
4564,05004102,0190213107,Caixa mini Lua Cheia ao Leite 100g,40,40,0,2026-07-08,2026-07-08,Produzida
4564,05004102,019021424,CARTÃO QR,40,40,0,2026-07-08,2026-07-08,Produzida
4564,05004102,9990712045,Etiqueta Lacre 2 - Adesivo transparente,80,80,0,2026-07-08,2026-07-08,Produzida
4565,0050305026,0050305006,MASSA DE CHOCOLATE -AO LEITE   NF24,0.472,0.472,0,2026-07-08,2026-07-01,Produzida
4565,0050305026,9990111042,Xerem de Castanha de Caju,0.264,0.264,0,2026-07-08,2026-07-01,Produzida
4565,0050305026,9990311040,Colagem praliné para lua cheia,3.264,3.264,0,2026-07-08,2026-07-01,Produzida
4566,05104060,0050305013,PP LÍNGUA DE ONÇA 5G AO LEITE,0,80,-80,2026-07-08,2026-07-08,Produzida
4566,05104060,05004015,MAGIO Língua de Onça ao Leite Cx80g,5,0,5,2026-07-08,2026-07-08,Produzida
4567,0050321001,0050305006,MASSA DE CHOCOLATE -AO LEITE   NF24,0,28.26,-28.26,2026-07-08,2026-07-08,Produzida
4567,0050321001,0050321001,Barra 60g Terroir da Amazonia Saka ao le,478,0,478,2026-07-08,2026-07-08,Produzida
4568,0050305026,0050305006,MASSA DE CHOCOLATE -AO LEITE   NF24,0.046,0.046,0,2026-07-08,2026-07-08,Produzida
4568,0050305026,9990111042,Xerem de Castanha de Caju,0.1,0.0257,0.0743,2026-07-08,2026-07-08,Produzida
4568,0050305026,9990311040,Colagem praliné para lua cheia,0.3182,0.3182,0,2026-07-08,2026-07-08,Produzida
4569,05004017,0050305015,PP LÍNGUA DE ONÇA 11G PRALINÉ,411,419,-8,2026-07-22,2026-07-10,Produzida
4569,05004017,0190213091,Flowpack LO Leite c/ Praliné,419,419,0,2026-07-22,2026-07-10,Produzida
4570,0050305015,0050305006,MASSA DE CHOCOLATE -AO LEITE   NF24,2.6855,2.6855,0,2026-07-10,2026-07-10,Produzida
4570,0050305015,9990307008,Pomada de manteiga de cacau,0,0.0271,-0.0271,2026-07-10,2026-07-10,Produzida
4570,0050305015,9990311030,Praliné de Avelã colagem,1.8084,1.8084,0,2026-07-10,2026-07-10,Produzida
4571,05004141,0050305019,PP LÍNGUA DE ONÇA CUPUAÇU 11G,489,503,-14,2026-07-10,2026-07-10,Produzida
4571,05004141,0190213094,Flowpack LO Cupulate,503,503,0,2026-07-10,2026-07-10,Produzida
4571,05004141,0050305019,PP LÍNGUA DE ONÇA CUPUAÇU 11G,489,503,-14,2026-07-20,2026-07-10,Produzida
4571,05004141,0190213094,Flowpack LO Cupulate,503,503,0,2026-07-20,2026-07-10,Produzida
4572,0050305019,0210305004,Massa  de Cupuaçu - Sakaguchi,6,0,6,2026-07-10,2026-07-10,Produzida
4572,0050305019,02104013,Sakaguchi Cupulate 50g,0,107.58,-107.58,2026-07-10,2026-07-10,Produzida
4573,9990311009,0140106805,Açúcar refinado,0.3039,0.3039,0,2026-07-10,2026-07-08,Produzida
4573,9990311009,9990111000,Agua Mineral sem gás,0,0.3709,-0.3709,2026-07-10,2026-07-08,Produzida
4573,9990311009,9990111004,Baunilha em Fava,0.0004,0.0004,0,2026-07-10,2026-07-08,Produzida
4573,9990311009,9990111007,Clara em Pó,0.0145,0.0145,0,2026-07-10,2026-07-08,Produzida
4573,9990311009,9990111008,Xarope de glucose,0.3409,0.3409,0,2026-07-10,2026-07-08,Produzida
4573,9990311009,9990111009,Gelatina incolor,0.0153,0.0153,0,2026-07-10,2026-07-08,Produzida
4573,9990311009,9990311038,Recheio Caramelo Maracujá,0.05,0.05,0,2026-07-10,2026-07-08,Produzida
4574,0050321001,0050305006,MASSA DE CHOCOLATE -AO LEITE   NF24,0.54,0.54,0,2026-07-10,2026-07-10,Produzida
4575,05004058,0050321014,Barras com recheios - 80g   amargo 63%,68,68,0,2026-07-13,2026-07-13,Produzida
4575,05004058,0190213056,Envelope plastico transparente,68,68,0,2026-07-13,2026-07-13,Produzida
4575,05004058,0190213167,Caixa ES Intenso Praliné Avelã,68,68,0,2026-07-13,2026-07-13,Produzida
4575,05004058,019021424,CARTÃO QR,68,68,0,2026-07-13,2026-07-13,Produzida
4576,0050321014,0020305008,Massa de Chocolate - Mocajuba Intenso,2.6676,0,2.6676,2026-07-13,2026-07-03,Produzida
4576,0050321014,0260305001,Massa de Chocolate - Moju Intenso,0,2.6676,-2.6676,2026-07-13,2026-07-03,Produzida
4576,0050321014,9990311030,Praliné de Avelã colagem,5.9516,3.4124,2.5392,2026-07-13,2026-07-03,Produzida
4577,0260305005,0260304001,Liquor de Cacau - Moju,2.55,2.55,0,2026-07-13,2026-07-13,Produzida
4577,0260305005,03001001,Leite em Pó integral,2.28,2.28,0,2026-07-13,2026-07-13,Produzida
4577,0260305005,03001003,Leite em pó desnatado molico 280gr,0.6,0.6,0,2026-07-13,2026-07-13,Produzida
4577,0260305005,9990107001,MANTEIGA DE CACAU desodorizada,3.54,3.54,0,2026-07-13,2026-07-13,Produzida
4577,0260305005,9990111005,Lecitina de Soja,0.06,0.06,0,2026-07-13,2026-07-13,Produzida
4577,0260305005,999011181,Maltitol em pó,6,5.97,0.03,2026-07-13,2026-07-13,Produzida
4578,0260304001,0260303001,Nibs de Cacau Moju,2.875,2.55,0.325,2026-07-13,2026-07-10,Produzida
4579,0050305038,0260305005,Massa de Chocolate ao Leite Zero Açúcar,9,6.512,2.488,2026-07-13,2026-07-13,Produzida
4580,05104128,0050305038,PP L.Onça Ao Leite Zero Açúcar 11G,592,592,0,2026-07-13,2026-07-13,Produzida
4582,0050305006,0050304005,LIQUOR DE CACAU - SAKAGUCHI  NT24,2.4,2.64,-0.24,2026-07-17,2026-07-13,Produzida
4582,0050305006,0140106805,Açúcar refinado,6.74,7.414,-0.674,2026-07-17,2026-07-13,Produzida
4582,0050305006,03001001,Leite em Pó integral,5,5.5,-0.5,2026-07-17,2026-07-13,Produzida
4582,0050305006,9990107001,MANTEIGA DE CACAU desodorizada,5.8,6.38,-0.58,2026-07-17,2026-07-13,Produzida
4582,0050305006,9990111005,Lecitina de Soja,0.06,0.066,-0.006,2026-07-17,2026-07-13,Produzida
4583,0050304005,0050303003,Nibs de Cacau - Sakaguchi(PA),2.4,0,2.4,2026-07-17,2026-07-13,Produzida
4583,0050304005,0050303004,NIBS DE CACAU - SAKAGUCHI NT 120-35,0,2.4,-2.4,2026-07-17,2026-07-13,Produzida
4584,05004056,0050321011,Barras com recheios - 80g   Pistache,78,78,0,2026-07-15,2026-07-15,Produzida
4584,05004056,0190213056,Envelope plastico transparente,78,78,0,2026-07-15,2026-07-15,Produzida
4584,05004056,0190213166,Caixa ES Ao Leite Praliné de Pistache,78,78,0,2026-07-15,2026-07-15,Produzida
4584,05004056,019021424,CARTÃO QR,78,78,0,2026-07-15,2026-07-15,Produzida
4585,0050321011,0050305006,MASSA DE CHOCOLATE -AO LEITE   NF24,3.51,2.7378,0.7722,2026-07-15,2026-07-03,Produzida
4585,0050321011,9990311031,Praliné Pistache colagem,4.49,3.5022,0.9878,2026-07-15,2026-07-03,Produzida
4588,05004056,0050321011,Barras com recheios - 80g   Pistache,125,125,0,2026-07-15,2026-07-15,Produzida
4588,05004056,0190213056,Envelope plastico transparente,125,125,0,2026-07-15,2026-07-15,Produzida
4588,05004056,0190213166,Caixa ES Ao Leite Praliné de Pistache,125,125,0,2026-07-15,2026-07-15,Produzida
4588,05004056,019021424,CARTÃO QR,125,125,0,2026-07-15,2026-07-15,Produzida
4589,0050321011,0050305006,MASSA DE CHOCOLATE -AO LEITE   NF24,4.3875,4.3875,0,2026-07-15,2026-07-13,Produzida
4589,0050321011,9990311031,Praliné Pistache colagem,5.6125,5.6125,0,2026-07-15,2026-07-13,Produzida
4590,05004102,0050305026,Mini Lua Cheia Ao Leite 10g,290,290,0,2026-07-20,2026-07-20,Produzida
4590,05004102,0190213056,Envelope plastico transparente,29,29,0,2026-07-20,2026-07-20,Produzida
4590,05004102,0190213107,Caixa mini Lua Cheia ao Leite 100g,29,29,0,2026-07-20,2026-07-20,Produzida
4590,05004102,019021424,CARTÃO QR,29,29,0,2026-07-20,2026-07-20,Produzida
4590,05004102,9990712045,Etiqueta Lacre 2 - Adesivo transparente,58,58,0,2026-07-20,2026-07-20,Produzida
4591,0050305026,0050305006,MASSA DE CHOCOLATE -AO LEITE   NF24,0.4614,0.4614,0,2026-07-15,2026-07-15,Produzida
4591,0050305026,9990111042,Xerem de Castanha de Caju,0.3242,0.2581,0.0661,2026-07-15,2026-07-15,Produzida
4591,0050305026,9990311040,Colagem praliné para lua cheia,3.1905,3.1906,-0.0001,2026-07-15,2026-07-15,Produzida
4591,0050305026,0050305006,MASSA DE CHOCOLATE -AO LEITE   NF24,0.4614,0.4614,0,2026-07-20,2026-07-15,Produzida
4591,0050305026,9990111042,Xerem de Castanha de Caju,0.3242,0.2581,0.0661,2026-07-20,2026-07-15,Produzida
4591,0050305026,9990311040,Colagem praliné para lua cheia,3.1905,3.1906,-0.0001,2026-07-20,2026-07-15,Produzida
4592,05104119,0050305026,Mini Lua Cheia Ao Leite 10g,81,81,0,2026-07-15,2026-07-15,Produzida
4593,05104120,0020305008,Massa de Chocolate - Mocajuba Intenso,0.2602,0,0.2602,2026-07-15,2026-07-14,Produzida
4593,05104120,0260305001,Massa de Chocolate - Moju Intenso,0,0.0602,-0.0602,2026-07-15,2026-07-14,Produzida
4593,05104120,9990111042,Xerem de Castanha de Caju,0.1337,0.0337,0.1,2026-07-15,2026-07-14,Produzida
4593,05104120,9990311040,Colagem praliné para lua cheia,0.4108,0.4162,-0.0054,2026-07-15,2026-07-14,Produzida
4594,05004015,0050305013,PP LÍNGUA DE ONÇA 5G AO LEITE,3216,3216,0,2026-07-15,2026-07-15,Produzida
4594,05004015,0190213051,Caixa Base  LO 80g,201,201,0,2026-07-15,2026-07-15,Produzida
4594,05004015,0190213054,Luva LO 80GR ao leite,201,201,0,2026-07-15,2026-07-15,Produzida
4594,05004015,0190213060,Berço termoformado LO,201,201,0,2026-07-15,2026-07-15,Produzida
4594,05004015,019021424,CARTÃO QR,201,201,0,2026-07-15,2026-07-15,Produzida
4594,05004015,9990712045,Etiqueta Lacre 2 - Adesivo transparente,201,201,0,2026-07-15,2026-07-15,Produzida
4594,05004015,0050305013,PP LÍNGUA DE ONÇA 5G AO LEITE,3216,3216,0,2026-07-16,2026-07-16,Produzida
4594,05004015,0190213051,Caixa Base  LO 80g,201,201,0,2026-07-16,2026-07-16,Produzida
4594,05004015,0190213054,Luva LO 80GR ao leite,201,201,0,2026-07-16,2026-07-16,Produzida
4594,05004015,0190213060,Berço termoformado LO,201,201,0,2026-07-16,2026-07-16,Produzida
4594,05004015,019021424,CARTÃO QR,201,201,0,2026-07-16,2026-07-16,Produzida
4594,05004015,9990712045,Etiqueta Lacre 2 - Adesivo transparente,201,201,0,2026-07-16,2026-07-16,Produzida
4595,0050305013,0050305006,MASSA DE CHOCOLATE -AO LEITE   NF24,16.4322,15.9192,0.513,2026-07-15,2026-07-14,Produzida
4595,0050305013,9990307008,Pomada de manteiga de cacau,0,0.1608,-0.1608,2026-07-15,2026-07-14,Produzida
4595,0050305013,0050305006,MASSA DE CHOCOLATE -AO LEITE   NF24,16.4322,15.9192,0.513,2026-07-16,2026-07-14,Produzida
4595,0050305013,9990307008,Pomada de manteiga de cacau,0,0.1608,-0.1608,2026-07-16,2026-07-14,Produzida
4596,05004178,0010321002,Barra 60g Terroir da Amazonia XIBA 63%,210,210,0,2026-07-14,2026-07-14,Produzida
4596,05004178,0190213057,Embalagem – mod. Envelope p/ barra,210,210,0,2026-07-14,2026-07-14,Produzida
4596,05004178,0190213104,Folha papel barrado Mágio,210,210,0,2026-07-14,2026-07-14,Produzida
4596,05004178,019021424,CARTÃO QR,210,210,0,2026-07-14,2026-07-14,Produzida
4596,05004178,9990712045,Etiqueta Lacre 2 - Adesivo transparente,210,210,0,2026-07-14,2026-07-14,Produzida
4596,05004178,9990712046,Etiqueta Lacre 1  - Adesivo com hot stam,210,210,0,2026-07-14,2026-07-14,Produzida
4596,05004178,9990712056,Etiqueta alto teor de açúcar e gordura,210,210,0,2026-07-14,2026-07-14,Produzida
4596,05004178,9990712069,Etiqueta xiba 63% frente,210,210,0,2026-07-14,2026-07-14,Produzida
4596,05004178,9990712070,Etiqueta Xiba 63% Verso,210,210,0,2026-07-14,2026-07-14,Produzida
4598,0010321002,0010305007,Massa de Chocolate Xiba 63%,12,12.6,-0.6,2026-07-14,2026-07-08,Produzida
4600,05104022,0050305006,MASSA DE CHOCOLATE -AO LEITE   NF24,0.2925,0.2925,0,2026-07-14,2026-07-13,Produzida
4600,05104022,9990111010,Pistache,0.1758,0.0702,0.1056,2026-07-14,2026-07-13,Produzida
4600,05104022,9990315024,Massa de trufa de Pistache,2,1.9773,0.0227,2026-07-14,2026-07-13,Produzida
4601,9990315024,0050305006,MASSA DE CHOCOLATE -AO LEITE   NF24,0.8708,0.8708,0,2026-07-14,2026-07-13,Produzida
4601,9990315024,0140106804,Açúcar invertido,0.046,0.046,0,2026-07-14,2026-07-13,Produzida
4601,9990315024,9990111003,Creme de Leite UHT 25%,0.2904,0.2904,0,2026-07-14,2026-07-13,Produzida
4601,9990315024,9990111006,Manteiga de Leite,0.0402,0.0402,0,2026-07-14,2026-07-13,Produzida
4601,9990315024,9990111023,Sorbitol em Pó,0.0346,0.0346,0,2026-07-14,2026-07-13,Produzida
4601,9990315024,9990311004,Praliné Pistache,0.7204,0.7184,0.002,2026-07-14,2026-07-13,Produzida
4602,9990311004,0140106805,Açúcar refinado,0.3903,0.3903,0,2026-07-14,2026-07-13,Produzida
4602,9990311004,03001001,Leite em Pó integral,0.0261,0.0261,0,2026-07-14,2026-07-13,Produzida
4602,9990311004,9990111010,Pistache,0.4669,0.4669,0,2026-07-14,2026-07-13,Produzida
4602,9990311004,9990111031,Amêndoa,0.1167,0.1167,0,2026-07-14,2026-07-13,Produzida
4603,05104020,0020305008,Massa de Chocolate - Mocajuba Intenso,0.496,0,0.496,2026-07-14,2026-07-13,Produzida
4603,05104020,0260305001,Massa de Chocolate - Moju Intenso,0,0.496,-0.496,2026-07-14,2026-07-13,Produzida
4603,05104020,9990117003,Cacau em Pó Alcalino,0.4564,1.24,-0.7836,2026-07-14,2026-07-13,Produzida
4603,05104020,9990315022,Massa de trufa Intenso,2.0993,2.108,-0.0087,2026-07-14,2026-07-13,Produzida
4604,9990315022,0020315005,Face mini Ovo Intenso,235,0,235,2026-07-14,2026-07-13,Produzida
4604,9990315022,0140106804,Açúcar invertido,0.0983,0.0983,0,2026-07-14,2026-07-13,Produzida
4604,9990315022,0260305001,Massa de Chocolate - Moju Intenso,0,1.3392,-1.3392,2026-07-14,2026-07-13,Produzida
4604,9990315022,9990111003,Creme de Leite UHT 25%,0.525,0.525,0,2026-07-14,2026-07-13,Produzida
4604,9990315022,9990111006,Manteiga de Leite,0.0754,0.0754,0,2026-07-14,2026-07-13,Produzida
4604,9990315022,9990111023,Sorbitol em Pó,0.0622,0.0622,0,2026-07-14,2026-07-13,Produzida
4606,9990311044,0140106805,Açúcar refinado,0.45,0.45,0,2026-07-14,2026-07-14,Produzida
4606,9990311044,9990111056,Castanha do Pará,0.225,0.225,0,2026-07-14,2026-07-14,Produzida
4606,9990311044,9990111073,Castanha de Caju,0.2,0.225,-0.025,2026-07-14,2026-07-14,Produzida
4607,05104033,0050305025,FORMIGUEIRO MARACUJÁ 16g,5,5,0,2026-07-15,2026-07-15,Produzida
4608,05104083,0050321014,Barras com recheios - 80g   amargo 63%,8,8,0,2026-07-15,2026-07-15,Produzida
4608,05104083,0190213056,Envelope plastico transparente,8,8,0,2026-07-15,2026-07-15,Produzida
4609,05104081,0050321024,Barra 80 GR  Caram de Maracujá+praliné,11,11,0,2026-07-15,2026-07-15,Produzida
4609,05104081,0190213056,Envelope plastico transparente,2,11,-9,2026-07-15,2026-07-15,Produzida
4610,05104081,0050321024,Barra 80 GR  Caram de Maracujá+praliné,12,12,0,2026-07-15,2026-07-15,Produzida
4610,05104081,0190213056,Envelope plastico transparente,0,12,-12,2026-07-15,2026-07-15,Produzida
4611,05004148,0190213116,Fundo Caixa 14 bombons,10,10,0,2026-07-16,2026-07-16,Produzida
4611,05004148,0190213124,Forminha para Bombons Caixas,140,140,0,2026-07-16,2026-07-16,Produzida
4611,05004148,0190213130,Berço Base Caixa 14 Bombons,10,10,0,2026-07-16,2026-07-16,Produzida
4611,05004148,0190213133,Berço interno caixa 14 bombons,20,20,0,2026-07-16,2026-07-16,Produzida
4611,05004148,0190213134,Folder das Caixas de 14 Bombons,10,10,0,2026-07-16,2026-07-16,Produzida
4611,05004148,01902131562,Candy Pad branco caixa 14,10,10,0,2026-07-16,2026-07-16,Produzida
4611,05004148,0190213172,Tampa Caixa 14 bombons,10,10,0,2026-07-16,2026-07-16,Produzida
4611,05004148,019021424,CARTÃO QR,10,10,0,2026-07-16,2026-07-16,Produzida
4611,05004148,05104109,Bombom NM Mini Lua Cheia ao Leite 10g,20,20,0,2026-07-16,2026-07-16,Produzida
4611,05004148,05104110,Bombom NM Choc Lt Praliné de Avelã 9g,10,10,0,2026-07-16,2026-07-16,Produzida
4611,05004148,05104111,Bombom NM Choc Int Praliné de Avelã 9g,10,10,0,2026-07-16,2026-07-16,Produzida
4611,05004148,05104112,Bombom NM Choc Int Ganache Int 11g,10,10,0,2026-07-16,2026-07-16,Produzida
4611,05004148,05104113,Bombom NM Chocolate ao Leite 11g,10,10,0,2026-07-16,2026-07-16,Produzida
4611,05004148,05104114,Bombom NM Chocolate Leite Pistache 10g,10,10,0,2026-07-16,2026-07-16,Produzida
4611,05004148,05104115,Bombom NM Choc Lt  Doce de Cupuaçu 10g,20,20,0,2026-07-16,2026-07-16,Produzida
4611,05004148,05104116,Bombom NM Chocolate Intenso Taperebá 10g,20,20,0,2026-07-16,2026-07-16,Produzida
4611,05004148,05104117,Bombom NM Chocolate LT Maracujá 9g,20,20,0,2026-07-16,2026-07-16,Produzida
4611,05004148,05104118,Bombom NM Choc Lt Castanha do Pará 8g,10,10,0,2026-07-16,2026-07-16,Produzida
4611,05004148,9990712045,Etiqueta Lacre 2 - Adesivo transparente,40,0,40,2026-07-16,2026-07-16,Produzida
4613,0050305006,0050304005,LIQUOR DE CACAU - SAKAGUCHI  NT24,4.8,4.8,0,2026-07-16,2026-07-01,Produzida
4613,0050305006,0140106805,Açúcar refinado,19.381,13.48,5.901,2026-07-16,2026-07-01,Produzida
4613,0050305006,03001001,Leite em Pó integral,12.1079,10,2.1079,2026-07-16,2026-07-01,Produzida
4613,0050305006,9990107001,MANTEIGA DE CACAU desodorizada,14.6,11.6,3,2026-07-16,2026-07-01,Produzida
4613,0050305006,9990111005,Lecitina de Soja,0.12,0.12,0,2026-07-16,2026-07-01,Produzida
4614,0050304005,0050303003,Nibs de Cacau - Sakaguchi(PA),8,0,8,2026-07-16,2026-07-01,Produzida
4614,0050304005,0050303004,NIBS DE CACAU - SAKAGUCHI NT 120-35,0,4.8,-4.8,2026-07-16,2026-07-01,Produzida
4615,05004057,0050321013,Barras com recheios - 80g  com praliné,140,140,0,2026-07-16,2026-07-16,Produzida
4615,05004057,0190213056,Envelope plastico transparente,140,140,0,2026-07-16,2026-07-16,Produzida
4615,05004057,0190213164,Caixa ES Ao Leite Praliné Avelã,140,140,0,2026-07-16,2026-07-16,Produzida
4615,05004057,019021424,CARTÃO QR,140,140,0,2026-07-16,2026-07-16,Produzida
4616,0050321013,0050305006,MASSA DE CHOCOLATE -AO LEITE   NF24,4.914,4.914,0,2026-07-16,2026-07-01,Produzida
4616,0050321013,9990311030,Praliné de Avelã colagem,7.743,6.286,1.457,2026-07-16,2026-07-01,Produzida
4617,9990311030,0050305006,MASSA DE CHOCOLATE -AO LEITE   NF24,3.5808,3.5808,0,2026-07-16,2026-07-06,Produzida
4617,9990311030,9990107001,MANTEIGA DE CACAU desodorizada,1.0624,1.0624,0,2026-07-16,2026-07-06,Produzida
4617,9990311030,9990307008,Pomada de manteiga de cacau,0,0.168,-0.168,2026-07-16,2026-07-06,Produzida
4617,9990311030,9990311043,Praliné de Avelã,12,11.1888,0.8112,2026-07-16,2026-07-06,Produzida
4618,9990311043,0140106805,Açúcar refinado,5,4.8,0.2,2026-07-16,2026-07-06,Produzida
4618,9990311043,9990111020,Avelã,10.26,7.2,3.06,2026-07-16,2026-07-06,Produzida
4619,9990311038,0140106805,Açúcar refinado,3.4908,2.4436,1.0472,2026-07-16,2026-07-06,Produzida
4619,9990311038,9990111000,Agua Mineral sem gás,0,0.7476,-0.7476,2026-07-16,2026-07-06,Produzida
4619,9990311038,9990111004,Baunilha em Fava,0.0072,0.005,0.0022,2026-07-16,2026-07-06,Produzida
4619,9990311038,9990111005,Lecitina de Soja,0.0456,0.0319,0.0137,2026-07-16,2026-07-06,Produzida
4619,9990311038,9990111006,Manteiga de Leite,1,0.6527,0.3473,2026-07-16,2026-07-06,Produzida
4619,9990311038,9990111008,Xarope de glucose,2.2517,1.4011,0.8506,2026-07-16,2026-07-06,Produzida
4619,9990311038,9990111015,Polpa Maracujá,3.8,3.1181,0.6819,2026-07-16,2026-07-06,Produzida
4620,05004056,0050321011,Barras com recheios - 80g   Pistache,64,64,0,2026-07-16,2026-07-16,Produzida
4620,05004056,0190213056,Envelope plastico transparente,64,64,0,2026-07-16,2026-07-16,Produzida
4620,05004056,0190213166,Caixa ES Ao Leite Praliné de Pistache,64,64,0,2026-07-16,2026-07-16,Produzida
4620,05004056,019021424,CARTÃO QR,64,64,0,2026-07-16,2026-07-16,Produzida
4621,0050321011,0050305006,MASSA DE CHOCOLATE -AO LEITE   NF24,2.2464,2.2464,0,2026-07-16,2026-07-14,Produzida
4621,0050321011,9990311031,Praliné Pistache colagem,2.8736,2.8736,0,2026-07-16,2026-07-14,Produzida
4622,05104081,0050321024,Barra 80 GR  Caram de Maracujá+praliné,36,36,0,2026-07-16,2026-07-16,Produzida
4622,05104081,0190213056,Envelope plastico transparente,0,36,-36,2026-07-16,2026-07-16,Produzida
4623,05104109,0050305026,Mini Lua Cheia Ao Leite 10g,20,20,0,2026-07-16,2026-07-15,Produzida
4624,05104110,0050305006,MASSA DE CHOCOLATE -AO LEITE   NF24,0.0405,0.0405,0,2026-07-16,2026-07-15,Produzida
4624,05104110,9990311030,Praliné de Avelã colagem,0.0495,0.0495,0,2026-07-16,2026-07-15,Produzida
4626,05104111,0020305008,Massa de Chocolate - Mocajuba Intenso,0.0405,0,0.0405,2026-07-16,2026-07-15,Produzida
4626,05104111,0260305001,Massa de Chocolate - Moju Intenso,0,0.0405,-0.0405,2026-07-16,2026-07-15,Produzida
4626,05104111,9990311030,Praliné de Avelã colagem,0.0495,0.0495,0,2026-07-16,2026-07-15,Produzida
4627,05104112,0020305008,Massa de Chocolate - Mocajuba Intenso,0.0495,0,0.0495,2026-07-16,2026-07-15,Produzida
4627,05104112,0260305001,Massa de Chocolate - Moju Intenso,0,0.0495,-0.0495,2026-07-16,2026-07-15,Produzida
4627,05104112,9990311025,Ganache Chocolate intenso,0.0605,0.0605,0,2026-07-16,2026-07-15,Produzida
4628,05104113,0050305006,MASSA DE CHOCOLATE -AO LEITE   NF24,0.11,0.11,0,2026-07-16,2026-07-15,Produzida
4630,05104114,0050305006,MASSA DE CHOCOLATE -AO LEITE   NF24,0.045,0.045,0,2026-07-16,2026-07-15,Produzida
4630,05104114,9990311031,Praliné Pistache colagem,0.055,0.055,0,2026-07-16,2026-07-15,Produzida
4631,05104115,0050305006,MASSA DE CHOCOLATE -AO LEITE   NF24,0.09,0.09,0,2026-07-16,2026-07-15,Produzida
4631,05104115,9990311042,Recheio Doce de Cupuaçu,0.11,0.11,0,2026-07-16,2026-07-15,Produzida
4632,9990311042,0050305006,MASSA DE CHOCOLATE -AO LEITE   NF24,0.1374,0.1374,0,2026-07-16,2026-07-15,Produzida
4632,9990311042,9990107001,MANTEIGA DE CACAU desodorizada,0.0023,0.0023,0,2026-07-16,2026-07-15,Produzida
4632,9990311042,9990111006,Manteiga de Leite,0.0205,0.0205,0,2026-07-16,2026-07-15,Produzida
4632,9990311042,9990111008,Xarope de glucose,0.0252,0.0252,0,2026-07-16,2026-07-15,Produzida
4632,9990311042,9990111021,DEXTROSE,0.0343,0.0343,0,2026-07-16,2026-07-15,Produzida
4632,9990311042,9990111023,Sorbitol em Pó,0.0275,0.0275,0,2026-07-16,2026-07-15,Produzida
4632,9990311042,9990111059,Cupuaçu Liofilizado,0.012,0.012,0,2026-07-16,2026-07-15,Produzida
4632,9990311042,9990315026,Polpa de Cupuaçu Reduzida,0.0526,0.0526,0,2026-07-16,2026-07-15,Produzida
4634,05104116,0020305008,Massa de Chocolate - Mocajuba Intenso,0.09,0,0.09,2026-07-16,2026-07-15,Produzida
4634,05104116,0260305001,Massa de Chocolate - Moju Intenso,0,0.09,-0.09,2026-07-16,2026-07-15,Produzida
4634,05104116,9990311013,Ganache de Taperebá,0.11,0.11,0,2026-07-16,2026-07-15,Produzida
4635,9990311013,0050305006,MASSA DE CHOCOLATE -AO LEITE   NF24,0.1304,0.1322,-0.0018,2026-07-16,2026-07-15,Produzida
4635,9990311013,9990107001,MANTEIGA DE CACAU desodorizada,0.0039,0,0.0039,2026-07-16,2026-07-15,Produzida
4635,9990311013,9990111006,Manteiga de Leite,0.0138,0.0198,-0.006,2026-07-16,2026-07-15,Produzida
4635,9990311013,9990111008,Xarope de glucose,0.005,0.0243,-0.0193,2026-07-16,2026-07-15,Produzida
4635,9990311013,9990111021,DEXTROSE,0.0033,0.033,-0.0297,2026-07-16,2026-07-15,Produzida
4635,9990311013,9990111023,Sorbitol em Pó,0.0107,0.0264,-0.0157,2026-07-16,2026-07-15,Produzida
4635,9990311013,9990111053,MALTODEXTRINA DE10 1910,0.0025,0,0.0025,2026-07-16,2026-07-15,Produzida
4635,9990311013,9990111054,Sorbato de Potássio Granulado,0.0003,0,0.0003,2026-07-16,2026-07-15,Produzida
4635,9990311013,9990111058,Tapereba Liofilizado,0.022,0.024,-0.002,2026-07-16,2026-07-15,Produzida
4635,9990311013,9990315027,Polpa de Tapereba Reduzida,0.1084,0.0506,0.0578,2026-07-16,2026-07-15,Produzida
4636,05104117,0050305006,MASSA DE CHOCOLATE -AO LEITE   NF24,0.081,0.081,0,2026-07-16,2026-07-15,Produzida
4636,05104117,9990311041,Ganache maracujá,0.099,0.099,0,2026-07-16,2026-07-15,Produzida
4637,9990311041,0020305008,Massa de Chocolate - Mocajuba Intenso,0.2061,0,0.2061,2026-07-16,2026-07-15,Produzida
4637,9990311041,0050305006,MASSA DE CHOCOLATE -AO LEITE   NF24,0.0229,0.0229,0,2026-07-16,2026-07-15,Produzida
4637,9990311041,0260305001,Massa de Chocolate - Moju Intenso,0,0.2061,-0.2061,2026-07-16,2026-07-15,Produzida
4637,9990311041,9990107001,MANTEIGA DE CACAU desodorizada,0.0038,0.0038,0,2026-07-16,2026-07-15,Produzida
4637,9990311041,9990111006,Manteiga de Leite,0.0342,0.0342,0,2026-07-16,2026-07-15,Produzida
4637,9990311041,9990111008,Xarope de glucose,0.042,0.042,0,2026-07-16,2026-07-15,Produzida
4637,9990311041,9990111021,DEXTROSE,0.0572,0.0572,0,2026-07-16,2026-07-15,Produzida
4637,9990311041,9990111023,Sorbitol em Pó,0.0458,0.0458,0,2026-07-16,2026-07-15,Produzida
4637,9990311041,999011184,Maracujá Liofilizado,0.006,0.006,0,2026-07-16,2026-07-15,Produzida
4637,9990311041,9990315025,Polpa de Maracujá Reduzida,0.0876,0.0876,0,2026-07-16,2026-07-15,Produzida
4638,05104118,0050305006,MASSA DE CHOCOLATE -AO LEITE   NF24,0.0727,0.0727,0,2026-07-16,2026-07-15,Produzida
4638,05104118,9990111056,Castanha do Pará,0.0073,0.0073,0,2026-07-16,2026-07-15,Produzida
4639,05104071,0020305008,Massa de Chocolate - Mocajuba Intenso,0.4725,0,0.4725,2026-07-17,2026-07-15,Produzida
4639,05104071,0260305001,Massa de Chocolate - Moju Intenso,0,0.4725,-0.4725,2026-07-17,2026-07-15,Produzida
4639,05104071,9990311025,Ganache Chocolate intenso,0.6,0.5775,0.0225,2026-07-17,2026-07-15,Produzida
4640,9990311025,0020305008,Massa de Chocolate - Mocajuba Intenso,0.3509,0,0.3509,2026-07-17,2026-07-15,Produzida
4640,9990311025,0140106804,Açúcar invertido,0.0327,0.0327,0,2026-07-17,2026-07-15,Produzida
4640,9990311025,0260305001,Massa de Chocolate - Moju Intenso,0,0.3509,-0.3509,2026-07-17,2026-07-15,Produzida
4640,9990311025,9990107001,MANTEIGA DE CACAU desodorizada,0.0059,0.0059,0,2026-07-17,2026-07-15,Produzida
4640,9990311025,9990111003,Creme de Leite UHT 25%,0.1482,0.1482,0,2026-07-17,2026-07-15,Produzida
4640,9990311025,9990111006,Manteiga de Leite,0.0273,0.0273,0,2026-07-17,2026-07-15,Produzida
4640,9990311025,9990111023,Sorbitol em Pó,0.0351,0.0351,0,2026-07-17,2026-07-15,Produzida
4641,0100305003,0100305002,Massa Paiter Ao Leite Teste,3,2.616,0.384,2026-07-17,2026-07-15,Produzida
4642,05104016,0050305006,MASSA DE CHOCOLATE -AO LEITE   NF24,0.1016,0.1016,0,2026-07-17,2026-07-15,Produzida
4642,05104016,9990311041,Ganache maracujá,0.401,0.1525,0.2485,2026-07-17,2026-07-15,Produzida
4643,0100305004,0100305001,Massa Paiter Intenso Teste,3,2.68,0.32,2026-07-17,2026-07-15,Produzida
4644,05104012,0050305006,MASSA DE CHOCOLATE -AO LEITE   NF24,0.207,0.207,0,2026-07-17,2026-07-15,Produzida
4644,05104012,9990311031,Praliné Pistache colagem,0.253,0.253,0,2026-07-17,2026-07-15,Produzida
4645,05104039,0020305008,Massa de Chocolate - Mocajuba Intenso,0.081,0,0.081,2026-07-17,2026-07-15,Produzida
4645,05104039,0260305001,Massa de Chocolate - Moju Intenso,0,0.081,-0.081,2026-07-17,2026-07-15,Produzida
4645,05104039,9990311013,Ganache de Taperebá,0.19,0.099,0.091,2026-07-17,2026-07-15,Produzida
4646,05104008,0050305006,MASSA DE CHOCOLATE -AO LEITE   NF24,0.3015,0.3015,0,2026-07-17,2026-07-15,Produzida
4646,05104008,9990311030,Praliné de Avelã colagem,0.3685,0.3685,0,2026-07-17,2026-07-15,Produzida
4647,05104007,0020305008,Massa de Chocolate - Mocajuba Intenso,0.0585,0,0.0585,2026-07-17,2026-07-15,Produzida
4647,05104007,0260305001,Massa de Chocolate - Moju Intenso,0,0.0585,-0.0585,2026-07-17,2026-07-15,Produzida
4647,05104007,9990311030,Praliné de Avelã colagem,0.0715,0.0715,0,2026-07-17,2026-07-15,Produzida
4648,05104059,0050305006,MASSA DE CHOCOLATE -AO LEITE   NF24,0.0935,0.0935,0,2026-07-17,2026-07-15,Produzida
4648,05104059,9990311042,Recheio Doce de Cupuaçu,0.19,0.0765,0.1135,2026-07-17,2026-07-15,Produzida
4649,05004058,0050321014,Barras com recheios - 80g   amargo 63%,116,116,0,2026-07-17,2026-07-17,Produzida
4649,05004058,0190213056,Envelope plastico transparente,116,116,0,2026-07-17,2026-07-17,Produzida
4649,05004058,0190213167,Caixa ES Intenso Praliné Avelã,116,116,0,2026-07-17,2026-07-17,Produzida
4649,05004058,019021424,CARTÃO QR,116,116,0,2026-07-17,2026-07-17,Produzida
4650,0050321014,0020305008,Massa de Chocolate - Mocajuba Intenso,4.0716,0,4.0716,2026-07-17,2026-07-15,Produzida
4650,0050321014,0260305001,Massa de Chocolate - Moju Intenso,0,4.0716,-4.0716,2026-07-17,2026-07-15,Produzida
4650,0050321014,9990311030,Praliné de Avelã colagem,5.2084,5.2084,0,2026-07-17,2026-07-15,Produzida
4652,05104132,0020315001,Bolo de Chocolate Loja,1,0.95,0.05,2026-07-17,2026-07-17,Produzida
4654,05104132,0020315001,Bolo de Chocolate Loja,0.95,0.95,0,2026-07-17,2026-07-17,Produzida
4655,05004016,0050305010,PP LÍNGUA DE ONÇA 5G PRALINÉ,3152,3152,0,2026-07-17,2026-07-17,Produzida
4655,05004016,0190213051,Caixa Base  LO 80g,197,197,0,2026-07-17,2026-07-17,Produzida
4655,05004016,0190213052,Luva LO 80GR ao leite com Praliné,197,197,0,2026-07-17,2026-07-17,Produzida
4655,05004016,0190213060,Berço termoformado LO,197,197,0,2026-07-17,2026-07-17,Produzida
4655,05004016,019021424,CARTÃO QR,197,197,0,2026-07-17,2026-07-17,Produzida
4655,05004016,9990712045,Etiqueta Lacre 2 - Adesivo transparente,197,197,0,2026-07-17,2026-07-17,Produzida
4655,05004016,0050305010,PP LÍNGUA DE ONÇA 5G PRALINÉ,3152,3152,0,2026-07-20,2026-07-20,Produzida
4655,05004016,0190213051,Caixa Base  LO 80g,197,197,0,2026-07-20,2026-07-20,Produzida
4655,05004016,0190213052,Luva LO 80GR ao leite com Praliné,197,197,0,2026-07-20,2026-07-20,Produzida
4655,05004016,0190213060,Berço termoformado LO,197,197,0,2026-07-20,2026-07-20,Produzida
4655,05004016,019021424,CARTÃO QR,197,197,0,2026-07-20,2026-07-20,Produzida
4655,05004016,9990712045,Etiqueta Lacre 2 - Adesivo transparente,197,197,0,2026-07-20,2026-07-20,Produzida
4655,05004016,0050305010,PP LÍNGUA DE ONÇA 5G PRALINÉ,3152,3152,0,2026-07-21,2026-07-21,Produzida
4655,05004016,0190213051,Caixa Base  LO 80g,197,197,0,2026-07-21,2026-07-21,Produzida
4655,05004016,0190213052,Luva LO 80GR ao leite com Praliné,197,197,0,2026-07-21,2026-07-21,Produzida
4655,05004016,0190213060,Berço termoformado LO,197,197,0,2026-07-21,2026-07-21,Produzida
4655,05004016,019021424,CARTÃO QR,197,197,0,2026-07-21,2026-07-21,Produzida
4655,05004016,9990712045,Etiqueta Lacre 2 - Adesivo transparente,197,197,0,2026-07-21,2026-07-21,Produzida
4656,0050305010,0050305006,MASSA DE CHOCOLATE -AO LEITE   NF24,9.8842,9.8842,0,2026-07-17,2026-07-16,Produzida
4656,0050305010,9990307008,Pomada de manteiga de cacau,0,0.0998,-0.0998,2026-07-17,2026-07-16,Produzida
4656,0050305010,9990311030,Praliné de Avelã colagem,6.656,6.656,0,2026-07-17,2026-07-16,Produzida
4657,0050308012,0050108008,Biscoito de castanha do Pará,7.9486,7.9486,0,2026-07-20,2026-07-20,Produzida
4657,0050308012,0210305004,Massa  de Cupuaçu - Sakaguchi,7.0484,7.0484,0,2026-07-20,2026-07-20,Produzida
4657,0050308012,9990111001,Flor de Sal,0.003,0.003,0,2026-07-20,2026-07-20,Produzida
4658,0050308015,0050308012,BISCOITO DE CASTANHA DO PARÁ COM COBERTU,15,15,0,2026-07-20,2026-07-20,Produzida
4658,0050308015,9970212004,ETIQ PIMACO A4348 LASER 100F 9600UND,0,100,-100,2026-07-20,2026-07-20,Produzida
4658,0050308015,9990115001,SAQUINHO BIODEGRADAVEL COMPOSTAVEL,0,0.33,-0.33,2026-07-20,2026-07-20,Produzida
4659,0050305025,0050305006,MASSA DE CHOCOLATE -AO LEITE   NF24,6.048,6.048,0,2026-07-20,2026-07-16,Produzida
4659,0050305025,9990311009,Recheio Yara Maracujá,2.4,2.394,0.006,2026-07-20,2026-07-16,Produzida
4659,0050305025,9990311038,Recheio Caramelo Maracujá,1.638,1.638,0,2026-07-20,2026-07-16,Produzida
4660,9990311009,0140106805,Açúcar refinado,0.6854,0.6854,0,2026-07-20,2026-07-17,Produzida
4660,9990311009,9990111000,Agua Mineral sem gás,0,0.8366,-0.8366,2026-07-20,2026-07-17,Produzida
4660,9990311009,9990111004,Baunilha em Fava,0.001,0.001,0,2026-07-20,2026-07-17,Produzida
4660,9990311009,9990111007,Clara em Pó,0.0326,0.0326,0,2026-07-20,2026-07-17,Produzida
4660,9990311009,9990111008,Xarope de glucose,0.769,0.769,0,2026-07-20,2026-07-17,Produzida
4660,9990311009,9990111009,Gelatina incolor,0.0346,0.0346,0,2026-07-20,2026-07-17,Produzida
4660,9990311009,9990311038,Recheio Caramelo Maracujá,0.1128,0.1128,0,2026-07-20,2026-07-17,Produzida
4661,0050308011,0050108008,Biscoito de castanha do Pará,2.7079,2.7079,0,2026-07-20,2026-07-16,Produzida
4661,0050308011,0050111002,Aromatizante Puxuri,0.001,0.001,0,2026-07-20,2026-07-16,Produzida
4661,0050308011,0050305009,Massa de Chocolate - Chocolate 60% - Sak,2.6,2.3819,0.2181,2026-07-20,2026-07-16,Produzida
4661,0050308011,9990111001,Flor de Sal,0.0092,0.0092,0,2026-07-20,2026-07-16,Produzida
4662,0050308014,0050308011,Biscoito de castanha do Pará banhado com,5.1,5.1,0,2026-07-20,2026-07-20,Produzida
4662,0050308014,9970212004,ETIQ PIMACO A4348 LASER 100F 9600UND,0,34,-34,2026-07-20,2026-07-20,Produzida
4662,0050308014,9990115001,SAQUINHO BIODEGRADAVEL COMPOSTAVEL,0,0.1122,-0.1122,2026-07-20,2026-07-20,Produzida
4664,05004043,0050305025,FORMIGUEIRO MARACUJÁ 16g,150,150,0,2026-07-20,2026-07-20,Produzida
4664,05004043,0190213072,Caixa formigueiro Maracuja,30,30,0,2026-07-20,2026-07-20,Produzida
4664,05004043,019021424,CARTÃO QR,30,30,0,2026-07-20,2026-07-20,Produzida
4664,05004043,9990712045,Etiqueta Lacre 2 - Adesivo transparente,30,30,0,2026-07-20,2026-07-20,Produzida
4665,05104033,0050305025,FORMIGUEIRO MARACUJÁ 16g,480,480,0,2026-07-20,2026-07-16,Produzida
4666,05004058,0050321014,Barras com recheios - 80g   amargo 63%,76,76,0,2026-07-20,2026-07-20,Produzida
4666,05004058,0190213056,Envelope plastico transparente,76,76,0,2026-07-20,2026-07-20,Produzida
4666,05004058,0190213167,Caixa ES Intenso Praliné Avelã,76,76,0,2026-07-20,2026-07-20,Produzida
4666,05004058,019021424,CARTÃO QR,76,76,0,2026-07-20,2026-07-20,Produzida
4667,0050321014,0020305008,Massa de Chocolate - Mocajuba Intenso,2.6676,0,2.6676,2026-07-20,2026-07-17,Produzida
4667,0050321014,0260305001,Massa de Chocolate - Moju Intenso,0,2.6676,-2.6676,2026-07-20,2026-07-17,Produzida
4667,0050321014,9990311030,Praliné de Avelã colagem,2.7958,3.4124,-0.6166,2026-07-20,2026-07-17,Produzida
4670,0050304006,0050303003,Nibs de Cacau - Sakaguchi(PA),60,0,60,2026-07-21,2026-07-21,Produzida
4672,05104077,0050308014,Biscoito 150 gr com choco,0,2,-2,2026-07-20,2026-07-20,Produzida
4672,05104077,05004047,Biscoito Cast. Pará Chocolate 60% 150g,2,0,2,2026-07-20,2026-07-20,Produzida
4674,9990311030,0050305006,MASSA DE CHOCOLATE -AO LEITE   NF24,9.5775,9.5775,0,2026-07-22,2026-07-21,Produzida
4674,9990311030,9990107001,MANTEIGA DE CACAU desodorizada,2.8417,2.8416,0.0001,2026-07-22,2026-07-21,Produzida
4674,9990311030,9990307008,Pomada de manteiga de cacau,0,0.4493,-0.4493,2026-07-22,2026-07-21,Produzida
4674,9990311030,9990311043,Praliné de Avelã,30.431,29.9265,0.5045,2026-07-22,2026-07-21,Produzida
4675,9990311043,0140106805,Açúcar refinado,14.0838,12,2.0838,2026-07-22,2026-07-21,Produzida
4675,9990311043,9990111020,Avelã,20,18,2,2026-07-22,2026-07-21,Produzida
4676,05104061,0050305010,PP LÍNGUA DE ONÇA 5G PRALINÉ,176,71,105,2026-07-22,2026-07-22,Produzida
4678,0260305001,0140106004,Açúcar Demerara,7.2,9,-1.8,2026-07-22,2026-07-06,Produzida
4678,0260305001,0260304001,Liquor de Cacau - Moju,13,13.825,-0.825,2026-07-22,2026-07-06,Produzida
4678,0260305001,9990107001,MANTEIGA DE CACAU desodorizada,2.1,2.1,0,2026-07-22,2026-07-06,Produzida
4678,0260305001,9990111005,Lecitina de Soja,0.075,0.075,0,2026-07-22,2026-07-06,Produzida
4679,0260304001,0260303001,Nibs de Cacau Moju,15.425,13,2.425,2026-07-22,2026-07-06,Produzida
4682,05004148,0190213116,Fundo Caixa 14 bombons,40,40,0,2026-07-23,2026-07-23,Produzida
4682,05004148,0190213124,Forminha para Bombons Caixas,560,560,0,2026-07-23,2026-07-23,Produzida
4682,05004148,0190213130,Berço Base Caixa 14 Bombons,40,40,0,2026-07-23,2026-07-23,Produzida
4682,05004148,0190213133,Berço interno caixa 14 bombons,80,80,0,2026-07-23,2026-07-23,Produzida
4682,05004148,0190213134,Folder das Caixas de 14 Bombons,40,40,0,2026-07-23,2026-07-23,Produzida
4682,05004148,01902131562,Candy Pad branco caixa 14,40,40,0,2026-07-23,2026-07-23,Produzida
4682,05004148,0190213172,Tampa Caixa 14 bombons,40,40,0,2026-07-23,2026-07-23,Produzida
4682,05004148,019021424,CARTÃO QR,40,40,0,2026-07-23,2026-07-23,Produzida
4682,05004148,05104109,Bombom NM Mini Lua Cheia ao Leite 10g,80,80,0,2026-07-23,2026-07-23,Produzida
4682,05004148,05104110,Bombom NM Choc Lt Praliné de Avelã 9g,40,40,0,2026-07-23,2026-07-23,Produzida
4682,05004148,05104111,Bombom NM Choc Int Praliné de Avelã 9g,40,40,0,2026-07-23,2026-07-23,Produzida
4682,05004148,05104112,Bombom NM Choc Int Ganache Int 11g,40,40,0,2026-07-23,2026-07-23,Produzida
4682,05004148,05104113,Bombom NM Chocolate ao Leite 11g,40,40,0,2026-07-23,2026-07-23,Produzida
4682,05004148,05104114,Bombom NM Chocolate Leite Pistache 10g,40,40,0,2026-07-23,2026-07-23,Produzida
4682,05004148,05104115,Bombom NM Choc Lt  Doce de Cupuaçu 10g,80,80,0,2026-07-23,2026-07-23,Produzida
4682,05004148,05104116,Bombom NM Chocolate Intenso Taperebá 10g,80,80,0,2026-07-23,2026-07-23,Produzida
4682,05004148,05104117,Bombom NM Chocolate LT Maracujá 9g,80,80,0,2026-07-23,2026-07-23,Produzida
4682,05004148,05104118,Bombom NM Choc Lt Castanha do Pará 8g,40,40,0,2026-07-23,2026-07-23,Produzida
4682,05004148,9990712045,Etiqueta Lacre 2 - Adesivo transparente,40,0,40,2026-07-23,2026-07-23,Produzida
4683,05104109,0050305026,Mini Lua Cheia Ao Leite 10g,120,120,0,2026-07-23,2026-07-22,Produzida
4685,0050305026,0050305006,MASSA DE CHOCOLATE -AO LEITE   NF24,0.2832,0.1416,0.1416,2026-07-23,2026-07-22,Produzida
4685,0050305026,9990111042,Xerem de Castanha de Caju,0.1584,0.0792,0.0792,2026-07-23,2026-07-22,Produzida
4685,0050305026,9990311040,Colagem praliné para lua cheia,1.9584,0.9792,0.9792,2026-07-23,2026-07-22,Produzida
4686,05104110,0050305006,MASSA DE CHOCOLATE -AO LEITE   NF24,0.243,0.243,0,2026-07-23,2026-07-22,Produzida
4686,05104110,9990311030,Praliné de Avelã colagem,0.297,0.297,0,2026-07-23,2026-07-22,Produzida
4687,05104111,0260305001,Massa de Chocolate - Moju Intenso,0.243,0.243,0,2026-07-23,2026-07-22,Produzida
4687,05104111,9990311030,Praliné de Avelã colagem,0.297,0.297,0,2026-07-23,2026-07-22,Produzida
4688,05104112,0260305001,Massa de Chocolate - Moju Intenso,0.297,0.297,0,2026-07-23,2026-07-22,Produzida
4688,05104112,9990311025,Ganache Chocolate intenso,0.363,0.363,0,2026-07-23,2026-07-22,Produzida
4689,9990311025,0140106804,Açúcar invertido,0.0198,0.0198,0,2026-07-23,2026-07-22,Produzida
4689,9990311025,0260305001,Massa de Chocolate - Moju Intenso,0.2123,0.2123,0,2026-07-23,2026-07-22,Produzida
4689,9990311025,9990107001,MANTEIGA DE CACAU desodorizada,0.0035,0.0035,0,2026-07-23,2026-07-22,Produzida
4689,9990311025,9990111003,Creme de Leite UHT 25%,0.0896,0.0896,0,2026-07-23,2026-07-22,Produzida
4689,9990311025,9990111006,Manteiga de Leite,0.0165,0.0165,0,2026-07-23,2026-07-22,Produzida
4689,9990311025,9990111023,Sorbitol em Pó,0.0212,0.0212,0,2026-07-23,2026-07-22,Produzida
4690,05104113,0050305006,MASSA DE CHOCOLATE -AO LEITE   NF24,0.66,0.66,0,2026-07-23,2026-07-22,Produzida
4691,05104114,0050305006,MASSA DE CHOCOLATE -AO LEITE   NF24,0.27,0.27,0,2026-07-23,2026-07-22,Produzida
4691,05104114,9990311031,Praliné Pistache colagem,0.33,0.33,0,2026-07-23,2026-07-22,Produzida
4692,05104115,0050305006,MASSA DE CHOCOLATE -AO LEITE   NF24,0.54,0.54,0,2026-07-23,2026-07-22,Produzida
4692,05104115,9990311042,Recheio Doce de Cupuaçu,0.66,0.66,0,2026-07-23,2026-07-22,Produzida
4693,9990311042,0050305006,MASSA DE CHOCOLATE -AO LEITE   NF24,0.3023,0.3023,0,2026-07-23,2026-07-22,Produzida
4693,9990311042,9990107001,MANTEIGA DE CACAU desodorizada,0.005,0.005,0,2026-07-23,2026-07-22,Produzida
4693,9990311042,9990111006,Manteiga de Leite,0.0451,0.0451,0,2026-07-23,2026-07-22,Produzida
4693,9990311042,9990111008,Xarope de glucose,0.0554,0.0554,0,2026-07-23,2026-07-22,Produzida
4693,9990311042,9990111021,DEXTROSE,0.0755,0.0755,0,2026-07-23,2026-07-22,Produzida
4693,9990311042,9990111023,Sorbitol em Pó,0.0605,0.0605,0,2026-07-23,2026-07-22,Produzida
4693,9990311042,9990111059,Cupuaçu Liofilizado,0.0264,0.0264,0,2026-07-23,2026-07-22,Produzida
4693,9990311042,9990315026,Polpa de Cupuaçu Reduzida,0.1156,0.1156,0,2026-07-23,2026-07-22,Produzida
4694,05104117,0050305006,MASSA DE CHOCOLATE -AO LEITE   NF24,0.486,0.486,0,2026-07-23,2026-07-22,Produzida
4694,05104117,9990311041,Ganache maracujá,0.594,0.594,0,2026-07-23,2026-07-22,Produzida
4695,9990311041,0050305006,MASSA DE CHOCOLATE -AO LEITE   NF24,0.0272,0.0272,0,2026-07-23,2026-07-22,Produzida
4695,9990311041,0260305001,Massa de Chocolate - Moju Intenso,0.2448,0.2448,0,2026-07-23,2026-07-22,Produzida
4695,9990311041,9990107001,MANTEIGA DE CACAU desodorizada,0.0045,0.0045,0,2026-07-23,2026-07-22,Produzida
4695,9990311041,9990111006,Manteiga de Leite,0.0406,0.0406,0,2026-07-23,2026-07-22,Produzida
4695,9990311041,9990111008,Xarope de glucose,0.0499,0.0499,0,2026-07-23,2026-07-22,Produzida
4695,9990311041,9990111021,DEXTROSE,0.068,0.068,0,2026-07-23,2026-07-22,Produzida
4695,9990311041,9990111023,Sorbitol em Pó,0.0544,0.0544,0,2026-07-23,2026-07-22,Produzida
4695,9990311041,999011184,Maracujá Liofilizado,0.0071,0.0071,0,2026-07-23,2026-07-22,Produzida
4695,9990311041,9990315025,Polpa de Maracujá Reduzida,0.1041,0.1041,0,2026-07-23,2026-07-22,Produzida
4696,05104118,0050305006,MASSA DE CHOCOLATE -AO LEITE   NF24,0.5818,0.5818,0,2026-07-23,2026-07-22,Produzida
4696,05104118,9990111056,Castanha do Pará,0.0582,0.0582,0,2026-07-23,2026-07-22,Produzida
4697,05104129,0050305039,PP L.Onça Intenso Zero Açúcar 11G,713,713,0,2026-07-23,2026-07-22,Produzida
4698,0050305039,0260305006,Massa de Chocolate Intenso Zero Açúcar,8.41,7.843,0.567,2026-07-23,2026-07-22,Produzida
4699,05104116,0260305001,Massa de Chocolate - Moju Intenso,0.54,0.54,0,2026-07-23,2026-07-22,Produzida
4699,05104116,9990311013,Ganache de Taperebá,0.66,0.66,0,2026-07-23,2026-07-22,Produzida
4700,9990311013,0050305006,MASSA DE CHOCOLATE -AO LEITE   NF24,0.2909,0.2909,0,2026-07-23,2026-07-22,Produzida
4700,9990311013,9990111006,Manteiga de Leite,0.0435,0.0435,0,2026-07-23,2026-07-22,Produzida
4700,9990311013,9990111008,Xarope de glucose,0.0534,0.0534,0,2026-07-23,2026-07-22,Produzida
4700,9990311013,9990111021,DEXTROSE,0.0726,0.0726,0,2026-07-23,2026-07-22,Produzida
4700,9990311013,9990111023,Sorbitol em Pó,0.0581,0.0581,0,2026-07-23,2026-07-22,Produzida
4700,9990311013,9990111058,Tapereba Liofilizado,0.05,0.0528,-0.0028,2026-07-23,2026-07-22,Produzida
4700,9990311013,9990315027,Polpa de Tapereba Reduzida,0.1112,0.1112,0,2026-07-23,2026-07-22,Produzida
4701,05004151,0190213131,Caixa SSAL SIMPLES,5,5,0,2026-07-24,2026-07-24,Produzida
4701,05004151,0190213132,Envelope SSAL,5,5,0,2026-07-24,2026-07-24,Produzida
4701,05004151,0190213138,Folder informação nutricional SSAL,5,5,0,2026-07-24,2026-07-24,Produzida
4701,05004151,0190213141,Foto A4 Paisagem Pico,5,5,0,2026-07-24,2026-07-24,Produzida
4701,05004151,0190213154,Candy Pad Caixa 7 camadas black,5,5,0,2026-07-24,2026-07-24,Produzida
4701,05004151,019021424,CARTÃO QR,5,5,0,2026-07-24,2026-07-24,Produzida
4701,05004151,05104097,Bombom SSAL Choc Lt praliné de avelã 9g,20,20,0,2026-07-24,2026-07-24,Produzida
4701,05004151,05104098,Bombom SSAL Choc Lt Doce Cupu 10 g,20,20,0,2026-07-24,2026-07-24,Produzida
4701,05004151,05104099,Bombom SSAL Choc Lt Castanha do Pará 8g,20,20,0,2026-07-24,2026-07-24,Produzida
4701,05004151,05104101,Bombom SSAL Choc Branco Nibs 8g,20,20,0,2026-07-24,2026-07-24,Produzida
4701,05004151,05104103,Bombom SSAL Choc Int Ganache Int 9g,20,20,0,2026-07-24,2026-07-24,Produzida
4701,05004151,05104104,Bombom SSAL Choc Int Taperebá 10g,20,20,0,2026-07-24,2026-07-24,Produzida
4701,05004151,945,Folder SSAL,5,5,0,2026-07-24,2026-07-24,Produzida
4701,05004151,9990712064,"ADESIVO SSAL- 3,5X5,5CM",10,10,0,2026-07-24,2026-07-24,Produzida
4701,05004151,9990712068,"ADESIVO SSAL - 1,1X4,5CM",20,20,0,2026-07-24,2026-07-24,Produzida
4702,05004149,0190213117,Caixa 30 bombons,10,10,0,2026-07-23,2026-07-23,Produzida
4702,05004149,0190213124,Forminha para Bombons Caixas,300,300,0,2026-07-23,2026-07-23,Produzida
4702,05004149,0190213125,Tampa Caixa 30 bombons,10,10,0,2026-07-23,2026-07-23,Produzida
4702,05004149,0190213135,Folder das Caixas de 30 Bombons,10,10,0,2026-07-23,2026-07-23,Produzida
4702,05004149,01902131561,Candy Pad branco caixa 30,10,10,0,2026-07-23,2026-07-23,Produzida
4702,05004149,019021424,CARTÃO QR,10,10,0,2026-07-23,2026-07-23,Produzida
4702,05004149,05104109,Bombom NM Mini Lua Cheia ao Leite 10g,40,40,0,2026-07-23,2026-07-23,Produzida
4702,05004149,05104110,Bombom NM Choc Lt Praliné de Avelã 9g,20,20,0,2026-07-23,2026-07-23,Produzida
4702,05004149,05104111,Bombom NM Choc Int Praliné de Avelã 9g,20,20,0,2026-07-23,2026-07-23,Produzida
4702,05004149,05104112,Bombom NM Choc Int Ganache Int 11g,20,20,0,2026-07-23,2026-07-23,Produzida
4702,05004149,05104113,Bombom NM Chocolate ao Leite 11g,20,20,0,2026-07-23,2026-07-23,Produzida
4702,05004149,05104114,Bombom NM Chocolate Leite Pistache 10g,20,20,0,2026-07-23,2026-07-23,Produzida
4702,05004149,05104115,Bombom NM Choc Lt  Doce de Cupuaçu 10g,40,40,0,2026-07-23,2026-07-23,Produzida
4702,05004149,05104116,Bombom NM Chocolate Intenso Taperebá 10g,40,40,0,2026-07-23,2026-07-23,Produzida
4702,05004149,05104117,Bombom NM Chocolate LT Maracujá 9g,40,40,0,2026-07-23,2026-07-23,Produzida
4702,05004149,05104118,Bombom NM Choc Lt Castanha do Pará 8g,40,40,0,2026-07-23,2026-07-23,Produzida
4703,05004178,0010321002,Barra 60g Terroir da Amazonia XIBA 63%,158,158,0,2026-07-23,2026-07-23,Produzida
4703,05004178,0190213057,Embalagem – mod. Envelope p/ barra,158,158,0,2026-07-23,2026-07-23,Produzida
4703,05004178,0190213104,Folha papel barrado Mágio,158,158,0,2026-07-23,2026-07-23,Produzida
4703,05004178,019021424,CARTÃO QR,158,158,0,2026-07-23,2026-07-23,Produzida
4703,05004178,9990712045,Etiqueta Lacre 2 - Adesivo transparente,158,158,0,2026-07-23,2026-07-23,Produzida
4703,05004178,9990712046,Etiqueta Lacre 1  - Adesivo com hot stam,158,158,0,2026-07-23,2026-07-23,Produzida
4703,05004178,9990712056,Etiqueta alto teor de açúcar e gordura,158,158,0,2026-07-23,2026-07-23,Produzida
4703,05004178,9990712069,Etiqueta xiba 63% frente,158,158,0,2026-07-23,2026-07-23,Produzida
4703,05004178,9990712070,Etiqueta Xiba 63% Verso,158,158,0,2026-07-23,2026-07-23,Produzida
4703,05004178,0010321002,Barra 60g Terroir da Amazonia XIBA 63%,158,158,0,2026-07-24,2026-07-24,Produzida
4703,05004178,0190213057,Embalagem – mod. Envelope p/ barra,158,158,0,2026-07-24,2026-07-24,Produzida
4703,05004178,0190213104,Folha papel barrado Mágio,158,158,0,2026-07-24,2026-07-24,Produzida
4703,05004178,019021424,CARTÃO QR,158,158,0,2026-07-24,2026-07-24,Produzida
4703,05004178,9990712045,Etiqueta Lacre 2 - Adesivo transparente,158,158,0,2026-07-24,2026-07-24,Produzida
4703,05004178,9990712046,Etiqueta Lacre 1  - Adesivo com hot stam,158,158,0,2026-07-24,2026-07-24,Produzida
4703,05004178,9990712056,Etiqueta alto teor de açúcar e gordura,158,158,0,2026-07-24,2026-07-24,Produzida
4703,05004178,9990712069,Etiqueta xiba 63% frente,158,158,0,2026-07-24,2026-07-24,Produzida
4703,05004178,9990712070,Etiqueta Xiba 63% Verso,158,158,0,2026-07-24,2026-07-24,Produzida
4704,0010321002,0010305007,Massa de Chocolate Xiba 63%,9.4,9.48,-0.08,2026-07-23,2026-07-22,Produzida
4705,05104063,0050305020,PP Língua de Onça intenso Praliné 5G,668,668,0,2026-07-23,2026-07-23,Produzida
4706,0050305020,0260305001,Massa de Chocolate - Moju Intenso,1.984,1.984,0,2026-07-23,2026-07-23,Produzida
4706,0050305020,9990307008,Pomada de manteiga de cacau,0,0.02,-0.02,2026-07-23,2026-07-23,Produzida
4706,0050305020,9990311030,Praliné de Avelã colagem,1.336,1.336,0,2026-07-23,2026-07-23,Produzida
4709,05104007,0260305001,Massa de Chocolate - Moju Intenso,0.0675,0.0675,0,2026-07-24,2026-07-22,Produzida
4709,05104007,9990311030,Praliné de Avelã colagem,0.0825,0.0825,0,2026-07-24,2026-07-22,Produzida
4711,05104008,0050305006,MASSA DE CHOCOLATE -AO LEITE   NF24,0.036,0.036,0,2026-07-24,2026-07-22,Produzida
4711,05104008,9990311030,Praliné de Avelã colagem,0.044,0.044,0,2026-07-24,2026-07-22,Produzida
4712,05104071,0260305001,Massa de Chocolate - Moju Intenso,0.0945,0.0945,0,2026-07-24,2026-07-22,Produzida
4712,05104071,9990311025,Ganache Chocolate intenso,0.1155,0.1155,0,2026-07-24,2026-07-22,Produzida
4713,9990311025,0140106804,Açúcar invertido,0.0063,0.0063,0,2026-07-24,2026-07-22,Produzida
4713,9990311025,0260305001,Massa de Chocolate - Moju Intenso,0.0676,0.0676,0,2026-07-24,2026-07-22,Produzida
4713,9990311025,9990107001,MANTEIGA DE CACAU desodorizada,0.0011,0.0011,0,2026-07-24,2026-07-22,Produzida
4713,9990311025,9990111003,Creme de Leite UHT 25%,0.0285,0.0285,0,2026-07-24,2026-07-22,Produzida
4713,9990311025,9990111006,Manteiga de Leite,0.0053,0.0053,0,2026-07-24,2026-07-22,Produzida
4713,9990311025,9990111023,Sorbitol em Pó,0.0068,0.0068,0,2026-07-24,2026-07-22,Produzida
4714,05104016,0050305006,MASSA DE CHOCOLATE -AO LEITE   NF24,0.1294,0.1294,0,2026-07-24,2026-07-22,Produzida
4714,05104016,9990311041,Ganache maracujá,0.194,0.194,0,2026-07-24,2026-07-22,Produzida
4716,9990311041,0050305006,MASSA DE CHOCOLATE -AO LEITE   NF24,0.0089,0.0089,0,2026-07-24,2026-07-22,Produzida
4716,9990311041,0260305001,Massa de Chocolate - Moju Intenso,0.08,0.08,0,2026-07-24,2026-07-22,Produzida
4716,9990311041,9990107001,MANTEIGA DE CACAU desodorizada,0.0015,0.0015,0,2026-07-24,2026-07-22,Produzida
4716,9990311041,9990111006,Manteiga de Leite,0.0133,0.0133,0,2026-07-24,2026-07-22,Produzida
4716,9990311041,9990111008,Xarope de glucose,0.0163,0.0163,0,2026-07-24,2026-07-22,Produzida
4716,9990311041,9990111021,DEXTROSE,0.0222,0.0222,0,2026-07-24,2026-07-22,Produzida
4716,9990311041,9990111023,Sorbitol em Pó,0.0178,0.0178,0,2026-07-24,2026-07-22,Produzida
4716,9990311041,999011184,Maracujá Liofilizado,0.0023,0.0023,0,2026-07-24,2026-07-22,Produzida
4716,9990311041,9990315025,Polpa de Maracujá Reduzida,0.034,0.034,0,2026-07-24,2026-07-22,Produzida
4717,05104097,0070305010,Massa de Chocolate - Yanomami Leite Test,0.081,0.081,0,2026-07-24,2026-07-22,Produzida
4717,05104097,9990311030,Praliné de Avelã colagem,0.099,0.099,0,2026-07-24,2026-07-22,Produzida
4718,05104098,0070305010,Massa de Chocolate - Yanomami Leite Test,0.09,0.09,0,2026-07-24,2026-07-23,Produzida
4718,05104098,9990311042,Recheio Doce de Cupuaçu,0.11,0.11,0,2026-07-24,2026-07-23,Produzida
4719,9990311042,0050305006,MASSA DE CHOCOLATE -AO LEITE   NF24,0.0504,0.0504,0,2026-07-24,2026-07-23,Produzida
4719,9990311042,9990107001,MANTEIGA DE CACAU desodorizada,0.0008,0.0008,0,2026-07-24,2026-07-23,Produzida
4719,9990311042,9990111006,Manteiga de Leite,0.0075,0.0075,0,2026-07-24,2026-07-23,Produzida
4719,9990311042,9990111008,Xarope de glucose,0.0092,0.0092,0,2026-07-24,2026-07-23,Produzida
4719,9990311042,9990111021,DEXTROSE,0.0126,0.0126,0,2026-07-24,2026-07-23,Produzida
4719,9990311042,9990111023,Sorbitol em Pó,0.0101,0.0101,0,2026-07-24,2026-07-23,Produzida
4719,9990311042,9990111059,Cupuaçu Liofilizado,0.0044,0.0044,0,2026-07-24,2026-07-23,Produzida
4719,9990311042,9990315026,Polpa de Cupuaçu Reduzida,0.0193,0.0193,0,2026-07-24,2026-07-23,Produzida
4721,05104099,0050305006,MASSA DE CHOCOLATE -AO LEITE   NF24,0.1454,0.1454,0,2026-07-24,2026-07-23,Produzida
4721,05104099,9990111056,Castanha do Pará,0.0146,0.0146,0,2026-07-24,2026-07-23,Produzida
4723,05104101,0070303003,Nibs de Cacau - Yanomami (RR),0.016,0.016,0,2026-07-24,2026-07-23,Produzida
4723,05104101,0500305002,Massa de Chocolate Branco - teste 2025,0.144,0.144,0,2026-07-24,2026-07-23,Produzida
4724,05104103,0070305005,Massa de Chocolate - Chocolate - Yanomam,0.081,0,0.081,2026-07-24,2026-07-23,Produzida
4724,05104103,0070305009,Massa de Chocolate - Yanomami Teste Inte,0,0.081,-0.081,2026-07-24,2026-07-23,Produzida
4724,05104103,9990311025,Ganache Chocolate intenso,0.099,0.099,0,2026-07-24,2026-07-23,Produzida
4725,9990311025,0140106804,Açúcar invertido,0.0054,0.0054,0,2026-07-24,2026-07-23,Produzida
4725,9990311025,0260305001,Massa de Chocolate - Moju Intenso,0.0579,0.0579,0,2026-07-24,2026-07-23,Produzida
4725,9990311025,9990107001,MANTEIGA DE CACAU desodorizada,0.001,0.001,0,2026-07-24,2026-07-23,Produzida
4725,9990311025,9990111003,Creme de Leite UHT 25%,0.0244,0.0244,0,2026-07-24,2026-07-23,Produzida
4725,9990311025,9990111006,Manteiga de Leite,0.0045,0.0045,0,2026-07-24,2026-07-23,Produzida
4725,9990311025,9990111023,Sorbitol em Pó,0.0058,0.0058,0,2026-07-24,2026-07-23,Produzida
4726,05104104,0070305005,Massa de Chocolate - Chocolate - Yanomam,0.09,0,0.09,2026-07-24,2026-07-23,Produzida
4726,05104104,0070305009,Massa de Chocolate - Yanomami Teste Inte,0,0.09,-0.09,2026-07-24,2026-07-23,Produzida
4726,05104104,9990311013,Ganache de Taperebá,0.11,0.11,0,2026-07-24,2026-07-23,Produzida
4728,9990311013,0050305006,MASSA DE CHOCOLATE -AO LEITE   NF24,0.0485,0.0485,0,2026-07-24,2026-07-23,Produzida
4728,9990311013,9990111006,Manteiga de Leite,0.0072,0.0072,0,2026-07-24,2026-07-23,Produzida
4728,9990311013,9990111008,Xarope de glucose,0.0089,0.0089,0,2026-07-24,2026-07-23,Produzida
4728,9990311013,9990111021,DEXTROSE,0.0121,0.0121,0,2026-07-24,2026-07-23,Produzida
4728,9990311013,9990111023,Sorbitol em Pó,0.0097,0.0097,0,2026-07-24,2026-07-23,Produzida
4728,9990311013,9990111058,Tapereba Liofilizado,0.0088,0.0088,0,2026-07-24,2026-07-23,Produzida
4728,9990311013,9990315027,Polpa de Tapereba Reduzida,0.0185,0.0185,0,2026-07-24,2026-07-23,Produzida
4731,05104077,0050308014,Biscoito 150 gr com choco,5,5,0,2026-07-24,2026-07-24,Produzida
4732,05104079,0050308015,Biscoito 150 gr com Cupu,6.25,6.25,0,2026-07-24,2026-07-24,Produzida
4734,05104061,0050305010,PP LÍNGUA DE ONÇA 5G PRALINÉ,741,741,0,2026-07-24,2026-07-23,Produzida
4735,0050305010,0050305006,MASSA DE CHOCOLATE -AO LEITE   NF24,2.2008,2.2008,0,2026-07-24,2026-07-23,Produzida
4735,0050305010,9990307008,Pomada de manteiga de cacau,0,0.0222,-0.0222,2026-07-24,2026-07-23,Produzida
4735,0050305010,9990311030,Praliné de Avelã colagem,1.482,1.482,0,2026-07-24,2026-07-23,Produzida
,,,,304,304,0,,,
