sku_produto_final,produto_final,sku_item,descricao_item,qtd_padrao,unidade
00104009,Xiba - Chocolate 81% Cacau - 50g,0010301006,Amêndoa de Cacau Seca Aprovada - Xiba,0.028958,KG
00104009,Xiba - Chocolate 81% Cacau - 50g,0010302002,Amêndoa de Cacau Torrada - Xiba,0.04455,KG
00104009,Xiba - Chocolate 81% Cacau - 50g,0010303003,Nibs de Cacau - Xiba,0.0405,KG
00104009,Xiba - Chocolate 81% Cacau - 50g,0010304004,Liquor de Cacau - Xiba,0.0405,KG
00104009,Xiba - Chocolate 81% Cacau - 50g,0140106004,Açúcar Demerara,0.0095,KG
00104009,Xiba - Chocolate 81% Cacau - 50g,0010305005,Massa de Chocolate - Chocolate - Xiba,0.05,KG
00104009,Xiba - Chocolate 81% Cacau - 50g,0190213001,Embalagem - Barra de Chocolate - Xiba -,1,UN
00104009,Xiba - Chocolate 81% Cacau - 50g,0190214016,Cartão Surpresa - Prima Stampa,1,UN
00104009,Xiba - Chocolate 81% Cacau - 50g,0200216011,"Papel Chumbo - Cromus - 43,5cm x 59cm",0.16,UN
00104009,Xiba - Chocolate 81% Cacau - 50g,9970212003,ETIQ ADESIVA | PAPEL COUCHE A20-C | 30X3,1,UN
00104009,Xiba - Chocolate 81% Cacau - 50g,9970212004,ETIQ PIMACO A4348 LASER 100F 9600UND,1,UN
00104009,Xiba - Chocolate 81% Cacau - 50g,9990307005,Manteiga de Cacau Yanomami terc,0.002,KG
00104009,Xiba - Chocolate 81% Cacau - 50g,9990712002,ETIQUETA PARA QR CODE 40x40mm,1,UN
00104009,Xiba - Chocolate 81% Cacau - 50g,0070301006,Amêndoa de Cacau Seca Aprovada - Yanomam,0.002372,KG
00204009,Mocajuba - Chocolate 74% Cacau - 50g,0020301006,Amêndoa de Cacau Seca Aprovada - Mocajub,0.0407,KG
00204009,Mocajuba - Chocolate 74% Cacau - 50g,0020302002,Amêndoa de Cacau Torrada - Mocajuba (PA),0.0407,KG
00204009,Mocajuba - Chocolate 74% Cacau - 50g,0020303003,Nibs de Cacau - Mocajuba (PA),0.037,KG
00204009,Mocajuba - Chocolate 74% Cacau - 50g,0020304004,Liquor de Cacau - Mocajuba (PA),0.037,KG
00204009,Mocajuba - Chocolate 74% Cacau - 50g,0140106004,Açúcar Demerara,0.013,KG
00204009,Mocajuba - Chocolate 74% Cacau - 50g,0020305005,Massa de Chocolate - Chocolate - Mocajub,0.05,KG
00204009,Mocajuba - Chocolate 74% Cacau - 50g,0190213002,Embalagem - Barra de Chocolate - Mocajub,1,UN
00204009,Mocajuba - Chocolate 74% Cacau - 50g,0190214016,Cartão Surpresa - Prima Stampa,1,UN
00204009,Mocajuba - Chocolate 74% Cacau - 50g,0200216011,"Papel Chumbo - Cromus - 43,5cm x 59cm",0.16,UN
00204009,Mocajuba - Chocolate 74% Cacau - 50g,9970212003,ETIQ ADESIVA | PAPEL COUCHE A20-C | 30X3,1,UN
00204009,Mocajuba - Chocolate 74% Cacau - 50g,9970212004,ETIQ PIMACO A4348 LASER 100F 9600UND,1,UN
00204009,Mocajuba - Chocolate 74% Cacau - 50g,9990712002,ETIQUETA PARA QR CODE 40x40mm,1,UN
00404009,Vale do Jarí - Chocolate 65% Cacau - 50g,0040304005,Liquor de Cacau - Vale do Jarí (PA/AP),0.0325,KG
00404009,Vale do Jarí - Chocolate 65% Cacau - 50g,0140106004,Açúcar Demerara,0.0175,KG
00404009,Vale do Jarí - Chocolate 65% Cacau - 50g,0040301006,Amêndoa de Cacau Seca Aprovada - Vale do,0.03575,KG
00404009,Vale do Jarí - Chocolate 65% Cacau - 50g,0040302002,Amêndoa de Cacau Torrada - Vale do Jarí,0.03575,KG
00404009,Vale do Jarí - Chocolate 65% Cacau - 50g,0040303003,Nibs de Cacau - Vale do Jarí (PA/AP),0.0325,KG
00404009,Vale do Jarí - Chocolate 65% Cacau - 50g,0030305005,Massa de Chocolate - Chocolate - Jarí,0.05,KG
00404009,Vale do Jarí - Chocolate 65% Cacau - 50g,0190213006,Embalagem - Barra de Chocolate - Vale do,1,UN
00404009,Vale do Jarí - Chocolate 65% Cacau - 50g,0190214016,Cartão Surpresa - Prima Stampa,1,UN
00404009,Vale do Jarí - Chocolate 65% Cacau - 50g,0200216011,"Papel Chumbo - Cromus - 43,5cm x 59cm",0.16,UN
00404009,Vale do Jarí - Chocolate 65% Cacau - 50g,9970212003,ETIQ ADESIVA | PAPEL COUCHE A20-C | 30X3,1,UN
00404009,Vale do Jarí - Chocolate 65% Cacau - 50g,9970212004,ETIQ PIMACO A4348 LASER 100F 9600UND,1,UN
00404009,Vale do Jarí - Chocolate 65% Cacau - 50g,9990712002,ETIQUETA PARA QR CODE 40x40mm,1,UN
00504009,Sakaguchi - Chocolate 78% Cacau - 50g,0050301007,Amêndoa de Cacau Seca Aprovada - Sakaguc,0.0429,KG
00504009,Sakaguchi - Chocolate 78% Cacau - 50g,0050302002,Amêndoa de Cacau Torrada - Sakaguchi(PA),0.0429,KG
00504009,Sakaguchi - Chocolate 78% Cacau - 50g,0050303003,Nibs de Cacau - Sakaguchi(PA),0.039,KG
00504009,Sakaguchi - Chocolate 78% Cacau - 50g,0050304004,Liquor de Cacau - Sakaguchi (PA),0.039,KG
00504009,Sakaguchi - Chocolate 78% Cacau - 50g,0140106004,Açúcar Demerara,0.01,KG
00504009,Sakaguchi - Chocolate 78% Cacau - 50g,9990107001,MANTEIGA DE CACAU desodorizada,0.0001,KG
00504009,Sakaguchi - Chocolate 78% Cacau - 50g,0050305005,Massa de Chocolate - Chocolate - Sakaguc,0.05,KG
00504009,Sakaguchi - Chocolate 78% Cacau - 50g,0190213004,Embalagem - Barra de Chocolate - Sakaguc,1,UN
00504009,Sakaguchi - Chocolate 78% Cacau - 50g,0190214016,Cartão Surpresa - Prima Stampa,1,UN
00504009,Sakaguchi - Chocolate 78% Cacau - 50g,0200216011,"Papel Chumbo - Cromus - 43,5cm x 59cm",0.16,UN
00504009,Sakaguchi - Chocolate 78% Cacau - 50g,9970212003,ETIQ ADESIVA | PAPEL COUCHE A20-C | 30X3,1,UN
00504009,Sakaguchi - Chocolate 78% Cacau - 50g,9970212004,ETIQ PIMACO A4348 LASER 100F 9600UND,1,UN
00504009,Sakaguchi - Chocolate 78% Cacau - 50g,9990307005,Manteiga de Cacau Yanomami terc,0.002,KG
00504009,Sakaguchi - Chocolate 78% Cacau - 50g,9990712002,ETIQUETA PARA QR CODE 40x40mm,1,UN
00504009,Sakaguchi - Chocolate 78% Cacau - 50g,0070301006,Amêndoa de Cacau Seca Aprovada - Yanomam,0.002372,KG
00504010,Bombom Chocolate com café 150g,0050305009,Massa de Chocolate - Chocolate 60% - Sak,0.1425,KG
00504010,Bombom Chocolate com café 150g,0050105001,Bombom de Chocolate,0.1425,KG
00504010,Bombom Chocolate com café 150g,03301011001,Café em pó - Apuí,0.0075,KG
00504010,Bombom Chocolate com café 150g,0050301007,Amêndoa de Cacau Seca Aprovada - Sakaguc,0.09405,KG
00504010,Bombom Chocolate com café 150g,0050302002,Amêndoa de Cacau Torrada - Sakaguchi(PA),0.09405,KG
00504010,Bombom Chocolate com café 150g,0050303003,Nibs de Cacau - Sakaguchi(PA),0.0855,KG
00504010,Bombom Chocolate com café 150g,0050304004,Liquor de Cacau - Sakaguchi (PA),0.0855,KG
00504010,Bombom Chocolate com café 150g,0140106004,Açúcar Demerara,0.04275,KG
00504010,Bombom Chocolate com café 150g,9990307005,Manteiga de Cacau Yanomami terc,0.01995,KG
00504010,Bombom Chocolate com café 150g,0050301008,Bombom de Chocolate e Café,0.15,KG
00504010,Bombom Chocolate com café 150g,0190212021,Selo para Embalagem Prisma,2,UN
00504010,Bombom Chocolate com café 150g,0190213019,Embalagem Prisma - Bombom chocolate com,1,UN
00504010,Bombom Chocolate com café 150g,0190214023,Cartão Surpresa MINI - Prima Stampa,1,UN
00504010,Bombom Chocolate com café 150g,9970212003,ETIQ ADESIVA | PAPEL COUCHE A20-C | 30X3,1,UN
00504010,Bombom Chocolate com café 150g,9970212004,ETIQ PIMACO A4348 LASER 100F 9600UND,1,UN
00504010,Bombom Chocolate com café 150g,9990115001,SAQUINHO BIODEGRADAVEL COMPOSTAVEL,0.0033,KG
00504010,Bombom Chocolate com café 150g,9990712002,ETIQUETA PARA QR CODE 40x40mm,1,UN
00504010,Bombom Chocolate com café 150g,0070301006,Amêndoa de Cacau Seca Aprovada - Yanomam,0.023665,KG
00504011,Biscoito de castanha do Pará com chocola,0050301007,Amêndoa de Cacau Seca Aprovada - Sakaguc,0.046236,KG
00504011,Biscoito de castanha do Pará com chocola,0050302002,Amêndoa de Cacau Torrada - Sakaguchi(PA),0.046236,KG
00504011,Biscoito de castanha do Pará com chocola,0050303003,Nibs de Cacau - Sakaguchi(PA),0.042033,KG
00504011,Biscoito de castanha do Pará com chocola,0050304004,Liquor de Cacau - Sakaguchi (PA),0.042033,KG
00504011,Biscoito de castanha do Pará com chocola,0140106004,Açúcar Demerara,0.021017,KG
00504011,Biscoito de castanha do Pará com chocola,9990307005,Manteiga de Cacau Yanomami terc,0.009808,KG
00504011,Biscoito de castanha do Pará com chocola,0050108008,Biscoito de castanha do Pará,0.079645,KG
00504011,Biscoito de castanha do Pará com chocola,0050111002,Aromatizante Puxuri,3e-05,KG
00504011,Biscoito de castanha do Pará com chocola,0050305009,Massa de Chocolate - Chocolate 60% - Sak,0.070055,KG
00504011,Biscoito de castanha do Pará com chocola,9990111001,Flor de Sal,0.00027,KG
00504011,Biscoito de castanha do Pará com chocola,0050308011,Biscoito de castanha do Pará banhado com,0.15,KG
00504011,Biscoito de castanha do Pará com chocola,0190212021,Selo para Embalagem Prisma,2,UN
00504011,Biscoito de castanha do Pará com chocola,0190213018,Embalagem Prisma - Biscoito de Castanha,1,UN
00504011,Biscoito de castanha do Pará com chocola,0190214023,Cartão Surpresa MINI - Prima Stampa,1,UN
00504011,Biscoito de castanha do Pará com chocola,9970212003,ETIQ ADESIVA | PAPEL COUCHE A20-C | 30X3,1,UN
00504011,Biscoito de castanha do Pará com chocola,9970212004,ETIQ PIMACO A4348 LASER 100F 9600UND,1,UN
00504011,Biscoito de castanha do Pará com chocola,9990115001,SAQUINHO BIODEGRADAVEL COMPOSTAVEL,0.0033,KG
00504011,Biscoito de castanha do Pará com chocola,9990712002,ETIQUETA PARA QR CODE 40x40mm,1,UN
00504011,Biscoito de castanha do Pará com chocola,0070301006,Amêndoa de Cacau Seca Aprovada - Yanomam,0.011634,KG
00504012,Biscoito de castanha do Pará com chocola,0050301007,Amêndoa de Cacau Seca Aprovada - Sakaguc,0.015412,KG
00504012,Biscoito de castanha do Pará com chocola,0050302002,Amêndoa de Cacau Torrada - Sakaguchi(PA),0.015412,KG
00504012,Biscoito de castanha do Pará com chocola,0050303003,Nibs de Cacau - Sakaguchi(PA),0.014011,KG
00504012,Biscoito de castanha do Pará com chocola,0050304004,Liquor de Cacau - Sakaguchi (PA),0.014011,KG
00504012,Biscoito de castanha do Pará com chocola,0140106004,Açúcar Demerara,0.007006,KG
00504012,Biscoito de castanha do Pará com chocola,9990307005,Manteiga de Cacau Yanomami terc,0.003269,KG
00504012,Biscoito de castanha do Pará com chocola,0050108008,Biscoito de castanha do Pará,0.026548,KG
00504012,Biscoito de castanha do Pará com chocola,0050111002,Aromatizante Puxuri,1e-05,KG
00504012,Biscoito de castanha do Pará com chocola,0050305009,Massa de Chocolate - Chocolate 60% - Sak,0.023352,KG
00504012,Biscoito de castanha do Pará com chocola,9990111001,Flor de Sal,9e-05,KG
00504012,Biscoito de castanha do Pará com chocola,0050308011,Biscoito de castanha do Pará banhado com,0.05,KG
00504012,Biscoito de castanha do Pará com chocola,0190214023,Cartão Surpresa MINI - Prima Stampa,1,UN
00504012,Biscoito de castanha do Pará com chocola,0360213001,EMBALAGEM BISCOITO DE CASTANHA DO PARA c,1,UN
00504012,Biscoito de castanha do Pará com chocola,9970212003,ETIQ ADESIVA | PAPEL COUCHE A20-C | 30X3,1,UN
00504012,Biscoito de castanha do Pará com chocola,9970212004,ETIQ PIMACO A4348 LASER 100F 9600UND,1,UN
00504012,Biscoito de castanha do Pará com chocola,9990115001,SAQUINHO BIODEGRADAVEL COMPOSTAVEL,0.00166,KG
00504012,Biscoito de castanha do Pará com chocola,9990712002,ETIQUETA PARA QR CODE 40x40mm,1,UN
00504012,Biscoito de castanha do Pará com chocola,0070301006,Amêndoa de Cacau Seca Aprovada - Yanomam,0.003878,KG
00504013,Bombom Chocolate com café 50g,0050305009,Massa de Chocolate - Chocolate 60% - Sak,0.0475,KG
00504013,Bombom Chocolate com café 50g,0050105001,Bombom de Chocolate,0.0475,KG
00504013,Bombom Chocolate com café 50g,03301011001,Café em pó - Apuí,0.0025,KG
00504013,Bombom Chocolate com café 50g,0050301007,Amêndoa de Cacau Seca Aprovada - Sakaguc,0.03135,KG
00504013,Bombom Chocolate com café 50g,0050302002,Amêndoa de Cacau Torrada - Sakaguchi(PA),0.03135,KG
00504013,Bombom Chocolate com café 50g,0050303003,Nibs de Cacau - Sakaguchi(PA),0.0285,KG
00504013,Bombom Chocolate com café 50g,0050304004,Liquor de Cacau - Sakaguchi (PA),0.0285,KG
00504013,Bombom Chocolate com café 50g,0140106004,Açúcar Demerara,0.01425,KG
00504013,Bombom Chocolate com café 50g,9990307005,Manteiga de Cacau Yanomami terc,0.00665,KG
00504013,Bombom Chocolate com café 50g,0050301008,Bombom de Chocolate e Café,0.05,KG
00504013,Bombom Chocolate com café 50g,0190214023,Cartão Surpresa MINI - Prima Stampa,1,UN
00504013,Bombom Chocolate com café 50g,0360213002,EMBALAGEM BOMBOM DE CHOCOLATE 50G,1,UN
00504013,Bombom Chocolate com café 50g,9970212003,ETIQ ADESIVA | PAPEL COUCHE A20-C | 30X3,1,UN
00504013,Bombom Chocolate com café 50g,9970212004,ETIQ PIMACO A4348 LASER 100F 9600UND,1,UN
00504013,Bombom Chocolate com café 50g,9990115001,SAQUINHO BIODEGRADAVEL COMPOSTAVEL,0.00166,KG
00504013,Bombom Chocolate com café 50g,9990712002,ETIQUETA PARA QR CODE 40x40mm,1,UN
00504013,Bombom Chocolate com café 50g,0070301006,Amêndoa de Cacau Seca Aprovada - Yanomam,0.007888,KG
00504015,Biscoito C. Pará Chocolate,0050301007,Amêndoa de Cacau Seca Aprovada - Sakaguc,0.308241,KG
00504015,Biscoito C. Pará Chocolate,0050302002,Amêndoa de Cacau Torrada - Sakaguchi(PA),0.308241,KG
00504015,Biscoito C. Pará Chocolate,0050303003,Nibs de Cacau - Sakaguchi(PA),0.280219,KG
00504015,Biscoito C. Pará Chocolate,0050304004,Liquor de Cacau - Sakaguchi (PA),0.280219,KG
00504015,Biscoito C. Pará Chocolate,0140106004,Açúcar Demerara,0.140109,KG
00504015,Biscoito C. Pará Chocolate,9990307005,Manteiga de Cacau Yanomami terc,0.065384,KG
00504015,Biscoito C. Pará Chocolate,0050108008,Biscoito de castanha do Pará,0.530969,KG
00504015,Biscoito C. Pará Chocolate,0050111002,Aromatizante Puxuri,0.0002,KG
00504015,Biscoito C. Pará Chocolate,0050305009,Massa de Chocolate - Chocolate 60% - Sak,0.467031,KG
00504015,Biscoito C. Pará Chocolate,9990111001,Flor de Sal,0.0018,KG
00504015,Biscoito C. Pará Chocolate,0050308011,Biscoito de castanha do Pará banhado com,1,KG
00504015,Biscoito C. Pará Chocolate,9990115001,SAQUINHO BIODEGRADAVEL COMPOSTAVEL,0.0064,KG
00504015,Biscoito C. Pará Chocolate,0070301006,Amêndoa de Cacau Seca Aprovada - Yanomam,0.077559,KG
00504016,Bombom Chocolate com Café Granel,0050305009,Massa de Chocolate - Chocolate 60% - Sak,0.95,KG
00504016,Bombom Chocolate com Café Granel,0050105001,Bombom de Chocolate,0.95,KG
00504016,Bombom Chocolate com Café Granel,03301011001,Café em pó - Apuí,0.05,KG
00504016,Bombom Chocolate com Café Granel,0050301007,Amêndoa de Cacau Seca Aprovada - Sakaguc,0.627,KG
00504016,Bombom Chocolate com Café Granel,0050302002,Amêndoa de Cacau Torrada - Sakaguchi(PA),0.627,KG
00504016,Bombom Chocolate com Café Granel,0050303003,Nibs de Cacau - Sakaguchi(PA),0.57,KG
00504016,Bombom Chocolate com Café Granel,0050304004,Liquor de Cacau - Sakaguchi (PA),0.57,KG
00504016,Bombom Chocolate com Café Granel,0140106004,Açúcar Demerara,0.285,KG
00504016,Bombom Chocolate com Café Granel,9990307005,Manteiga de Cacau Yanomami terc,0.133,KG
00504016,Bombom Chocolate com Café Granel,0050301008,Bombom de Chocolate e Café,1,KG
00504016,Bombom Chocolate com Café Granel,9990115001,SAQUINHO BIODEGRADAVEL COMPOSTAVEL,0.00664,KG
00504016,Bombom Chocolate com Café Granel,0070301006,Amêndoa de Cacau Seca Aprovada - Yanomam,0.157766,KG
00504018,OVO Sakaguchi ao leite,0050301007,Amêndoa de Cacau Seca Aprovada - Sakaguc,0.11,KG
00504018,OVO Sakaguchi ao leite,0050302002,Amêndoa de Cacau Torrada - Sakaguchi(PA),0.11,KG
00504018,OVO Sakaguchi ao leite,0050303003,Nibs de Cacau - Sakaguchi(PA),0.114011,KG
00504018,OVO Sakaguchi ao leite,0320305032,Massa de Chocolate - Chocolate - Sakaguc,0.25,KG
00504018,OVO Sakaguchi ao leite,0050304004,Liquor de Cacau - Sakaguchi (PA),0.014011,KG
00504018,OVO Sakaguchi ao leite,0140106004,Açúcar Demerara,0.007006,KG
00504018,OVO Sakaguchi ao leite,9990307005,Manteiga de Cacau Yanomami terc,0.003269,KG
00504018,OVO Sakaguchi ao leite,0050108008,Biscoito de castanha do Pará,0.026548,KG
00504018,OVO Sakaguchi ao leite,0050111002,Aromatizante Puxuri,1e-05,KG
00504018,OVO Sakaguchi ao leite,0050305009,Massa de Chocolate - Chocolate 60% - Sak,0.023352,KG
00504018,OVO Sakaguchi ao leite,9990111001,Flor de Sal,9e-05,KG
00504018,OVO Sakaguchi ao leite,0050305007,FACE OVO Sakaguchi ao leite,2,UN
00504018,OVO Sakaguchi ao leite,0050308011,Biscoito de castanha do Pará banhado com,0.05,KG
00504018,OVO Sakaguchi ao leite,0190212021,Selo para Embalagem Prisma,2,UN
00504018,OVO Sakaguchi ao leite,0190213032,Embalagem Ovo Sakaguchi ao leite,1,UN
00504018,OVO Sakaguchi ao leite,0190213034,Caixa para transporte Ovo 6un,0.1667,UN
00504018,OVO Sakaguchi ao leite,0190213045,Berço para Embalagem Ovo,1,UN
00504018,OVO Sakaguchi ao leite,0190214016,Cartão Surpresa - Prima Stampa,1,UN
00504018,OVO Sakaguchi ao leite,0200216011,"Papel Chumbo - Cromus - 43,5cm x 59cm",0.5,UN
00504018,OVO Sakaguchi ao leite,9970212003,ETIQ ADESIVA | PAPEL COUCHE A20-C | 30X3,1,UN
00504018,OVO Sakaguchi ao leite,9970212004,ETIQ PIMACO A4348 LASER 100F 9600UND,1,UN
00504018,OVO Sakaguchi ao leite,9990115001,SAQUINHO BIODEGRADAVEL COMPOSTAVEL,0.0064,KG
00504018,OVO Sakaguchi ao leite,9990115002,Blister ovo 35,2,UN
00504018,OVO Sakaguchi ao leite,9990712002,ETIQUETA PARA QR CODE 40x40mm,1,UN
00504018,OVO Sakaguchi ao leite,0050111003,Semente de Cumaru,0,KG
00504018,OVO Sakaguchi ao leite,0050304004,Liquor de Cacau - Sakaguchi (PA),0.1,KG
00504018,OVO Sakaguchi ao leite,0140106004,Açúcar Demerara,0.0925,KG
00504018,OVO Sakaguchi ao leite,0140106802,AÇÚCAR DEMERARA orgânico,0.0925,KG
00504018,OVO Sakaguchi ao leite,03001001,Leite em Pó integral,0.0175,KG
00504018,OVO Sakaguchi ao leite,9990107001,MANTEIGA DE CACAU desodorizada,0.04,KG
00504018,OVO Sakaguchi ao leite,9990307005,Manteiga de Cacau Yanomami terc,0.04,KG
00504018,OVO Sakaguchi ao leite,0070301006,Amêndoa de Cacau Seca Aprovada - Yanomam,0.051326,KG
00504020,Chocolates Sortidos 1,0050301007,Amêndoa de Cacau Seca Aprovada - Sakaguc,0.0418,KG
00504020,Chocolates Sortidos 1,0210101001,Amêndoa de Cupuaçu - Sakaguchi (PA),0.05643,KG
00504020,Chocolates Sortidos 1,0050302002,Amêndoa de Cacau Torrada - Sakaguchi(PA),0.0418,KG
00504020,Chocolates Sortidos 1,0210303001,Nibs de Cupuaçu - Sakaguchi,0.0513,KG
00504020,Chocolates Sortidos 1,0050303003,Nibs de Cacau - Sakaguchi(PA),0.064621,KG
00504020,Chocolates Sortidos 1,0050304004,Liquor de Cacau - Sakaguchi (PA),0.045348,KG
00504020,Chocolates Sortidos 1,0140106004,Açúcar Demerara,0.022673,KG
00504020,Chocolates Sortidos 1,9990307005,Manteiga de Cacau Yanomami terc,0.010582,KG
00504020,Chocolates Sortidos 1,0320305032,Massa de Chocolate - Chocolate - Sakaguc,0.095,KG
00504020,Chocolates Sortidos 1,0050108008,Biscoito de castanha do Pará,0.050442,KG
00504020,Chocolates Sortidos 1,0050111002,Aromatizante Puxuri,1.9e-05,KG
00504020,Chocolates Sortidos 1,0050305009,Massa de Chocolate - Chocolate 60% - Sak,0.044368,KG
00504020,Chocolates Sortidos 1,9990111001,Flor de Sal,0.000171,KG
00504020,Chocolates Sortidos 1,0050305009,Massa de Chocolate - Chocolate 60% - Sak,0.031211,KG
00504020,Chocolates Sortidos 1,0110109014,Castanha do Pará - Acará-Açu (PA),0.058522,KG
00504020,Chocolates Sortidos 1,9990111001,Flor de Sal,0.005267,KG
00504020,Chocolates Sortidos 1,0050305011,Disco Sakaguchi ao Leite,0.095,KG
00504020,Chocolates Sortidos 1,0050308011,Biscoito de castanha do Pará banhado com,0.095,KG
00504020,Chocolates Sortidos 1,0050309001,Castanha do Pará banhada com chocolate,0.095,KG
00504020,Chocolates Sortidos 1,0080305005,Folha Cupulate Kunkuni,0.095,KG
00504020,Chocolates Sortidos 1,0190212037,Luva Embalagem Mix 1,1,UN
00504020,Chocolates Sortidos 1,0190212044,Caixa para transporte MIX 6 unid,0.1667,UN
00504020,Chocolates Sortidos 1,0190213035,Base da Embalagem Mix 1,1,UN
00504020,Chocolates Sortidos 1,0190213036,Colmeia Embalagem  Mix 1,1,UN
00504020,Chocolates Sortidos 1,0190214016,Cartão Surpresa - Prima Stampa,1,UN
00504020,Chocolates Sortidos 1,9970212003,ETIQ ADESIVA | PAPEL COUCHE A20-C | 30X3,1,UN
00504020,Chocolates Sortidos 1,9970212004,ETIQ PIMACO A4348 LASER 100F 9600UND,1,UN
00504020,Chocolates Sortidos 1,9990115003,Filme termo encolhivel,0.22,M
00504020,Chocolates Sortidos 1,9990712002,ETIQUETA PARA QR CODE 40x40mm,1,UN
00504020,Chocolates Sortidos 1,0080301006,Amêndoa de Cupuaçu Aprovada - Santa Bárb,0.06061,KG
00504020,Chocolates Sortidos 1,0080302002,Amêndoa de Cupuaçu Torrada - Santa Bárba,0.06061,KG
00504020,Chocolates Sortidos 1,0080303003,Nibs de Cupuaçu - Santa Bárbara (PA),0.0551,KG
00504020,Chocolates Sortidos 1,0080304008,Liquor de Cupuaçu - Santa Bárbara (PA),0.0551,KG
00504020,Chocolates Sortidos 1,0140106004,Açúcar Demerara,0.02375,KG
00504020,Chocolates Sortidos 1,9990107001,MANTEIGA DE CACAU desodorizada,0.01615,KG
00504020,Chocolates Sortidos 1,0080305004,Massa de  Cupuaçu - Santa Bárbara (PA),0.095,KG
00504020,Chocolates Sortidos 1,0210305004,Massa  de Cupuaçu - Sakaguchi,0.095,KG
00504020,Chocolates Sortidos 1,0050302010,Amêndoa de Cupuaçu Torrada - SAKAGUCHI,0.05643,KG
00504020,Chocolates Sortidos 1,0050303010,LIQUOR DE CUPUAÇU -SAKAGUCHI,0.0513,KG
00504020,Chocolates Sortidos 1,0140106004,Açúcar Demerara,0.01615,KG
00504020,Chocolates Sortidos 1,9990107001,MANTEIGA DE CACAU desodorizada,0.02755,KG
00504020,Chocolates Sortidos 1,0050111003,Semente de Cumaru,0,KG
00504020,Chocolates Sortidos 1,0050304004,Liquor de Cacau - Sakaguchi (PA),0.038,KG
00504020,Chocolates Sortidos 1,0140106004,Açúcar Demerara,0.03515,KG
00504020,Chocolates Sortidos 1,0140106802,AÇÚCAR DEMERARA orgânico,0.03515,KG
00504020,Chocolates Sortidos 1,03001001,Leite em Pó integral,0.00665,KG
00504020,Chocolates Sortidos 1,9990107001,MANTEIGA DE CACAU desodorizada,0.0152,KG
00504020,Chocolates Sortidos 1,9990307005,Manteiga de Cacau Yanomami terc,0.0152,KG
00504020,Chocolates Sortidos 1,0070301006,Amêndoa de Cacau Seca Aprovada - Yanomam,0.030583,KG
00504021,Chocolates Sortidos 2,0050301007,Amêndoa de Cacau Seca Aprovada - Sakaguc,0.0418,KG
00504021,Chocolates Sortidos 2,0210101001,Amêndoa de Cupuaçu - Sakaguchi (PA),0.026517,KG
00504021,Chocolates Sortidos 2,0050302002,Amêndoa de Cacau Torrada - Sakaguchi(PA),0.0418,KG
00504021,Chocolates Sortidos 2,0210303001,Nibs de Cupuaçu - Sakaguchi,0.024106,KG
00504021,Chocolates Sortidos 2,0050303003,Nibs de Cacau - Sakaguchi(PA),0.038,KG
00504021,Chocolates Sortidos 2,0320305032,Massa de Chocolate - Chocolate - Sakaguc,0.095,KG
00504021,Chocolates Sortidos 2,0050108008,Biscoito de castanha do Pará,0.050341,KG
00504021,Chocolates Sortidos 2,0210305004,Massa  de Cupuaçu - Sakaguchi,0.04464,KG
00504021,Chocolates Sortidos 2,9990111001,Flor de Sal,1.9e-05,KG
00504021,Chocolates Sortidos 2,0110109014,Castanha do Pará - Acará-Açu (PA),0.058522,KG
00504021,Chocolates Sortidos 2,0210305004,Massa  de Cupuaçu - Sakaguchi,0.031211,KG
00504021,Chocolates Sortidos 2,9990111001,Flor de Sal,0.005267,KG
00504021,Chocolates Sortidos 2,0050305011,Disco Sakaguchi ao Leite,0.095,KG
00504021,Chocolates Sortidos 2,0050308012,BISCOITO DE CASTANHA DO PARÁ COM COBERTU,0.095,KG
00504021,Chocolates Sortidos 2,0050309013,Castanha coberta com cupulate,0.095,KG
00504021,Chocolates Sortidos 2,0080305005,Folha Cupulate Kunkuni,0.095,KG
00504021,Chocolates Sortidos 2,0190212040,Luva Embalagem Mix 2,1,UN
00504021,Chocolates Sortidos 2,0190212044,Caixa para transporte MIX 6 unid,0.1667,UN
00504021,Chocolates Sortidos 2,0190213035,Base da Embalagem Mix 1,1,UN
00504021,Chocolates Sortidos 2,0190213036,Colmeia Embalagem  Mix 1,1,UN
00504021,Chocolates Sortidos 2,0190214016,Cartão Surpresa - Prima Stampa,1,UN
00504021,Chocolates Sortidos 2,9970212003,ETIQ ADESIVA | PAPEL COUCHE A20-C | 30X3,1,UN
00504021,Chocolates Sortidos 2,9970212004,ETIQ PIMACO A4348 LASER 100F 9600UND,1,UN
00504021,Chocolates Sortidos 2,9990115003,Filme termo encolhivel,0.22,M
00504021,Chocolates Sortidos 2,9990712002,ETIQUETA PARA QR CODE 40x40mm,1,UN
00504021,Chocolates Sortidos 2,0080301006,Amêndoa de Cupuaçu Aprovada - Santa Bárb,0.06061,KG
00504021,Chocolates Sortidos 2,0080302002,Amêndoa de Cupuaçu Torrada - Santa Bárba,0.06061,KG
00504021,Chocolates Sortidos 2,0080303003,Nibs de Cupuaçu - Santa Bárbara (PA),0.0551,KG
00504021,Chocolates Sortidos 2,0080304008,Liquor de Cupuaçu - Santa Bárbara (PA),0.0551,KG
00504021,Chocolates Sortidos 2,0140106004,Açúcar Demerara,0.02375,KG
00504021,Chocolates Sortidos 2,9990107001,MANTEIGA DE CACAU desodorizada,0.01615,KG
00504021,Chocolates Sortidos 2,0080305004,Massa de  Cupuaçu - Santa Bárbara (PA),0.095,KG
00504021,Chocolates Sortidos 2,0210305004,Massa  de Cupuaçu - Sakaguchi,0.095,KG
00504021,Chocolates Sortidos 2,0050302010,Amêndoa de Cupuaçu Torrada - SAKAGUCHI,0.026517,KG
00504021,Chocolates Sortidos 2,0050303010,LIQUOR DE CUPUAÇU -SAKAGUCHI,0.09226,KG
00504021,Chocolates Sortidos 2,0140106004,Açúcar Demerara,0.029045,KG
00504021,Chocolates Sortidos 2,9990107001,MANTEIGA DE CACAU desodorizada,0.049547,KG
00504021,Chocolates Sortidos 2,0050111003,Semente de Cumaru,0,KG
00504021,Chocolates Sortidos 2,0050304004,Liquor de Cacau - Sakaguchi (PA),0.038,KG
00504021,Chocolates Sortidos 2,0140106004,Açúcar Demerara,0.03515,KG
00504021,Chocolates Sortidos 2,0140106802,AÇÚCAR DEMERARA orgânico,0.03515,KG
00504021,Chocolates Sortidos 2,03001001,Leite em Pó integral,0.00665,KG
00504021,Chocolates Sortidos 2,9990107001,MANTEIGA DE CACAU desodorizada,0.0152,KG
00504021,Chocolates Sortidos 2,9990307005,Manteiga de Cacau Yanomami terc,0.0152,KG
00504021,Chocolates Sortidos 2,0070301006,Amêndoa de Cacau Seca Aprovada - Yanomam,0.01803,KG
00504022,Chocolates Sortidos 3,0050301007,Amêndoa de Cacau Seca Aprovada - Sakaguc,0.0418,KG
00504022,Chocolates Sortidos 3,0050302002,Amêndoa de Cacau Torrada - Sakaguchi(PA),0.0418,KG
00504022,Chocolates Sortidos 3,0050303003,Nibs de Cacau - Sakaguchi(PA),0.138721,KG
00504022,Chocolates Sortidos 3,0050304004,Liquor de Cacau - Sakaguchi (PA),0.0741,KG
00504022,Chocolates Sortidos 3,0140106004,Açúcar Demerara,0.019,KG
00504022,Chocolates Sortidos 3,9990107001,MANTEIGA DE CACAU desodorizada,0.00019,KG
00504022,Chocolates Sortidos 3,0050304004,Liquor de Cacau - Sakaguchi (PA),0.045348,KG
00504022,Chocolates Sortidos 3,0140106004,Açúcar Demerara,0.022673,KG
00504022,Chocolates Sortidos 3,9990307005,Manteiga de Cacau Yanomami terc,0.010582,KG
00504022,Chocolates Sortidos 3,0320305032,Massa de Chocolate - Chocolate - Sakaguc,0.095,KG
00504022,Chocolates Sortidos 3,0050305005,Massa de Chocolate - Chocolate - Sakaguc,0.095,KG
00504022,Chocolates Sortidos 3,0050108008,Biscoito de castanha do Pará,0.050442,KG
00504022,Chocolates Sortidos 3,0050111002,Aromatizante Puxuri,1.9e-05,KG
00504022,Chocolates Sortidos 3,0050305009,Massa de Chocolate - Chocolate 60% - Sak,0.044368,KG
00504022,Chocolates Sortidos 3,9990111001,Flor de Sal,0.000171,KG
00504022,Chocolates Sortidos 3,0050305009,Massa de Chocolate - Chocolate 60% - Sak,0.031211,KG
00504022,Chocolates Sortidos 3,0110109014,Castanha do Pará - Acará-Açu (PA),0.058522,KG
00504022,Chocolates Sortidos 3,9990111001,Flor de Sal,0.005267,KG
00504022,Chocolates Sortidos 3,0050305011,Disco Sakaguchi ao Leite,0.095,KG
00504022,Chocolates Sortidos 3,0050305012,Folha Sakaguchi 78%,0.095,KG
00504022,Chocolates Sortidos 3,0050308011,Biscoito de castanha do Pará banhado com,0.095,KG
00504022,Chocolates Sortidos 3,0050309001,Castanha do Pará banhada com chocolate,0.095,KG
00504022,Chocolates Sortidos 3,0190212043,Luva Embalagem Mix 3,1,UN
00504022,Chocolates Sortidos 3,0190212044,Caixa para transporte MIX 6 unid,0.1667,UN
00504022,Chocolates Sortidos 3,0190213035,Base da Embalagem Mix 1,1,UN
00504022,Chocolates Sortidos 3,0190213036,Colmeia Embalagem  Mix 1,1,UN
00504022,Chocolates Sortidos 3,0190214016,Cartão Surpresa - Prima Stampa,1,UN
00504022,Chocolates Sortidos 3,9970212003,ETIQ ADESIVA | PAPEL COUCHE A20-C | 30X3,1,UN
00504022,Chocolates Sortidos 3,9970212004,ETIQ PIMACO A4348 LASER 100F 9600UND,1,UN
00504022,Chocolates Sortidos 3,9990115003,Filme termo encolhivel,0.22,M
00504022,Chocolates Sortidos 3,9990712002,ETIQUETA PARA QR CODE 40x40mm,1,UN
00504022,Chocolates Sortidos 3,0050111003,Semente de Cumaru,0,KG
00504022,Chocolates Sortidos 3,0050304004,Liquor de Cacau - Sakaguchi (PA),0.038,KG
00504022,Chocolates Sortidos 3,0140106004,Açúcar Demerara,0.03515,KG
00504022,Chocolates Sortidos 3,0140106802,AÇÚCAR DEMERARA orgânico,0.03515,KG
00504022,Chocolates Sortidos 3,03001001,Leite em Pó integral,0.00665,KG
00504022,Chocolates Sortidos 3,9990107001,MANTEIGA DE CACAU desodorizada,0.0152,KG
00504022,Chocolates Sortidos 3,9990307005,Manteiga de Cacau Yanomami terc,0.0152,KG
00504022,Chocolates Sortidos 3,0070301006,Amêndoa de Cacau Seca Aprovada - Yanomam,0.030583,KG
00504023,Pastilhas Sakaguchi ao Leite,0050301007,Amêndoa de Cacau Seca Aprovada - Sakaguc,0.44,KG
00504023,Pastilhas Sakaguchi ao Leite,0050302002,Amêndoa de Cacau Torrada - Sakaguchi(PA),0.44,KG
00504023,Pastilhas Sakaguchi ao Leite,0050303003,Nibs de Cacau - Sakaguchi(PA),0.4,KG
00504023,Pastilhas Sakaguchi ao Leite,0320305032,Massa de Chocolate - Chocolate - Sakaguc,1,KG
00504023,Pastilhas Sakaguchi ao Leite,0050315001,Pastilha Sakaguchi ao leite,1,KG
00504023,Pastilhas Sakaguchi ao Leite,0050111003,Semente de Cumaru,1e-06,KG
00504023,Pastilhas Sakaguchi ao Leite,0050304004,Liquor de Cacau - Sakaguchi (PA),0.4,KG
00504023,Pastilhas Sakaguchi ao Leite,0140106004,Açúcar Demerara,0.37,KG
00504023,Pastilhas Sakaguchi ao Leite,0140106802,AÇÚCAR DEMERARA orgânico,0.37,KG
00504023,Pastilhas Sakaguchi ao Leite,03001001,Leite em Pó integral,0.07,KG
00504023,Pastilhas Sakaguchi ao Leite,9990107001,MANTEIGA DE CACAU desodorizada,0.16,KG
00504023,Pastilhas Sakaguchi ao Leite,9990307005,Manteiga de Cacau Yanomami terc,0.16,KG
00504023,Pastilhas Sakaguchi ao Leite,0070301006,Amêndoa de Cacau Seca Aprovada - Yanomam,0.189794,KG
00604010,AMABELA - Cupulate 65% Cupuaçu - 50g,0060101006,Amêndoa de Cupuaçu Aprovada - AMABELA (P,0.0297,KG
00604010,AMABELA - Cupulate 65% Cupuaçu - 50g,0060302002,Amêndoa de Cupuaçu -Torrada- AMABELA (PA,0.0297,KG
00604010,AMABELA - Cupulate 65% Cupuaçu - 50g,0060303003,Nibs de Cupuaçu - AMABELA (PA),0.027,KG
00604010,AMABELA - Cupulate 65% Cupuaçu - 50g,0060304004,Liquor de Cupuaçu - AMABELA (PA),0.027,KG
00604010,AMABELA - Cupulate 65% Cupuaçu - 50g,0140106004,Açúcar Demerara,0.0145,KG
00604010,AMABELA - Cupulate 65% Cupuaçu - 50g,9990107001,MANTEIGA DE CACAU desodorizada,0.0085,KG
00604010,AMABELA - Cupulate 65% Cupuaçu - 50g,0060305008,Massa de Chocolate - Cupulate - AMABELA,0.05,KG
00604010,AMABELA - Cupulate 65% Cupuaçu - 50g,0190213011,Embalagem - Barra de Cupulate - AMABELA,1,UN
00604010,AMABELA - Cupulate 65% Cupuaçu - 50g,0190214016,Cartão Surpresa - Prima Stampa,1,UN
00604010,AMABELA - Cupulate 65% Cupuaçu - 50g,0200216011,"Papel Chumbo - Cromus - 43,5cm x 59cm",0.16,UN
00604010,AMABELA - Cupulate 65% Cupuaçu - 50g,9970212003,ETIQ ADESIVA | PAPEL COUCHE A20-C | 30X3,1,UN
00604010,AMABELA - Cupulate 65% Cupuaçu - 50g,9970212004,ETIQ PIMACO A4348 LASER 100F 9600UND,1,UN
00604010,AMABELA - Cupulate 65% Cupuaçu - 50g,9990712002,ETIQUETA PARA QR CODE 40x40mm,1,UN
00704009,Yanomami-Ye&apos;kwana - Chocolate 69% C,0070301006,Amêndoa de Cacau Seca Aprovada - Yanomam,0.03795,KG
00704009,Yanomami-Ye&apos;kwana - Chocolate 69% C,0070302002,Amêndoa de Cacau Torrada - Yanomami (RR),0.03795,KG
00704009,Yanomami-Ye&apos;kwana - Chocolate 69% C,0070303003,Nibs de Cacau - Yanomami (RR),0.0345,KG
00704009,Yanomami-Ye&apos;kwana - Chocolate 69% C,0070304004,Liquor de Cacau - Yanomami (RR),0.0345,KG
00704009,Yanomami-Ye&apos;kwana - Chocolate 69% C,0140106004,Açúcar Demerara,0.015,KG
00704009,Yanomami-Ye&apos;kwana - Chocolate 69% C,9990107001,MANTEIGA DE CACAU desodorizada,0.0005,KG
00704009,Yanomami-Ye&apos;kwana - Chocolate 69% C,0070305005,Massa de Chocolate - Chocolate - Yanomam,0.05,KG
00704009,Yanomami-Ye&apos;kwana - Chocolate 69% C,0190213003,Embalagem - Barra de Chocolate - Yanomam,1,UN
00704009,Yanomami-Ye&apos;kwana - Chocolate 69% C,0190214016,Cartão Surpresa - Prima Stampa,1,UN
00704009,Yanomami-Ye&apos;kwana - Chocolate 69% C,0200216011,"Papel Chumbo - Cromus - 43,5cm x 59cm",0.16,UN
00704009,Yanomami-Ye&apos;kwana - Chocolate 69% C,9970212003,ETIQ ADESIVA | PAPEL COUCHE A20-C | 30X3,1,UN
00704009,Yanomami-Ye&apos;kwana - Chocolate 69% C,9970212004,ETIQ PIMACO A4348 LASER 100F 9600UND,1,UN
00704009,Yanomami-Ye&apos;kwana - Chocolate 69% C,9990712002,ETIQUETA PARA QR CODE 40x40mm,1,UN
00804010,Kunkuni - Cupulate 70% Cupuaçi - 50g,0080301006,Amêndoa de Cupuaçu Aprovada - Santa Bárb,0.0319,KG
00804010,Kunkuni - Cupulate 70% Cupuaçi - 50g,0080302002,Amêndoa de Cupuaçu Torrada - Santa Bárba,0.0319,KG
00804010,Kunkuni - Cupulate 70% Cupuaçi - 50g,0080303003,Nibs de Cupuaçu - Santa Bárbara (PA),0.029,KG
00804010,Kunkuni - Cupulate 70% Cupuaçi - 50g,0080304008,Liquor de Cupuaçu - Santa Bárbara (PA),0.029,KG
00804010,Kunkuni - Cupulate 70% Cupuaçi - 50g,0140106004,Açúcar Demerara,0.0125,KG
00804010,Kunkuni - Cupulate 70% Cupuaçi - 50g,9990107001,MANTEIGA DE CACAU desodorizada,0.0085,KG
00804010,Kunkuni - Cupulate 70% Cupuaçi - 50g,0080305004,Massa de  Cupuaçu - Santa Bárbara (PA),0.05,KG
00804010,Kunkuni - Cupulate 70% Cupuaçi - 50g,0190213007,Embalagem - Barra de Cupulate - Kunkuni,1,UN
00804010,Kunkuni - Cupulate 70% Cupuaçi - 50g,0190214016,Cartão Surpresa - Prima Stampa,1,UN
00804010,Kunkuni - Cupulate 70% Cupuaçi - 50g,0200216011,"Papel Chumbo - Cromus - 43,5cm x 59cm",0.16,UN
00804010,Kunkuni - Cupulate 70% Cupuaçi - 50g,9970212003,ETIQ ADESIVA | PAPEL COUCHE A20-C | 30X3,1,UN
00804010,Kunkuni - Cupulate 70% Cupuaçi - 50g,9970212004,ETIQ PIMACO A4348 LASER 100F 9600UND,1,UN
00804010,Kunkuni - Cupulate 70% Cupuaçi - 50g,9990712002,ETIQUETA PARA QR CODE 40x40mm,1,UN
01004009,Paiter Suruí - Chocolate 70% Cacau - 50g,0100301006,Amêndoa de Cacau Seca Aprovada - Paiter,0.0385,KG
01004009,Paiter Suruí - Chocolate 70% Cacau - 50g,0100302002,Amêndoa de Cacau Torrada - Paiter Suruí,0.0385,KG
01004009,Paiter Suruí - Chocolate 70% Cacau - 50g,0100303003,Nibs de Cacau - Paiter Suruí (RO),0.035,KG
01004009,Paiter Suruí - Chocolate 70% Cacau - 50g,0140106004,Açúcar Demerara,0.015,KG
01004009,Paiter Suruí - Chocolate 70% Cacau - 50g,0100305005,Massa de Chocolate - Chocolate - Paiter,0.05,KG
01004009,Paiter Suruí - Chocolate 70% Cacau - 50g,0190213015,Embalagem - Barra de Chocolate - Paiter,1,UN
01004009,Paiter Suruí - Chocolate 70% Cacau - 50g,0190214016,Cartão Surpresa - Prima Stampa,1,UN
01004009,Paiter Suruí - Chocolate 70% Cacau - 50g,0200216011,"Papel Chumbo - Cromus - 43,5cm x 59cm",0.16,UN
01004009,Paiter Suruí - Chocolate 70% Cacau - 50g,9970212003,ETIQ ADESIVA | PAPEL COUCHE A20-C | 30X3,1,UN
01004009,Paiter Suruí - Chocolate 70% Cacau - 50g,9970212004,ETIQ PIMACO A4348 LASER 100F 9600UND,1,UN
01004009,Paiter Suruí - Chocolate 70% Cacau - 50g,9990712002,ETIQUETA PARA QR CODE 40x40mm,1,UN
01104009,Acará-Açu - Chocolate 75% Cacau 50g,0110301006,Amêndoa de Cacau Seca Aprovada -  Acará-,0.04125,KG
01104009,Acará-Açu - Chocolate 75% Cacau 50g,0110302002,Amêndoa de Cacau Torrada -  Acará-Açu (P,0.04125,KG
01104009,Acará-Açu - Chocolate 75% Cacau 50g,0110303003,Nibs de Cacau - Acará-Açu (PA),0.0375,KG
01104009,Acará-Açu - Chocolate 75% Cacau 50g,0140106004,Açúcar Demerara,0.0125,KG
01104009,Acará-Açu - Chocolate 75% Cacau 50g,0110305005,Massa de Chocolate - Chocolate - Acará-A,0.05,KG
01104009,Acará-Açu - Chocolate 75% Cacau 50g,0190213014,Embalagem - Barra de Chocolate - Acará A,1,UN
01104009,Acará-Açu - Chocolate 75% Cacau 50g,0190214016,Cartão Surpresa - Prima Stampa,1,UN
01104009,Acará-Açu - Chocolate 75% Cacau 50g,0200216011,"Papel Chumbo - Cromus - 43,5cm x 59cm",0.16,UN
01104009,Acará-Açu - Chocolate 75% Cacau 50g,9970212003,ETIQ ADESIVA | PAPEL COUCHE A20-C | 30X3,1,UN
01104009,Acará-Açu - Chocolate 75% Cacau 50g,9970212004,ETIQ PIMACO A4348 LASER 100F 9600UND,1,UN
01104009,Acará-Açu - Chocolate 75% Cacau 50g,9990307005,Manteiga de Cacau Yanomami terc,0.002,KG
01104009,Acará-Açu - Chocolate 75% Cacau 50g,9990712002,ETIQUETA PARA QR CODE 40x40mm,1,UN
01104009,Acará-Açu - Chocolate 75% Cacau 50g,0070301006,Amêndoa de Cacau Seca Aprovada - Yanomam,0.002372,KG
01204009,Mulheres da Floresta - Chocolate 72% Cac,0120305005,Massa de Chocolate - Chocolate - Mulhere,0.05,KG
01204009,Mulheres da Floresta - Chocolate 72% Cac,0190213013,Embalagem - Barra de Chocolate - Mulhere,1,UN
01204009,Mulheres da Floresta - Chocolate 72% Cac,0190214016,Cartão Surpresa - Prima Stampa,1,UN
01204009,Mulheres da Floresta - Chocolate 72% Cac,0200216011,"Papel Chumbo - Cromus - 43,5cm x 59cm",0.16,UN
01204009,Mulheres da Floresta - Chocolate 72% Cac,9970212003,ETIQ ADESIVA | PAPEL COUCHE A20-C | 30X3,1,UN
01204009,Mulheres da Floresta - Chocolate 72% Cac,9970212004,ETIQ PIMACO A4348 LASER 100F 9600UND,1,UN
01204009,Mulheres da Floresta - Chocolate 72% Cac,9990712002,ETIQUETA PARA QR CODE 40x40mm,1,UN
02104011,Castanha do Pará banhada com Cupulate 70,0210101001,Amêndoa de Cupuaçu - Sakaguchi (PA),0.009758,KG
02104011,Castanha do Pará banhada com Cupulate 70,0210303001,Nibs de Cupuaçu - Sakaguchi,0.008871,KG
02104011,Castanha do Pará banhada com Cupulate 70,0110109014,Castanha do Pará - Acará-Açu (PA),0.030801,KG
02104011,Castanha do Pará banhada com Cupulate 70,0210305004,Massa  de Cupuaçu - Sakaguchi,0.016427,KG
02104011,Castanha do Pará banhada com Cupulate 70,9990111001,Flor de Sal,0.002772,KG
02104011,Castanha do Pará banhada com Cupulate 70,0050302010,Amêndoa de Cupuaçu Torrada - SAKAGUCHI,0.009758,KG
02104011,Castanha do Pará banhada com Cupulate 70,0050303010,LIQUOR DE CUPUAÇU -SAKAGUCHI,0.008871,KG
02104011,Castanha do Pará banhada com Cupulate 70,0140106004,Açúcar Demerara,0.002793,KG
02104011,Castanha do Pará banhada com Cupulate 70,9990107001,MANTEIGA DE CACAU desodorizada,0.004764,KG
02104011,Castanha do Pará banhada com Cupulate 70,0050309013,Castanha coberta com cupulate,0.05,KG
02104011,Castanha do Pará banhada com Cupulate 70,0190213028,EMBALAGEM CASTANHAS DO PARA COBERTA COM,1,UN
02104011,Castanha do Pará banhada com Cupulate 70,0190214023,Cartão Surpresa MINI - Prima Stampa,1,UN
02104011,Castanha do Pará banhada com Cupulate 70,9970212003,ETIQ ADESIVA | PAPEL COUCHE A20-C | 30X3,1,UN
02104011,Castanha do Pará banhada com Cupulate 70,9970212004,ETIQ PIMACO A4348 LASER 100F 9600UND,1,UN
02104011,Castanha do Pará banhada com Cupulate 70,9990115001,SAQUINHO BIODEGRADAVEL COMPOSTAVEL,0.0016,KG
02104011,Castanha do Pará banhada com Cupulate 70,9990712002,ETIQUETA PARA QR CODE 40x40mm,1,UN
02104012,Castanha do Pará banhada com Cupulate 70,0210101001,Amêndoa de Cupuaçu - Sakaguchi (PA),0.029273,KG
02104012,Castanha do Pará banhada com Cupulate 70,0210303001,Nibs de Cupuaçu - Sakaguchi,0.026612,KG
02104012,Castanha do Pará banhada com Cupulate 70,0110109014,Castanha do Pará - Acará-Açu (PA),0.092402,KG
02104012,Castanha do Pará banhada com Cupulate 70,0210305004,Massa  de Cupuaçu - Sakaguchi,0.049281,KG
02104012,Castanha do Pará banhada com Cupulate 70,9990111001,Flor de Sal,0.008316,KG
02104012,Castanha do Pará banhada com Cupulate 70,0050302010,Amêndoa de Cupuaçu Torrada - SAKAGUCHI,0.029273,KG
02104012,Castanha do Pará banhada com Cupulate 70,0050303010,LIQUOR DE CUPUAÇU -SAKAGUCHI,0.026612,KG
02104012,Castanha do Pará banhada com Cupulate 70,0140106004,Açúcar Demerara,0.008378,KG
02104012,Castanha do Pará banhada com Cupulate 70,9990107001,MANTEIGA DE CACAU desodorizada,0.014291,KG
02104012,Castanha do Pará banhada com Cupulate 70,0050309013,Castanha coberta com cupulate,0.15,KG
02104012,Castanha do Pará banhada com Cupulate 70,0190212021,Selo para Embalagem Prisma,2,UN
02104012,Castanha do Pará banhada com Cupulate 70,0190213026,Embalagem Prisma - Castanha do Pará banh,1,UN
02104012,Castanha do Pará banhada com Cupulate 70,0190214023,Cartão Surpresa MINI - Prima Stampa,1,UN
02104012,Castanha do Pará banhada com Cupulate 70,9970212003,ETIQ ADESIVA | PAPEL COUCHE A20-C | 30X3,1,UN
02104012,Castanha do Pará banhada com Cupulate 70,9970212004,ETIQ PIMACO A4348 LASER 100F 9600UND,1,UN
02104012,Castanha do Pará banhada com Cupulate 70,9990115001,SAQUINHO BIODEGRADAVEL COMPOSTAVEL,0.0033,KG
02104012,Castanha do Pará banhada com Cupulate 70,9990712002,ETIQUETA PARA QR CODE 40x40mm,1,UN
02104013,Sakaguchi Cupulate 50g,0210101001,Amêndoa de Cupuaçu - Sakaguchi (PA),0.0297,KG
02104013,Sakaguchi Cupulate 50g,0210303001,Nibs de Cupuaçu - Sakaguchi,0.027,KG
02104013,Sakaguchi Cupulate 50g,0050302010,Amêndoa de Cupuaçu Torrada - SAKAGUCHI,0.0297,KG
02104013,Sakaguchi Cupulate 50g,0050303010,LIQUOR DE CUPUAÇU -SAKAGUCHI,0.027,KG
02104013,Sakaguchi Cupulate 50g,0140106004,Açúcar Demerara,0.0085,KG
02104013,Sakaguchi Cupulate 50g,9990107001,MANTEIGA DE CACAU desodorizada,0.0145,KG
02104013,Sakaguchi Cupulate 50g,0190213030,Embalagem - Barra de Cupulate - Sakaguch,1,UN
02104013,Sakaguchi Cupulate 50g,0190214016,Cartão Surpresa - Prima Stampa,1,UN
02104013,Sakaguchi Cupulate 50g,0200216011,"Papel Chumbo - Cromus - 43,5cm x 59cm",0.16,UN
02104013,Sakaguchi Cupulate 50g,0210305004,Massa  de Cupuaçu - Sakaguchi,0.05,KG
02104013,Sakaguchi Cupulate 50g,9970212003,ETIQ ADESIVA | PAPEL COUCHE A20-C | 30X3,1,UN
02104013,Sakaguchi Cupulate 50g,9970212004,ETIQ PIMACO A4348 LASER 100F 9600UND,1,UN
02104013,Sakaguchi Cupulate 50g,9990712002,ETIQUETA PARA QR CODE 40x40mm,1,UN
02104015,Biscoito de castanha do Pará banhado com,0210101001,Amêndoa de Cupuaçu - Sakaguchi (PA),0.013956,KG
02104015,Biscoito de castanha do Pará banhado com,0210303001,Nibs de Cupuaçu - Sakaguchi,0.012687,KG
02104015,Biscoito de castanha do Pará banhado com,0050108008,Biscoito de castanha do Pará,0.026495,KG
02104015,Biscoito de castanha do Pará banhado com,0210305004,Massa  de Cupuaçu - Sakaguchi,0.023495,KG
02104015,Biscoito de castanha do Pará banhado com,9990111001,Flor de Sal,1e-05,KG
02104015,Biscoito de castanha do Pará banhado com,0050302010,Amêndoa de Cupuaçu Torrada - SAKAGUCHI,0.013956,KG
02104015,Biscoito de castanha do Pará banhado com,0050303010,LIQUOR DE CUPUAÇU -SAKAGUCHI,0.012687,KG
02104015,Biscoito de castanha do Pará banhado com,0140106004,Açúcar Demerara,0.003994,KG
02104015,Biscoito de castanha do Pará banhado com,9990107001,MANTEIGA DE CACAU desodorizada,0.006814,KG
02104015,Biscoito de castanha do Pará banhado com,0050308012,BISCOITO DE CASTANHA DO PARÁ COM COBERTU,0.05,KG
02104015,Biscoito de castanha do Pará banhado com,0190213029,EMBALAGEM BISCOITO DE CASTANHA DO PARA C,1,UN
02104015,Biscoito de castanha do Pará banhado com,0190214023,Cartão Surpresa MINI - Prima Stampa,1,UN
02104015,Biscoito de castanha do Pará banhado com,9970212003,ETIQ ADESIVA | PAPEL COUCHE A20-C | 30X3,1,UN
02104015,Biscoito de castanha do Pará banhado com,9970212004,ETIQ PIMACO A4348 LASER 100F 9600UND,1,UN
02104015,Biscoito de castanha do Pará banhado com,9990115001,SAQUINHO BIODEGRADAVEL COMPOSTAVEL,0.0016,KG
02104015,Biscoito de castanha do Pará banhado com,9990712002,ETIQUETA PARA QR CODE 40x40mm,1,UN
02104016,Biscoito de castanha do Pará banhado com,0210101001,Amêndoa de Cupuaçu - Sakaguchi (PA),0.041867,KG
02104016,Biscoito de castanha do Pará banhado com,0210303001,Nibs de Cupuaçu - Sakaguchi,0.038061,KG
02104016,Biscoito de castanha do Pará banhado com,0050108008,Biscoito de castanha do Pará,0.079486,KG
02104016,Biscoito de castanha do Pará banhado com,0210305004,Massa  de Cupuaçu - Sakaguchi,0.070484,KG
02104016,Biscoito de castanha do Pará banhado com,9990111001,Flor de Sal,3e-05,KG
02104016,Biscoito de castanha do Pará banhado com,0050302010,Amêndoa de Cupuaçu Torrada - SAKAGUCHI,0.041867,KG
02104016,Biscoito de castanha do Pará banhado com,0050303010,LIQUOR DE CUPUAÇU -SAKAGUCHI,0.038061,KG
02104016,Biscoito de castanha do Pará banhado com,0140106004,Açúcar Demerara,0.011982,KG
02104016,Biscoito de castanha do Pará banhado com,9990107001,MANTEIGA DE CACAU desodorizada,0.02044,KG
02104016,Biscoito de castanha do Pará banhado com,0050308012,BISCOITO DE CASTANHA DO PARÁ COM COBERTU,0.15,KG
02104016,Biscoito de castanha do Pará banhado com,0190212021,Selo para Embalagem Prisma,2,UN
02104016,Biscoito de castanha do Pará banhado com,0190213027,Embalagem Prisma - Biscoito de Castanha,1,UN
02104016,Biscoito de castanha do Pará banhado com,0190214023,Cartão Surpresa MINI - Prima Stampa,1,UN
02104016,Biscoito de castanha do Pará banhado com,9970212003,ETIQ ADESIVA | PAPEL COUCHE A20-C | 30X3,1,UN
02104016,Biscoito de castanha do Pará banhado com,9970212004,ETIQ PIMACO A4348 LASER 100F 9600UND,1,UN
02104016,Biscoito de castanha do Pará banhado com,9990115001,SAQUINHO BIODEGRADAVEL COMPOSTAVEL,0.0033,KG
02104016,Biscoito de castanha do Pará banhado com,9990712002,ETIQUETA PARA QR CODE 40x40mm,1,UN
02504009,Bom Jardim - Chocolate 63% Cacau - 50g,0250101006,Amêndoa de Cacau Seca Aprovada - Bom Jar,0.03135,KG
02504009,Bom Jardim - Chocolate 63% Cacau - 50g,0250302002,Amêndoa de Cacau Torrada - Bom Jardim,0.03135,KG
02504009,Bom Jardim - Chocolate 63% Cacau - 50g,0250303003,Nibs de Cacau - Bom Jardim,0.0285,KG
02504009,Bom Jardim - Chocolate 63% Cacau - 50g,0140106004,Açúcar Demerara,0.0185,KG
02504009,Bom Jardim - Chocolate 63% Cacau - 50g,0250304004,Liquor de Cacau - Bom Jardim,0.0285,KG
02504009,Bom Jardim - Chocolate 63% Cacau - 50g,9990107001,MANTEIGA DE CACAU desodorizada,0.003,KG
02504009,Bom Jardim - Chocolate 63% Cacau - 50g,0190213008,Embalagem - Barra de Chocolate - Bom Jar,1,UN
02504009,Bom Jardim - Chocolate 63% Cacau - 50g,0190214016,Cartão Surpresa - Prima Stampa,1,UN
02504009,Bom Jardim - Chocolate 63% Cacau - 50g,0200216011,"Papel Chumbo - Cromus - 43,5cm x 59cm",0.16,UN
02504009,Bom Jardim - Chocolate 63% Cacau - 50g,0250305005,Massa de Chocolate  - Bom Jardim,0.05,KG
02504009,Bom Jardim - Chocolate 63% Cacau - 50g,9970212003,ETIQ ADESIVA | PAPEL COUCHE A20-C | 30X3,1,UN
02504009,Bom Jardim - Chocolate 63% Cacau - 50g,9970212004,ETIQ PIMACO A4348 LASER 100F 9600UND,1,UN
02504009,Bom Jardim - Chocolate 63% Cacau - 50g,9990107002,MANTEIGA DE CACAU IBC ORGÂNICA,0.003,KG
02504009,Bom Jardim - Chocolate 63% Cacau - 50g,9990712002,ETIQUETA PARA QR CODE 40x40mm,1,UN
02504011,OVO Bom Jardim,0050301007,Amêndoa de Cacau Seca Aprovada - Sakaguc,0.015412,KG
02504011,OVO Bom Jardim,0050302002,Amêndoa de Cacau Torrada - Sakaguchi(PA),0.015412,KG
02504011,OVO Bom Jardim,0050303003,Nibs de Cacau - Sakaguchi(PA),0.014011,KG
02504011,OVO Bom Jardim,0050304004,Liquor de Cacau - Sakaguchi (PA),0.014011,KG
02504011,OVO Bom Jardim,0140106004,Açúcar Demerara,0.007006,KG
02504011,OVO Bom Jardim,9990307005,Manteiga de Cacau Yanomami terc,0.003269,KG
02504011,OVO Bom Jardim,0050108008,Biscoito de castanha do Pará,0.026548,KG
02504011,OVO Bom Jardim,0050111002,Aromatizante Puxuri,1e-05,KG
02504011,OVO Bom Jardim,0050305009,Massa de Chocolate - Chocolate 60% - Sak,0.023352,KG
02504011,OVO Bom Jardim,9990111001,Flor de Sal,9e-05,KG
02504011,OVO Bom Jardim,0250101006,Amêndoa de Cacau Seca Aprovada - Bom Jar,0.15675,KG
02504011,OVO Bom Jardim,0250302002,Amêndoa de Cacau Torrada - Bom Jardim,0.15675,KG
02504011,OVO Bom Jardim,0250303003,Nibs de Cacau - Bom Jardim,0.1425,KG
02504011,OVO Bom Jardim,0140106004,Açúcar Demerara,0.0925,KG
02504011,OVO Bom Jardim,0250304004,Liquor de Cacau - Bom Jardim,0.1425,KG
02504011,OVO Bom Jardim,9990107001,MANTEIGA DE CACAU desodorizada,0.015,KG
02504011,OVO Bom Jardim,0250305005,Massa de Chocolate  - Bom Jardim,0.25,KG
02504011,OVO Bom Jardim,0050308011,Biscoito de castanha do Pará banhado com,0.05,KG
02504011,OVO Bom Jardim,0190212021,Selo para Embalagem Prisma,2,UN
02504011,OVO Bom Jardim,0190213031,Embalagem Ovo Bom Jardim,1,UN
02504011,OVO Bom Jardim,0190213034,Caixa para transporte Ovo 6un,0.1667,UN
02504011,OVO Bom Jardim,0190213045,Berço para Embalagem Ovo,1,UN
02504011,OVO Bom Jardim,0190214016,Cartão Surpresa - Prima Stampa,1,UN
02504011,OVO Bom Jardim,0200216011,"Papel Chumbo - Cromus - 43,5cm x 59cm",0.5,UN
02504011,OVO Bom Jardim,0250305006,FACE OVO BOM JARDIM,2,UN
02504011,OVO Bom Jardim,9970212003,ETIQ ADESIVA | PAPEL COUCHE A20-C | 30X3,1,UN
02504011,OVO Bom Jardim,9970212004,ETIQ PIMACO A4348 LASER 100F 9600UND,1,UN
02504011,OVO Bom Jardim,9990115001,SAQUINHO BIODEGRADAVEL COMPOSTAVEL,0.0064,KG
02504011,OVO Bom Jardim,9990115002,Blister ovo 35,2,UN
02504011,OVO Bom Jardim,9990712002,ETIQUETA PARA QR CODE 40x40mm,1,UN
02504011,OVO Bom Jardim,0070301006,Amêndoa de Cacau Seca Aprovada - Yanomam,0.003878,KG
02604009,Chocolate ao Leite de Búfala 47% Cacau 5,0200216011,"Papel Chumbo - Cromus - 43,5cm x 59cm",0.16,UN
02604009,Chocolate ao Leite de Búfala 47% Cacau 5,0410305001,MASSA DE CHOCOLATE BRANCO ALTAMIRA,0.05,KG
02604009,Chocolate ao Leite de Búfala 47% Cacau 5,0050111003,Semente de Cumaru,0.0005,KG
02604009,Chocolate ao Leite de Búfala 47% Cacau 5,0140106805,Açúcar refinado,0.0165,KG
02604009,Chocolate ao Leite de Búfala 47% Cacau 5,03001001,Leite em Pó integral,0.014,KG
02604009,Chocolate ao Leite de Búfala 47% Cacau 5,9990107002,MANTEIGA DE CACAU IBC ORGÂNICA,0.019,KG
03204009,Sakaguchi ao Leite - Chocolate 47% Cacau,0050301007,Amêndoa de Cacau Seca Aprovada - Sakaguc,0.022,KG
03204009,Sakaguchi ao Leite - Chocolate 47% Cacau,0050302002,Amêndoa de Cacau Torrada - Sakaguchi(PA),0.022,KG
03204009,Sakaguchi ao Leite - Chocolate 47% Cacau,0050303003,Nibs de Cacau - Sakaguchi(PA),0.02,KG
03204009,Sakaguchi ao Leite - Chocolate 47% Cacau,0050111003,Semente de Cumaru,0,KG
03204009,Sakaguchi ao Leite - Chocolate 47% Cacau,0050304004,Liquor de Cacau - Sakaguchi (PA),0.02,KG
03204009,Sakaguchi ao Leite - Chocolate 47% Cacau,0140106004,Açúcar Demerara,0.0185,KG
03204009,Sakaguchi ao Leite - Chocolate 47% Cacau,0140106802,AÇÚCAR DEMERARA orgânico,0.0185,KG
03204009,Sakaguchi ao Leite - Chocolate 47% Cacau,03001001,Leite em Pó integral,0.0035,KG
03204009,Sakaguchi ao Leite - Chocolate 47% Cacau,9990107001,MANTEIGA DE CACAU desodorizada,0.008,KG
03204009,Sakaguchi ao Leite - Chocolate 47% Cacau,9990307005,Manteiga de Cacau Yanomami terc,0.008,KG
03204009,Sakaguchi ao Leite - Chocolate 47% Cacau,0190213012,Embalagem - Barra de Chocolate - Sakaguc,1,UN
03204009,Sakaguchi ao Leite - Chocolate 47% Cacau,0190214016,Cartão Surpresa - Prima Stampa,1,UN
03204009,Sakaguchi ao Leite - Chocolate 47% Cacau,0200216011,"Papel Chumbo - Cromus - 43,5cm x 59cm",0.16,UN
03204009,Sakaguchi ao Leite - Chocolate 47% Cacau,0320305032,Massa de Chocolate - Chocolate - Sakaguc,0.05,KG
03204009,Sakaguchi ao Leite - Chocolate 47% Cacau,9970212003,ETIQ ADESIVA | PAPEL COUCHE A20-C | 30X3,1,UN
03204009,Sakaguchi ao Leite - Chocolate 47% Cacau,9970212004,ETIQ PIMACO A4348 LASER 100F 9600UND,1,UN
03204009,Sakaguchi ao Leite - Chocolate 47% Cacau,9990107002,MANTEIGA DE CACAU IBC ORGÂNICA,0.008,KG
03204009,Sakaguchi ao Leite - Chocolate 47% Cacau,9990712002,ETIQUETA PARA QR CODE 40x40mm,1,UN
03204009,Sakaguchi ao Leite - Chocolate 47% Cacau,0070301006,Amêndoa de Cacau Seca Aprovada - Yanomam,0.00949,KG
03204010,Sakaguchi ao Leite - Chocolate 47% Cacau,0050301007,Amêndoa de Cacau Seca Aprovada - Sakaguc,0.04785,KG
03204010,Sakaguchi ao Leite - Chocolate 47% Cacau,0050302002,Amêndoa de Cacau Torrada - Sakaguchi(PA),0.04785,KG
03204010,Sakaguchi ao Leite - Chocolate 47% Cacau,0050303003,Nibs de Cacau - Sakaguchi(PA),0.02,KG
03204010,Sakaguchi ao Leite - Chocolate 47% Cacau,0050111003,Semente de Cumaru,0,KG
03204010,Sakaguchi ao Leite - Chocolate 47% Cacau,0050304004,Liquor de Cacau - Sakaguchi (PA),0.02,KG
03204010,Sakaguchi ao Leite - Chocolate 47% Cacau,0140106004,Açúcar Demerara,0.0185,KG
03204010,Sakaguchi ao Leite - Chocolate 47% Cacau,0140106802,AÇÚCAR DEMERARA orgânico,0.0185,KG
03204010,Sakaguchi ao Leite - Chocolate 47% Cacau,03001001,Leite em Pó integral,0.0035,KG
03204010,Sakaguchi ao Leite - Chocolate 47% Cacau,9990107001,MANTEIGA DE CACAU desodorizada,0.008,KG
03204010,Sakaguchi ao Leite - Chocolate 47% Cacau,9990307005,Manteiga de Cacau Yanomami terc,0.008,KG
03204010,Sakaguchi ao Leite - Chocolate 47% Cacau,0050303003,Nibs de Cacau - Sakaguchi(PA),0.0235,KG
03204010,Sakaguchi ao Leite - Chocolate 47% Cacau,0140106004,Açúcar Demerara,0.0185,KG
03204010,Sakaguchi ao Leite - Chocolate 47% Cacau,01902026,Embalagem Foster,1,UN
03204010,Sakaguchi ao Leite - Chocolate 47% Cacau,0190214016,Cartão Surpresa - Prima Stampa,1,UN
03204010,Sakaguchi ao Leite - Chocolate 47% Cacau,0190214023,Cartão Surpresa MINI - Prima Stampa,1,UN
03204010,Sakaguchi ao Leite - Chocolate 47% Cacau,0200216011,"Papel Chumbo - Cromus - 43,5cm x 59cm",0.16,UN
03204010,Sakaguchi ao Leite - Chocolate 47% Cacau,03001001,Leite em Pó integral,0.004,KG
03204010,Sakaguchi ao Leite - Chocolate 47% Cacau,0320305032,Massa de Chocolate - Chocolate - Sakaguc,0.05,KG
03204010,Sakaguchi ao Leite - Chocolate 47% Cacau,9970212003,ETIQ ADESIVA | PAPEL COUCHE A20-C | 30X3,1,UN
03204010,Sakaguchi ao Leite - Chocolate 47% Cacau,9970212004,ETIQ PIMACO A4348 LASER 100F 9600UND,1,UN
03204010,Sakaguchi ao Leite - Chocolate 47% Cacau,9990712002,ETIQUETA PARA QR CODE 40x40mm,1,UN
03204010,Sakaguchi ao Leite - Chocolate 47% Cacau,0070301006,Amêndoa de Cacau Seca Aprovada - Yanomam,0.00949,KG
03404002,Castanha do Pará com cobertura de chocol,0050301007,Amêndoa de Cacau Seca Aprovada - Sakaguc,0.032526,KG
03404002,Castanha do Pará com cobertura de chocol,0050302002,Amêndoa de Cacau Torrada - Sakaguchi(PA),0.032526,KG
03404002,Castanha do Pará com cobertura de chocol,0050303003,Nibs de Cacau - Sakaguchi(PA),0.029569,KG
03404002,Castanha do Pará com cobertura de chocol,0050304004,Liquor de Cacau - Sakaguchi (PA),0.029569,KG
03404002,Castanha do Pará com cobertura de chocol,0140106004,Açúcar Demerara,0.014784,KG
03404002,Castanha do Pará com cobertura de chocol,9990307005,Manteiga de Cacau Yanomami terc,0.006899,KG
03404002,Castanha do Pará com cobertura de chocol,0050305009,Massa de Chocolate - Chocolate 60% - Sak,0.049281,KG
03404002,Castanha do Pará com cobertura de chocol,0110109014,Castanha do Pará - Acará-Açu (PA),0.092402,KG
03404002,Castanha do Pará com cobertura de chocol,9990111001,Flor de Sal,0.008316,KG
03404002,Castanha do Pará com cobertura de chocol,0050309001,Castanha do Pará banhada com chocolate,0.15,KG
03404002,Castanha do Pará com cobertura de chocol,0190212021,Selo para Embalagem Prisma,2,UN
03404002,Castanha do Pará com cobertura de chocol,0190213020,Embalagem Prisma - Castanha do Pará banh,1,UN
03404002,Castanha do Pará com cobertura de chocol,0190214023,Cartão Surpresa MINI - Prima Stampa,1,UN
03404002,Castanha do Pará com cobertura de chocol,9970212003,ETIQ ADESIVA | PAPEL COUCHE A20-C | 30X3,1,UN
03404002,Castanha do Pará com cobertura de chocol,9970212004,ETIQ PIMACO A4348 LASER 100F 9600UND,1,UN
03404002,Castanha do Pará com cobertura de chocol,9990115001,SAQUINHO BIODEGRADAVEL COMPOSTAVEL,0.0033,KG
03404002,Castanha do Pará com cobertura de chocol,9990712002,ETIQUETA PARA QR CODE 40x40mm,1,UN
03404002,Castanha do Pará com cobertura de chocol,0070301006,Amêndoa de Cacau Seca Aprovada - Yanomam,0.008184,KG
03404003,Castanha do Pará coberta com chocolate 5,0050301007,Amêndoa de Cacau Seca Aprovada - Sakaguc,0.010842,KG
03404003,Castanha do Pará coberta com chocolate 5,0050302002,Amêndoa de Cacau Torrada - Sakaguchi(PA),0.010842,KG
03404003,Castanha do Pará coberta com chocolate 5,0050303003,Nibs de Cacau - Sakaguchi(PA),0.009856,KG
03404003,Castanha do Pará coberta com chocolate 5,0050304004,Liquor de Cacau - Sakaguchi (PA),0.009856,KG
03404003,Castanha do Pará coberta com chocolate 5,0140106004,Açúcar Demerara,0.004928,KG
03404003,Castanha do Pará coberta com chocolate 5,9990307005,Manteiga de Cacau Yanomami terc,0.0023,KG
03404003,Castanha do Pará coberta com chocolate 5,0050305009,Massa de Chocolate - Chocolate 60% - Sak,0.016427,KG
03404003,Castanha do Pará coberta com chocolate 5,0110109014,Castanha do Pará - Acará-Açu (PA),0.030801,KG
03404003,Castanha do Pará coberta com chocolate 5,9990111001,Flor de Sal,0.002772,KG
03404003,Castanha do Pará coberta com chocolate 5,0050309001,Castanha do Pará banhada com chocolate,0.05,KG
03404003,Castanha do Pará coberta com chocolate 5,0190214023,Cartão Surpresa MINI - Prima Stampa,1,UN
03404003,Castanha do Pará coberta com chocolate 5,0360213003,EMBALAGEM CASTANHAS DO PARA COBERTA COM,1,UN
03404003,Castanha do Pará coberta com chocolate 5,9970212003,ETIQ ADESIVA | PAPEL COUCHE A20-C | 30X3,1,UN
03404003,Castanha do Pará coberta com chocolate 5,9970212004,ETIQ PIMACO A4348 LASER 100F 9600UND,1,UN
03404003,Castanha do Pará coberta com chocolate 5,9990115001,SAQUINHO BIODEGRADAVEL COMPOSTAVEL,0.00166,KG
03404003,Castanha do Pará coberta com chocolate 5,9990712002,ETIQUETA PARA QR CODE 40x40mm,1,UN
03404003,Castanha do Pará coberta com chocolate 5,0070301006,Amêndoa de Cacau Seca Aprovada - Yanomam,0.002728,KG
03404005,Castanha do Pará com chocolate Granel,0050301007,Amêndoa de Cacau Seca Aprovada - Sakaguc,0.216838,KG
03404005,Castanha do Pará com chocolate Granel,0050302002,Amêndoa de Cacau Torrada - Sakaguchi(PA),0.216838,KG
03404005,Castanha do Pará com chocolate Granel,0050303003,Nibs de Cacau - Sakaguchi(PA),0.197125,KG
03404005,Castanha do Pará com chocolate Granel,0050304004,Liquor de Cacau - Sakaguchi (PA),0.197125,KG
03404005,Castanha do Pará com chocolate Granel,0140106004,Açúcar Demerara,0.098563,KG
03404005,Castanha do Pará com chocolate Granel,9990307005,Manteiga de Cacau Yanomami terc,0.045996,KG
03404005,Castanha do Pará com chocolate Granel,0050305009,Massa de Chocolate - Chocolate 60% - Sak,0.328542,KG
03404005,Castanha do Pará com chocolate Granel,0110109014,Castanha do Pará - Acará-Açu (PA),0.616016,KG
03404005,Castanha do Pará com chocolate Granel,9990111001,Flor de Sal,0.055441,KG
03404005,Castanha do Pará com chocolate Granel,0050309001,Castanha do Pará banhada com chocolate,1,KG
03404005,Castanha do Pará com chocolate Granel,9990115001,SAQUINHO BIODEGRADAVEL COMPOSTAVEL,0.00664,KG
03404005,Castanha do Pará com chocolate Granel,0070301006,Amêndoa de Cacau Seca Aprovada - Yanomam,0.054561,KG
03404008,Kit Yanomami + Biscoito 50g,0050301007,Amêndoa de Cacau Seca Aprovada - Sakaguc,0.015412,KG
03404008,Kit Yanomami + Biscoito 50g,0050302002,Amêndoa de Cacau Torrada - Sakaguchi(PA),0.015412,KG
03404008,Kit Yanomami + Biscoito 50g,0050303003,Nibs de Cacau - Sakaguchi(PA),0.014011,KG
03404008,Kit Yanomami + Biscoito 50g,0050304004,Liquor de Cacau - Sakaguchi (PA),0.014011,KG
03404008,Kit Yanomami + Biscoito 50g,0140106004,Açúcar Demerara,0.007006,KG
03404008,Kit Yanomami + Biscoito 50g,9990307005,Manteiga de Cacau Yanomami terc,0.003269,KG
03404008,Kit Yanomami + Biscoito 50g,0050108008,Biscoito de castanha do Pará,0.026548,KG
03404008,Kit Yanomami + Biscoito 50g,0050111002,Aromatizante Puxuri,1e-05,KG
03404008,Kit Yanomami + Biscoito 50g,0050305009,Massa de Chocolate - Chocolate 60% - Sak,0.023352,KG
03404008,Kit Yanomami + Biscoito 50g,9990111001,Flor de Sal,9e-05,KG
03404008,Kit Yanomami + Biscoito 50g,0050308011,Biscoito de castanha do Pará banhado com,0.05,KG
03404008,Kit Yanomami + Biscoito 50g,0190214023,Cartão Surpresa MINI - Prima Stampa,1,UN
03404008,Kit Yanomami + Biscoito 50g,0360213001,EMBALAGEM BISCOITO DE CASTANHA DO PARA c,1,UN
03404008,Kit Yanomami + Biscoito 50g,9970212003,ETIQ ADESIVA | PAPEL COUCHE A20-C | 30X3,1,UN
03404008,Kit Yanomami + Biscoito 50g,9970212004,ETIQ PIMACO A4348 LASER 100F 9600UND,1,UN
03404008,Kit Yanomami + Biscoito 50g,9990115001,SAQUINHO BIODEGRADAVEL COMPOSTAVEL,0.00166,KG
03404008,Kit Yanomami + Biscoito 50g,9990712002,ETIQUETA PARA QR CODE 40x40mm,1,UN
03404008,Kit Yanomami + Biscoito 50g,0070301006,Amêndoa de Cacau Seca Aprovada - Yanomam,0.03795,KG
03404008,Kit Yanomami + Biscoito 50g,0070302002,Amêndoa de Cacau Torrada - Yanomami (RR),0.03795,KG
03404008,Kit Yanomami + Biscoito 50g,0070303003,Nibs de Cacau - Yanomami (RR),0.0345,KG
03404008,Kit Yanomami + Biscoito 50g,0070304004,Liquor de Cacau - Yanomami (RR),0.0345,KG
03404008,Kit Yanomami + Biscoito 50g,0140106004,Açúcar Demerara,0.015,KG
03404008,Kit Yanomami + Biscoito 50g,9990107001,MANTEIGA DE CACAU desodorizada,0.0005,KG
03404008,Kit Yanomami + Biscoito 50g,0070305005,Massa de Chocolate - Chocolate - Yanomam,0.05,KG
03404008,Kit Yanomami + Biscoito 50g,0190213003,Embalagem - Barra de Chocolate - Yanomam,1,UN
03404008,Kit Yanomami + Biscoito 50g,0190214016,Cartão Surpresa - Prima Stampa,1,UN
03404008,Kit Yanomami + Biscoito 50g,0200216011,"Papel Chumbo - Cromus - 43,5cm x 59cm",0.16,UN
03404008,Kit Yanomami + Biscoito 50g,9970212003,ETIQ ADESIVA | PAPEL COUCHE A20-C | 30X3,1,UN
03404008,Kit Yanomami + Biscoito 50g,9970212004,ETIQ PIMACO A4348 LASER 100F 9600UND,1,UN
03404008,Kit Yanomami + Biscoito 50g,9990712002,ETIQUETA PARA QR CODE 40x40mm,1,UN
03404008,Kit Yanomami + Biscoito 50g,00504012,Biscoito de castanha do Pará com chocola,1,UN
03404008,Kit Yanomami + Biscoito 50g,00704009,Yanomami-Ye&apos;kwana - Chocolate 69% C,1,UN
03404008,Kit Yanomami + Biscoito 50g,0070301006,Amêndoa de Cacau Seca Aprovada - Yanomam,0.003878,KG
03404010,Kit Yanomami + Sakaguchi 78,0050301007,Amêndoa de Cacau Seca Aprovada - Sakaguc,0.0429,KG
03404010,Kit Yanomami + Sakaguchi 78,0050302002,Amêndoa de Cacau Torrada - Sakaguchi(PA),0.0429,KG
03404010,Kit Yanomami + Sakaguchi 78,0050303003,Nibs de Cacau - Sakaguchi(PA),0.039,KG
03404010,Kit Yanomami + Sakaguchi 78,0050304004,Liquor de Cacau - Sakaguchi (PA),0.039,KG
03404010,Kit Yanomami + Sakaguchi 78,0140106004,Açúcar Demerara,0.01,KG
03404010,Kit Yanomami + Sakaguchi 78,9990107001,MANTEIGA DE CACAU desodorizada,0.0001,KG
03404010,Kit Yanomami + Sakaguchi 78,0050305005,Massa de Chocolate - Chocolate - Sakaguc,0.05,KG
03404010,Kit Yanomami + Sakaguchi 78,0190213004,Embalagem - Barra de Chocolate - Sakaguc,1,UN
03404010,Kit Yanomami + Sakaguchi 78,0190214016,Cartão Surpresa - Prima Stampa,1,UN
03404010,Kit Yanomami + Sakaguchi 78,0200216011,"Papel Chumbo - Cromus - 43,5cm x 59cm",0.16,UN
03404010,Kit Yanomami + Sakaguchi 78,9970212003,ETIQ ADESIVA | PAPEL COUCHE A20-C | 30X3,1,UN
03404010,Kit Yanomami + Sakaguchi 78,9970212004,ETIQ PIMACO A4348 LASER 100F 9600UND,1,UN
03404010,Kit Yanomami + Sakaguchi 78,9990307005,Manteiga de Cacau Yanomami terc,0.002,KG
03404010,Kit Yanomami + Sakaguchi 78,9990712002,ETIQUETA PARA QR CODE 40x40mm,1,UN
03404010,Kit Yanomami + Sakaguchi 78,0070301006,Amêndoa de Cacau Seca Aprovada - Yanomam,0.03795,KG
03404010,Kit Yanomami + Sakaguchi 78,0070302002,Amêndoa de Cacau Torrada - Yanomami (RR),0.03795,KG
03404010,Kit Yanomami + Sakaguchi 78,0070303003,Nibs de Cacau - Yanomami (RR),0.0345,KG
03404010,Kit Yanomami + Sakaguchi 78,0070304004,Liquor de Cacau - Yanomami (RR),0.0345,KG
03404010,Kit Yanomami + Sakaguchi 78,0140106004,Açúcar Demerara,0.015,KG
03404010,Kit Yanomami + Sakaguchi 78,9990107001,MANTEIGA DE CACAU desodorizada,0.0005,KG
03404010,Kit Yanomami + Sakaguchi 78,0070305005,Massa de Chocolate - Chocolate - Yanomam,0.05,KG
03404010,Kit Yanomami + Sakaguchi 78,0190213003,Embalagem - Barra de Chocolate - Yanomam,1,UN
03404010,Kit Yanomami + Sakaguchi 78,0190214016,Cartão Surpresa - Prima Stampa,1,UN
03404010,Kit Yanomami + Sakaguchi 78,0200216011,"Papel Chumbo - Cromus - 43,5cm x 59cm",0.16,UN
03404010,Kit Yanomami + Sakaguchi 78,9970212003,ETIQ ADESIVA | PAPEL COUCHE A20-C | 30X3,1,UN
03404010,Kit Yanomami + Sakaguchi 78,9970212004,ETIQ PIMACO A4348 LASER 100F 9600UND,1,UN
03404010,Kit Yanomami + Sakaguchi 78,9990712002,ETIQUETA PARA QR CODE 40x40mm,1,UN
03404010,Kit Yanomami + Sakaguchi 78,00504009,Sakaguchi - Chocolate 78% Cacau - 50g,1,UN
03404010,Kit Yanomami + Sakaguchi 78,00704009,Yanomami-Ye&apos;kwana - Chocolate 69% C,1,UN
03404010,Kit Yanomami + Sakaguchi 78,0070301006,Amêndoa de Cacau Seca Aprovada - Yanomam,0.002372,KG
03504001,Kit 1 - Leveza Nativa,0020301006,Amêndoa de Cacau Seca Aprovada - Mocajub,0.0407,KG
03504001,Kit 1 - Leveza Nativa,0020302002,Amêndoa de Cacau Torrada - Mocajuba (PA),0.0407,KG
03504001,Kit 1 - Leveza Nativa,0020303003,Nibs de Cacau - Mocajuba (PA),0.037,KG
03504001,Kit 1 - Leveza Nativa,0020304004,Liquor de Cacau - Mocajuba (PA),0.037,KG
03504001,Kit 1 - Leveza Nativa,0140106004,Açúcar Demerara,0.013,KG
03504001,Kit 1 - Leveza Nativa,0020305005,Massa de Chocolate - Chocolate - Mocajub,0.05,KG
03504001,Kit 1 - Leveza Nativa,0190213002,Embalagem - Barra de Chocolate - Mocajub,1,UN
03504001,Kit 1 - Leveza Nativa,0190214016,Cartão Surpresa - Prima Stampa,1,UN
03504001,Kit 1 - Leveza Nativa,0200216011,"Papel Chumbo - Cromus - 43,5cm x 59cm",0.16,UN
03504001,Kit 1 - Leveza Nativa,9970212003,ETIQ ADESIVA | PAPEL COUCHE A20-C | 30X3,1,UN
03504001,Kit 1 - Leveza Nativa,9970212004,ETIQ PIMACO A4348 LASER 100F 9600UND,1,UN
03504001,Kit 1 - Leveza Nativa,9990712002,ETIQUETA PARA QR CODE 40x40mm,1,UN
03504001,Kit 1 - Leveza Nativa,0040304005,Liquor de Cacau - Vale do Jarí (PA/AP),0.0325,KG
03504001,Kit 1 - Leveza Nativa,0140106004,Açúcar Demerara,0.0175,KG
03504001,Kit 1 - Leveza Nativa,0040301006,Amêndoa de Cacau Seca Aprovada - Vale do,0.03575,KG
03504001,Kit 1 - Leveza Nativa,0040302002,Amêndoa de Cacau Torrada - Vale do Jarí,0.03575,KG
03504001,Kit 1 - Leveza Nativa,0040303003,Nibs de Cacau - Vale do Jarí (PA/AP),0.0325,KG
03504001,Kit 1 - Leveza Nativa,0030305005,Massa de Chocolate - Chocolate - Jarí,0.05,KG
03504001,Kit 1 - Leveza Nativa,0190213006,Embalagem - Barra de Chocolate - Vale do,1,UN
03504001,Kit 1 - Leveza Nativa,0190214016,Cartão Surpresa - Prima Stampa,1,UN
03504001,Kit 1 - Leveza Nativa,0200216011,"Papel Chumbo - Cromus - 43,5cm x 59cm",0.16,UN
03504001,Kit 1 - Leveza Nativa,9970212003,ETIQ ADESIVA | PAPEL COUCHE A20-C | 30X3,1,UN
03504001,Kit 1 - Leveza Nativa,9970212004,ETIQ PIMACO A4348 LASER 100F 9600UND,1,UN
03504001,Kit 1 - Leveza Nativa,9990712002,ETIQUETA PARA QR CODE 40x40mm,1,UN
03504001,Kit 1 - Leveza Nativa,0050301007,Amêndoa de Cacau Seca Aprovada - Sakaguc,0.022,KG
03504001,Kit 1 - Leveza Nativa,0050302002,Amêndoa de Cacau Torrada - Sakaguchi(PA),0.022,KG
03504001,Kit 1 - Leveza Nativa,0050303003,Nibs de Cacau - Sakaguchi(PA),0.02,KG
03504001,Kit 1 - Leveza Nativa,0120305005,Massa de Chocolate - Chocolate - Mulhere,0.05,KG
03504001,Kit 1 - Leveza Nativa,0190213013,Embalagem - Barra de Chocolate - Mulhere,1,UN
03504001,Kit 1 - Leveza Nativa,0190214016,Cartão Surpresa - Prima Stampa,1,UN
03504001,Kit 1 - Leveza Nativa,0200216011,"Papel Chumbo - Cromus - 43,5cm x 59cm",0.16,UN
03504001,Kit 1 - Leveza Nativa,9970212003,ETIQ ADESIVA | PAPEL COUCHE A20-C | 30X3,1,UN
03504001,Kit 1 - Leveza Nativa,9970212004,ETIQ PIMACO A4348 LASER 100F 9600UND,1,UN
03504001,Kit 1 - Leveza Nativa,9990712002,ETIQUETA PARA QR CODE 40x40mm,1,UN
03504001,Kit 1 - Leveza Nativa,0050111003,Semente de Cumaru,0,KG
03504001,Kit 1 - Leveza Nativa,0050304004,Liquor de Cacau - Sakaguchi (PA),0.02,KG
03504001,Kit 1 - Leveza Nativa,0140106004,Açúcar Demerara,0.0185,KG
03504001,Kit 1 - Leveza Nativa,0140106802,AÇÚCAR DEMERARA orgânico,0.0185,KG
03504001,Kit 1 - Leveza Nativa,03001001,Leite em Pó integral,0.0035,KG
03504001,Kit 1 - Leveza Nativa,9990107001,MANTEIGA DE CACAU desodorizada,0.008,KG
03504001,Kit 1 - Leveza Nativa,9990307005,Manteiga de Cacau Yanomami terc,0.008,KG
03504001,Kit 1 - Leveza Nativa,0190213012,Embalagem - Barra de Chocolate - Sakaguc,1,UN
03504001,Kit 1 - Leveza Nativa,0190214016,Cartão Surpresa - Prima Stampa,1,UN
03504001,Kit 1 - Leveza Nativa,0200216011,"Papel Chumbo - Cromus - 43,5cm x 59cm",0.16,UN
03504001,Kit 1 - Leveza Nativa,0320305032,Massa de Chocolate - Chocolate - Sakaguc,0.05,KG
03504001,Kit 1 - Leveza Nativa,9970212003,ETIQ ADESIVA | PAPEL COUCHE A20-C | 30X3,1,UN
03504001,Kit 1 - Leveza Nativa,9970212004,ETIQ PIMACO A4348 LASER 100F 9600UND,1,UN
03504001,Kit 1 - Leveza Nativa,9990107002,MANTEIGA DE CACAU IBC ORGÂNICA,0.008,KG
03504001,Kit 1 - Leveza Nativa,9990712002,ETIQUETA PARA QR CODE 40x40mm,1,UN
03504001,Kit 1 - Leveza Nativa,00204009,Mocajuba - Chocolate 74% Cacau - 50g,1,UN
03504001,Kit 1 - Leveza Nativa,00404009,Vale do Jarí - Chocolate 65% Cacau - 50g,1,UN
03504001,Kit 1 - Leveza Nativa,01204009,Mulheres da Floresta - Chocolate 72% Cac,1,UN
03504001,Kit 1 - Leveza Nativa,01902022,Embalagem estojo para Kits,1,UN
03504001,Kit 1 - Leveza Nativa,03204009,Sakaguchi ao Leite - Chocolate 47% Cacau,1,UN
03504001,Kit 1 - Leveza Nativa,0070301006,Amêndoa de Cacau Seca Aprovada - Yanomam,0.00949,KG
03504002,Kit 2 - Poder da Floresta,0010301006,Amêndoa de Cacau Seca Aprovada - Xiba,0.028958,KG
03504002,Kit 2 - Poder da Floresta,0010302002,Amêndoa de Cacau Torrada - Xiba,0.04455,KG
03504002,Kit 2 - Poder da Floresta,0010303003,Nibs de Cacau - Xiba,0.0405,KG
03504002,Kit 2 - Poder da Floresta,0010304004,Liquor de Cacau - Xiba,0.0405,KG
03504002,Kit 2 - Poder da Floresta,0140106004,Açúcar Demerara,0.0095,KG
03504002,Kit 2 - Poder da Floresta,0010305005,Massa de Chocolate - Chocolate - Xiba,0.05,KG
03504002,Kit 2 - Poder da Floresta,0190213001,Embalagem - Barra de Chocolate - Xiba -,1,UN
03504002,Kit 2 - Poder da Floresta,0190214016,Cartão Surpresa - Prima Stampa,1,UN
03504002,Kit 2 - Poder da Floresta,0200216011,"Papel Chumbo - Cromus - 43,5cm x 59cm",0.16,UN
03504002,Kit 2 - Poder da Floresta,9970212003,ETIQ ADESIVA | PAPEL COUCHE A20-C | 30X3,1,UN
03504002,Kit 2 - Poder da Floresta,9970212004,ETIQ PIMACO A4348 LASER 100F 9600UND,1,UN
03504002,Kit 2 - Poder da Floresta,9990307005,Manteiga de Cacau Yanomami terc,0.002,KG
03504002,Kit 2 - Poder da Floresta,9990712002,ETIQUETA PARA QR CODE 40x40mm,1,UN
03504002,Kit 2 - Poder da Floresta,0040304005,Liquor de Cacau - Vale do Jarí (PA/AP),0.0325,KG
03504002,Kit 2 - Poder da Floresta,0140106004,Açúcar Demerara,0.0175,KG
03504002,Kit 2 - Poder da Floresta,0040301006,Amêndoa de Cacau Seca Aprovada - Vale do,0.03575,KG
03504002,Kit 2 - Poder da Floresta,0040302002,Amêndoa de Cacau Torrada - Vale do Jarí,0.03575,KG
03504002,Kit 2 - Poder da Floresta,0040303003,Nibs de Cacau - Vale do Jarí (PA/AP),0.0325,KG
03504002,Kit 2 - Poder da Floresta,0030305005,Massa de Chocolate - Chocolate - Jarí,0.05,KG
03504002,Kit 2 - Poder da Floresta,0190213006,Embalagem - Barra de Chocolate - Vale do,1,UN
03504002,Kit 2 - Poder da Floresta,0190214016,Cartão Surpresa - Prima Stampa,1,UN
03504002,Kit 2 - Poder da Floresta,0200216011,"Papel Chumbo - Cromus - 43,5cm x 59cm",0.16,UN
03504002,Kit 2 - Poder da Floresta,9970212003,ETIQ ADESIVA | PAPEL COUCHE A20-C | 30X3,1,UN
03504002,Kit 2 - Poder da Floresta,9970212004,ETIQ PIMACO A4348 LASER 100F 9600UND,1,UN
03504002,Kit 2 - Poder da Floresta,9990712002,ETIQUETA PARA QR CODE 40x40mm,1,UN
03504002,Kit 2 - Poder da Floresta,0050301007,Amêndoa de Cacau Seca Aprovada - Sakaguc,0.0429,KG
03504002,Kit 2 - Poder da Floresta,0050302002,Amêndoa de Cacau Torrada - Sakaguchi(PA),0.0429,KG
03504002,Kit 2 - Poder da Floresta,0050303003,Nibs de Cacau - Sakaguchi(PA),0.039,KG
03504002,Kit 2 - Poder da Floresta,0050304004,Liquor de Cacau - Sakaguchi (PA),0.039,KG
03504002,Kit 2 - Poder da Floresta,0140106004,Açúcar Demerara,0.01,KG
03504002,Kit 2 - Poder da Floresta,9990107001,MANTEIGA DE CACAU desodorizada,0.0001,KG
03504002,Kit 2 - Poder da Floresta,0050305005,Massa de Chocolate - Chocolate - Sakaguc,0.05,KG
03504002,Kit 2 - Poder da Floresta,0190213004,Embalagem - Barra de Chocolate - Sakaguc,1,UN
03504002,Kit 2 - Poder da Floresta,0190214016,Cartão Surpresa - Prima Stampa,1,UN
03504002,Kit 2 - Poder da Floresta,0200216011,"Papel Chumbo - Cromus - 43,5cm x 59cm",0.16,UN
03504002,Kit 2 - Poder da Floresta,9970212003,ETIQ ADESIVA | PAPEL COUCHE A20-C | 30X3,1,UN
03504002,Kit 2 - Poder da Floresta,9970212004,ETIQ PIMACO A4348 LASER 100F 9600UND,1,UN
03504002,Kit 2 - Poder da Floresta,9990307005,Manteiga de Cacau Yanomami terc,0.002,KG
03504002,Kit 2 - Poder da Floresta,9990712002,ETIQUETA PARA QR CODE 40x40mm,1,UN
03504002,Kit 2 - Poder da Floresta,0110301006,Amêndoa de Cacau Seca Aprovada -  Acará-,0.04125,KG
03504002,Kit 2 - Poder da Floresta,0110302002,Amêndoa de Cacau Torrada -  Acará-Açu (P,0.04125,KG
03504002,Kit 2 - Poder da Floresta,0110303003,Nibs de Cacau - Acará-Açu (PA),0.0375,KG
03504002,Kit 2 - Poder da Floresta,0140106004,Açúcar Demerara,0.0125,KG
03504002,Kit 2 - Poder da Floresta,0110305005,Massa de Chocolate - Chocolate - Acará-A,0.05,KG
03504002,Kit 2 - Poder da Floresta,0190213014,Embalagem - Barra de Chocolate - Acará A,1,UN
03504002,Kit 2 - Poder da Floresta,0190214016,Cartão Surpresa - Prima Stampa,1,UN
03504002,Kit 2 - Poder da Floresta,0200216011,"Papel Chumbo - Cromus - 43,5cm x 59cm",0.16,UN
03504002,Kit 2 - Poder da Floresta,9970212003,ETIQ ADESIVA | PAPEL COUCHE A20-C | 30X3,1,UN
03504002,Kit 2 - Poder da Floresta,9970212004,ETIQ PIMACO A4348 LASER 100F 9600UND,1,UN
03504002,Kit 2 - Poder da Floresta,9990307005,Manteiga de Cacau Yanomami terc,0.002,KG
03504002,Kit 2 - Poder da Floresta,9990712002,ETIQUETA PARA QR CODE 40x40mm,1,UN
03504002,Kit 2 - Poder da Floresta,00104009,Xiba - Chocolate 81% Cacau - 50g,1,UN
03504002,Kit 2 - Poder da Floresta,00404009,Vale do Jarí - Chocolate 65% Cacau - 50g,1,UN
03504002,Kit 2 - Poder da Floresta,00504009,Sakaguchi - Chocolate 78% Cacau - 50g,1,UN
03504002,Kit 2 - Poder da Floresta,01104009,Acará-Açu - Chocolate 75% Cacau 50g,1,UN
03504002,Kit 2 - Poder da Floresta,01902022,Embalagem estojo para Kits,1,UN
03504002,Kit 2 - Poder da Floresta,0070301006,Amêndoa de Cacau Seca Aprovada - Yanomam,0.007116,KG
03504003,Kit 3 - Guardiões da Amazônia,0040304005,Liquor de Cacau - Vale do Jarí (PA/AP),0.0325,KG
03504003,Kit 3 - Guardiões da Amazônia,0140106004,Açúcar Demerara,0.0175,KG
03504003,Kit 3 - Guardiões da Amazônia,0040301006,Amêndoa de Cacau Seca Aprovada - Vale do,0.03575,KG
03504003,Kit 3 - Guardiões da Amazônia,0040302002,Amêndoa de Cacau Torrada - Vale do Jarí,0.03575,KG
03504003,Kit 3 - Guardiões da Amazônia,0040303003,Nibs de Cacau - Vale do Jarí (PA/AP),0.0325,KG
03504003,Kit 3 - Guardiões da Amazônia,0030305005,Massa de Chocolate - Chocolate - Jarí,0.05,KG
03504003,Kit 3 - Guardiões da Amazônia,0190213006,Embalagem - Barra de Chocolate - Vale do,1,UN
03504003,Kit 3 - Guardiões da Amazônia,0190214016,Cartão Surpresa - Prima Stampa,1,UN
03504003,Kit 3 - Guardiões da Amazônia,0200216011,"Papel Chumbo - Cromus - 43,5cm x 59cm",0.16,UN
03504003,Kit 3 - Guardiões da Amazônia,9970212003,ETIQ ADESIVA | PAPEL COUCHE A20-C | 30X3,1,UN
03504003,Kit 3 - Guardiões da Amazônia,9970212004,ETIQ PIMACO A4348 LASER 100F 9600UND,1,UN
03504003,Kit 3 - Guardiões da Amazônia,9990712002,ETIQUETA PARA QR CODE 40x40mm,1,UN
03504003,Kit 3 - Guardiões da Amazônia,0050301007,Amêndoa de Cacau Seca Aprovada - Sakaguc,0.022,KG
03504003,Kit 3 - Guardiões da Amazônia,0050302002,Amêndoa de Cacau Torrada - Sakaguchi(PA),0.022,KG
03504003,Kit 3 - Guardiões da Amazônia,0050303003,Nibs de Cacau - Sakaguchi(PA),0.062033,KG
03504003,Kit 3 - Guardiões da Amazônia,0050304004,Liquor de Cacau - Sakaguchi (PA),0.042033,KG
03504003,Kit 3 - Guardiões da Amazônia,0140106004,Açúcar Demerara,0.021017,KG
03504003,Kit 3 - Guardiões da Amazônia,9990307005,Manteiga de Cacau Yanomami terc,0.009808,KG
03504003,Kit 3 - Guardiões da Amazônia,0050108008,Biscoito de castanha do Pará,0.079645,KG
03504003,Kit 3 - Guardiões da Amazônia,0050111002,Aromatizante Puxuri,3e-05,KG
03504003,Kit 3 - Guardiões da Amazônia,0050305009,Massa de Chocolate - Chocolate 60% - Sak,0.070055,KG
03504003,Kit 3 - Guardiões da Amazônia,9990111001,Flor de Sal,0.00027,KG
03504003,Kit 3 - Guardiões da Amazônia,0050308011,Biscoito de castanha do Pará banhado com,0.15,KG
03504003,Kit 3 - Guardiões da Amazônia,0190212021,Selo para Embalagem Prisma,2,UN
03504003,Kit 3 - Guardiões da Amazônia,0190213018,Embalagem Prisma - Biscoito de Castanha,1,UN
03504003,Kit 3 - Guardiões da Amazônia,0190214023,Cartão Surpresa MINI - Prima Stampa,1,UN
03504003,Kit 3 - Guardiões da Amazônia,9970212003,ETIQ ADESIVA | PAPEL COUCHE A20-C | 30X3,1,UN
03504003,Kit 3 - Guardiões da Amazônia,9970212004,ETIQ PIMACO A4348 LASER 100F 9600UND,1,UN
03504003,Kit 3 - Guardiões da Amazônia,9990115001,SAQUINHO BIODEGRADAVEL COMPOSTAVEL,0.0033,KG
03504003,Kit 3 - Guardiões da Amazônia,9990712002,ETIQUETA PARA QR CODE 40x40mm,1,UN
03504003,Kit 3 - Guardiões da Amazônia,0080301006,Amêndoa de Cupuaçu Aprovada - Santa Bárb,0.0319,KG
03504003,Kit 3 - Guardiões da Amazônia,0080302002,Amêndoa de Cupuaçu Torrada - Santa Bárba,0.0319,KG
03504003,Kit 3 - Guardiões da Amazônia,0080303003,Nibs de Cupuaçu - Santa Bárbara (PA),0.029,KG
03504003,Kit 3 - Guardiões da Amazônia,0080304008,Liquor de Cupuaçu - Santa Bárbara (PA),0.029,KG
03504003,Kit 3 - Guardiões da Amazônia,0140106004,Açúcar Demerara,0.0125,KG
03504003,Kit 3 - Guardiões da Amazônia,9990107001,MANTEIGA DE CACAU desodorizada,0.0085,KG
03504003,Kit 3 - Guardiões da Amazônia,0080305004,Massa de  Cupuaçu - Santa Bárbara (PA),0.05,KG
03504003,Kit 3 - Guardiões da Amazônia,0190213007,Embalagem - Barra de Cupulate - Kunkuni,1,UN
03504003,Kit 3 - Guardiões da Amazônia,0190214016,Cartão Surpresa - Prima Stampa,1,UN
03504003,Kit 3 - Guardiões da Amazônia,0200216011,"Papel Chumbo - Cromus - 43,5cm x 59cm",0.16,UN
03504003,Kit 3 - Guardiões da Amazônia,9970212003,ETIQ ADESIVA | PAPEL COUCHE A20-C | 30X3,1,UN
03504003,Kit 3 - Guardiões da Amazônia,9970212004,ETIQ PIMACO A4348 LASER 100F 9600UND,1,UN
03504003,Kit 3 - Guardiões da Amazônia,9990712002,ETIQUETA PARA QR CODE 40x40mm,1,UN
03504003,Kit 3 - Guardiões da Amazônia,0120305005,Massa de Chocolate - Chocolate - Mulhere,0.05,KG
03504003,Kit 3 - Guardiões da Amazônia,0190213013,Embalagem - Barra de Chocolate - Mulhere,1,UN
03504003,Kit 3 - Guardiões da Amazônia,0190214016,Cartão Surpresa - Prima Stampa,1,UN
03504003,Kit 3 - Guardiões da Amazônia,0200216011,"Papel Chumbo - Cromus - 43,5cm x 59cm",0.16,UN
03504003,Kit 3 - Guardiões da Amazônia,9970212003,ETIQ ADESIVA | PAPEL COUCHE A20-C | 30X3,1,UN
03504003,Kit 3 - Guardiões da Amazônia,9970212004,ETIQ PIMACO A4348 LASER 100F 9600UND,1,UN
03504003,Kit 3 - Guardiões da Amazônia,9990712002,ETIQUETA PARA QR CODE 40x40mm,1,UN
03504003,Kit 3 - Guardiões da Amazônia,0050111003,Semente de Cumaru,0,KG
03504003,Kit 3 - Guardiões da Amazônia,0050304004,Liquor de Cacau - Sakaguchi (PA),0.02,KG
03504003,Kit 3 - Guardiões da Amazônia,0140106004,Açúcar Demerara,0.0185,KG
03504003,Kit 3 - Guardiões da Amazônia,0140106802,AÇÚCAR DEMERARA orgânico,0.0185,KG
03504003,Kit 3 - Guardiões da Amazônia,03001001,Leite em Pó integral,0.0035,KG
03504003,Kit 3 - Guardiões da Amazônia,9990107001,MANTEIGA DE CACAU desodorizada,0.008,KG
03504003,Kit 3 - Guardiões da Amazônia,9990307005,Manteiga de Cacau Yanomami terc,0.008,KG
03504003,Kit 3 - Guardiões da Amazônia,0190213012,Embalagem - Barra de Chocolate - Sakaguc,1,UN
03504003,Kit 3 - Guardiões da Amazônia,0190214016,Cartão Surpresa - Prima Stampa,1,UN
03504003,Kit 3 - Guardiões da Amazônia,0200216011,"Papel Chumbo - Cromus - 43,5cm x 59cm",0.16,UN
03504003,Kit 3 - Guardiões da Amazônia,0320305032,Massa de Chocolate - Chocolate - Sakaguc,0.05,KG
03504003,Kit 3 - Guardiões da Amazônia,9970212003,ETIQ ADESIVA | PAPEL COUCHE A20-C | 30X3,1,UN
03504003,Kit 3 - Guardiões da Amazônia,9970212004,ETIQ PIMACO A4348 LASER 100F 9600UND,1,UN
03504003,Kit 3 - Guardiões da Amazônia,9990107002,MANTEIGA DE CACAU IBC ORGÂNICA,0.008,KG
03504003,Kit 3 - Guardiões da Amazônia,9990712002,ETIQUETA PARA QR CODE 40x40mm,1,UN
03504003,Kit 3 - Guardiões da Amazônia,00404009,Vale do Jarí - Chocolate 65% Cacau - 50g,1,UN
03504003,Kit 3 - Guardiões da Amazônia,00504011,Biscoito de castanha do Pará com chocola,1,UN
03504003,Kit 3 - Guardiões da Amazônia,00804010,Kunkuni - Cupulate 70% Cupuaçi - 50g,1,UN
03504003,Kit 3 - Guardiões da Amazônia,01204009,Mulheres da Floresta - Chocolate 72% Cac,1,UN
03504003,Kit 3 - Guardiões da Amazônia,01902025,Embalagem Sacola para Kits,1,UN
03504003,Kit 3 - Guardiões da Amazônia,03204009,Sakaguchi ao Leite - Chocolate 47% Cacau,1,UN
03504003,Kit 3 - Guardiões da Amazônia,0070301006,Amêndoa de Cacau Seca Aprovada - Yanomam,0.021124,KG
03504004,Kit 4 - Expedição pela Amazônia,0010301006,Amêndoa de Cacau Seca Aprovada - Xiba,0.028958,KG
03504004,Kit 4 - Expedição pela Amazônia,0010302002,Amêndoa de Cacau Torrada - Xiba,0.04455,KG
03504004,Kit 4 - Expedição pela Amazônia,0010303003,Nibs de Cacau - Xiba,0.0405,KG
03504004,Kit 4 - Expedição pela Amazônia,0010304004,Liquor de Cacau - Xiba,0.0405,KG
03504004,Kit 4 - Expedição pela Amazônia,0140106004,Açúcar Demerara,0.0095,KG
03504004,Kit 4 - Expedição pela Amazônia,0010305005,Massa de Chocolate - Chocolate - Xiba,0.05,KG
03504004,Kit 4 - Expedição pela Amazônia,0190213001,Embalagem - Barra de Chocolate - Xiba -,1,UN
03504004,Kit 4 - Expedição pela Amazônia,0190214016,Cartão Surpresa - Prima Stampa,1,UN
03504004,Kit 4 - Expedição pela Amazônia,0200216011,"Papel Chumbo - Cromus - 43,5cm x 59cm",0.16,UN
03504004,Kit 4 - Expedição pela Amazônia,9970212003,ETIQ ADESIVA | PAPEL COUCHE A20-C | 30X3,1,UN
03504004,Kit 4 - Expedição pela Amazônia,9970212004,ETIQ PIMACO A4348 LASER 100F 9600UND,1,UN
03504004,Kit 4 - Expedição pela Amazônia,9990307005,Manteiga de Cacau Yanomami terc,0.002,KG
03504004,Kit 4 - Expedição pela Amazônia,9990712002,ETIQUETA PARA QR CODE 40x40mm,1,UN
03504004,Kit 4 - Expedição pela Amazônia,0020301006,Amêndoa de Cacau Seca Aprovada - Mocajub,0.0407,KG
03504004,Kit 4 - Expedição pela Amazônia,0020302002,Amêndoa de Cacau Torrada - Mocajuba (PA),0.0407,KG
03504004,Kit 4 - Expedição pela Amazônia,0020303003,Nibs de Cacau - Mocajuba (PA),0.037,KG
03504004,Kit 4 - Expedição pela Amazônia,0020304004,Liquor de Cacau - Mocajuba (PA),0.037,KG
03504004,Kit 4 - Expedição pela Amazônia,0140106004,Açúcar Demerara,0.013,KG
03504004,Kit 4 - Expedição pela Amazônia,0020305005,Massa de Chocolate - Chocolate - Mocajub,0.05,KG
03504004,Kit 4 - Expedição pela Amazônia,0190213002,Embalagem - Barra de Chocolate - Mocajub,1,UN
03504004,Kit 4 - Expedição pela Amazônia,0190214016,Cartão Surpresa - Prima Stampa,1,UN
03504004,Kit 4 - Expedição pela Amazônia,0200216011,"Papel Chumbo - Cromus - 43,5cm x 59cm",0.16,UN
03504004,Kit 4 - Expedição pela Amazônia,9970212003,ETIQ ADESIVA | PAPEL COUCHE A20-C | 30X3,1,UN
03504004,Kit 4 - Expedição pela Amazônia,9970212004,ETIQ PIMACO A4348 LASER 100F 9600UND,1,UN
03504004,Kit 4 - Expedição pela Amazônia,9990712002,ETIQUETA PARA QR CODE 40x40mm,1,UN
03504004,Kit 4 - Expedição pela Amazônia,0040304005,Liquor de Cacau - Vale do Jarí (PA/AP),0.0325,KG
03504004,Kit 4 - Expedição pela Amazônia,0140106004,Açúcar Demerara,0.0175,KG
03504004,Kit 4 - Expedição pela Amazônia,0040301006,Amêndoa de Cacau Seca Aprovada - Vale do,0.03575,KG
03504004,Kit 4 - Expedição pela Amazônia,0040302002,Amêndoa de Cacau Torrada - Vale do Jarí,0.03575,KG
03504004,Kit 4 - Expedição pela Amazônia,0040303003,Nibs de Cacau - Vale do Jarí (PA/AP),0.0325,KG
03504004,Kit 4 - Expedição pela Amazônia,0030305005,Massa de Chocolate - Chocolate - Jarí,0.05,KG
03504004,Kit 4 - Expedição pela Amazônia,0190213006,Embalagem - Barra de Chocolate - Vale do,1,UN
03504004,Kit 4 - Expedição pela Amazônia,0190214016,Cartão Surpresa - Prima Stampa,1,UN
03504004,Kit 4 - Expedição pela Amazônia,0200216011,"Papel Chumbo - Cromus - 43,5cm x 59cm",0.16,UN
03504004,Kit 4 - Expedição pela Amazônia,9970212003,ETIQ ADESIVA | PAPEL COUCHE A20-C | 30X3,1,UN
03504004,Kit 4 - Expedição pela Amazônia,9970212004,ETIQ PIMACO A4348 LASER 100F 9600UND,1,UN
03504004,Kit 4 - Expedição pela Amazônia,9990712002,ETIQUETA PARA QR CODE 40x40mm,1,UN
03504004,Kit 4 - Expedição pela Amazônia,0050301007,Amêndoa de Cacau Seca Aprovada - Sakaguc,0.075426,KG
03504004,Kit 4 - Expedição pela Amazônia,0050302002,Amêndoa de Cacau Torrada - Sakaguchi(PA),0.075426,KG
03504004,Kit 4 - Expedição pela Amazônia,0050303003,Nibs de Cacau - Sakaguchi(PA),0.068569,KG
03504004,Kit 4 - Expedição pela Amazônia,0050304004,Liquor de Cacau - Sakaguchi (PA),0.039,KG
03504004,Kit 4 - Expedição pela Amazônia,0140106004,Açúcar Demerara,0.01,KG
03504004,Kit 4 - Expedição pela Amazônia,9990107001,MANTEIGA DE CACAU desodorizada,0.0001,KG
03504004,Kit 4 - Expedição pela Amazônia,0050304004,Liquor de Cacau - Sakaguchi (PA),0.029569,KG
03504004,Kit 4 - Expedição pela Amazônia,0140106004,Açúcar Demerara,0.014784,KG
03504004,Kit 4 - Expedição pela Amazônia,9990307005,Manteiga de Cacau Yanomami terc,0.006899,KG
03504004,Kit 4 - Expedição pela Amazônia,0050305009,Massa de Chocolate - Chocolate 60% - Sak,0.049281,KG
03504004,Kit 4 - Expedição pela Amazônia,0110109014,Castanha do Pará - Acará-Açu (PA),0.092402,KG
03504004,Kit 4 - Expedição pela Amazônia,9990111001,Flor de Sal,0.008316,KG
03504004,Kit 4 - Expedição pela Amazônia,0050305005,Massa de Chocolate - Chocolate - Sakaguc,0.05,KG
03504004,Kit 4 - Expedição pela Amazônia,0190213004,Embalagem - Barra de Chocolate - Sakaguc,1,UN
03504004,Kit 4 - Expedição pela Amazônia,0190214016,Cartão Surpresa - Prima Stampa,1,UN
03504004,Kit 4 - Expedição pela Amazônia,0200216011,"Papel Chumbo - Cromus - 43,5cm x 59cm",0.16,UN
03504004,Kit 4 - Expedição pela Amazônia,9970212003,ETIQ ADESIVA | PAPEL COUCHE A20-C | 30X3,1,UN
03504004,Kit 4 - Expedição pela Amazônia,9970212004,ETIQ PIMACO A4348 LASER 100F 9600UND,1,UN
03504004,Kit 4 - Expedição pela Amazônia,9990307005,Manteiga de Cacau Yanomami terc,0.002,KG
03504004,Kit 4 - Expedição pela Amazônia,9990712002,ETIQUETA PARA QR CODE 40x40mm,1,UN
03504004,Kit 4 - Expedição pela Amazônia,0050309001,Castanha do Pará banhada com chocolate,0.15,KG
03504004,Kit 4 - Expedição pela Amazônia,0190212021,Selo para Embalagem Prisma,2,UN
03504004,Kit 4 - Expedição pela Amazônia,0190213020,Embalagem Prisma - Castanha do Pará banh,1,UN
03504004,Kit 4 - Expedição pela Amazônia,0190214023,Cartão Surpresa MINI - Prima Stampa,1,UN
03504004,Kit 4 - Expedição pela Amazônia,9970212003,ETIQ ADESIVA | PAPEL COUCHE A20-C | 30X3,1,UN
03504004,Kit 4 - Expedição pela Amazônia,9970212004,ETIQ PIMACO A4348 LASER 100F 9600UND,1,UN
03504004,Kit 4 - Expedição pela Amazônia,9990115001,SAQUINHO BIODEGRADAVEL COMPOSTAVEL,0.0033,KG
03504004,Kit 4 - Expedição pela Amazônia,9990712002,ETIQUETA PARA QR CODE 40x40mm,1,UN
03504004,Kit 4 - Expedição pela Amazônia,00104009,Xiba - Chocolate 81% Cacau - 50g,1,UN
03504004,Kit 4 - Expedição pela Amazônia,00204009,Mocajuba - Chocolate 74% Cacau - 50g,1,UN
03504004,Kit 4 - Expedição pela Amazônia,00404009,Vale do Jarí - Chocolate 65% Cacau - 50g,1,UN
03504004,Kit 4 - Expedição pela Amazônia,00504009,Sakaguchi - Chocolate 78% Cacau - 50g,1,UN
03504004,Kit 4 - Expedição pela Amazônia,01902025,Embalagem Sacola para Kits,1,UN
03504004,Kit 4 - Expedição pela Amazônia,03404002,Castanha do Pará com cobertura de chocol,1,UN
03504004,Kit 4 - Expedição pela Amazônia,0070301006,Amêndoa de Cacau Seca Aprovada - Yanomam,0.012928,KG
03504005,Kit 5 - Exuberância de Sabores,0010301006,Amêndoa de Cacau Seca Aprovada - Xiba,0.028958,KG
03504005,Kit 5 - Exuberância de Sabores,0010302002,Amêndoa de Cacau Torrada - Xiba,0.04455,KG
03504005,Kit 5 - Exuberância de Sabores,0010303003,Nibs de Cacau - Xiba,0.0405,KG
03504005,Kit 5 - Exuberância de Sabores,0010304004,Liquor de Cacau - Xiba,0.0405,KG
03504005,Kit 5 - Exuberância de Sabores,0140106004,Açúcar Demerara,0.0095,KG
03504005,Kit 5 - Exuberância de Sabores,0010305005,Massa de Chocolate - Chocolate - Xiba,0.05,KG
03504005,Kit 5 - Exuberância de Sabores,0190213001,Embalagem - Barra de Chocolate - Xiba -,1,UN
03504005,Kit 5 - Exuberância de Sabores,0190214016,Cartão Surpresa - Prima Stampa,1,UN
03504005,Kit 5 - Exuberância de Sabores,0200216011,"Papel Chumbo - Cromus - 43,5cm x 59cm",0.16,UN
03504005,Kit 5 - Exuberância de Sabores,9970212003,ETIQ ADESIVA | PAPEL COUCHE A20-C | 30X3,1,UN
03504005,Kit 5 - Exuberância de Sabores,9970212004,ETIQ PIMACO A4348 LASER 100F 9600UND,1,UN
03504005,Kit 5 - Exuberância de Sabores,9990307005,Manteiga de Cacau Yanomami terc,0.002,KG
03504005,Kit 5 - Exuberância de Sabores,9990712002,ETIQUETA PARA QR CODE 40x40mm,1,UN
03504005,Kit 5 - Exuberância de Sabores,0020301006,Amêndoa de Cacau Seca Aprovada - Mocajub,0.0407,KG
03504005,Kit 5 - Exuberância de Sabores,0020302002,Amêndoa de Cacau Torrada - Mocajuba (PA),0.0407,KG
03504005,Kit 5 - Exuberância de Sabores,0020303003,Nibs de Cacau - Mocajuba (PA),0.037,KG
03504005,Kit 5 - Exuberância de Sabores,0020304004,Liquor de Cacau - Mocajuba (PA),0.037,KG
03504005,Kit 5 - Exuberância de Sabores,0140106004,Açúcar Demerara,0.013,KG
03504005,Kit 5 - Exuberância de Sabores,0020305005,Massa de Chocolate - Chocolate - Mocajub,0.05,KG
03504005,Kit 5 - Exuberância de Sabores,0190213002,Embalagem - Barra de Chocolate - Mocajub,1,UN
03504005,Kit 5 - Exuberância de Sabores,0190214016,Cartão Surpresa - Prima Stampa,1,UN
03504005,Kit 5 - Exuberância de Sabores,0200216011,"Papel Chumbo - Cromus - 43,5cm x 59cm",0.16,UN
03504005,Kit 5 - Exuberância de Sabores,9970212003,ETIQ ADESIVA | PAPEL COUCHE A20-C | 30X3,1,UN
03504005,Kit 5 - Exuberância de Sabores,9970212004,ETIQ PIMACO A4348 LASER 100F 9600UND,1,UN
03504005,Kit 5 - Exuberância de Sabores,9990712002,ETIQUETA PARA QR CODE 40x40mm,1,UN
03504005,Kit 5 - Exuberância de Sabores,0050305009,Massa de Chocolate - Chocolate 60% - Sak,0.1425,KG
03504005,Kit 5 - Exuberância de Sabores,0050105001,Bombom de Chocolate,0.1425,KG
03504005,Kit 5 - Exuberância de Sabores,03301011001,Café em pó - Apuí,0.0075,KG
03504005,Kit 5 - Exuberância de Sabores,0050301007,Amêndoa de Cacau Seca Aprovada - Sakaguc,0.09405,KG
03504005,Kit 5 - Exuberância de Sabores,0050302002,Amêndoa de Cacau Torrada - Sakaguchi(PA),0.09405,KG
03504005,Kit 5 - Exuberância de Sabores,0050303003,Nibs de Cacau - Sakaguchi(PA),0.0855,KG
03504005,Kit 5 - Exuberância de Sabores,0050304004,Liquor de Cacau - Sakaguchi (PA),0.0855,KG
03504005,Kit 5 - Exuberância de Sabores,0140106004,Açúcar Demerara,0.04275,KG
03504005,Kit 5 - Exuberância de Sabores,9990307005,Manteiga de Cacau Yanomami terc,0.01995,KG
03504005,Kit 5 - Exuberância de Sabores,0050301008,Bombom de Chocolate e Café,0.15,KG
03504005,Kit 5 - Exuberância de Sabores,0190212021,Selo para Embalagem Prisma,2,UN
03504005,Kit 5 - Exuberância de Sabores,0190213019,Embalagem Prisma - Bombom chocolate com,1,UN
03504005,Kit 5 - Exuberância de Sabores,0190214023,Cartão Surpresa MINI - Prima Stampa,1,UN
03504005,Kit 5 - Exuberância de Sabores,9970212003,ETIQ ADESIVA | PAPEL COUCHE A20-C | 30X3,1,UN
03504005,Kit 5 - Exuberância de Sabores,9970212004,ETIQ PIMACO A4348 LASER 100F 9600UND,1,UN
03504005,Kit 5 - Exuberância de Sabores,9990115001,SAQUINHO BIODEGRADAVEL COMPOSTAVEL,0.0033,KG
03504005,Kit 5 - Exuberância de Sabores,9990712002,ETIQUETA PARA QR CODE 40x40mm,1,UN
03504005,Kit 5 - Exuberância de Sabores,0080301006,Amêndoa de Cupuaçu Aprovada - Santa Bárb,0.0319,KG
03504005,Kit 5 - Exuberância de Sabores,0080302002,Amêndoa de Cupuaçu Torrada - Santa Bárba,0.0319,KG
03504005,Kit 5 - Exuberância de Sabores,0080303003,Nibs de Cupuaçu - Santa Bárbara (PA),0.029,KG
03504005,Kit 5 - Exuberância de Sabores,0080304008,Liquor de Cupuaçu - Santa Bárbara (PA),0.029,KG
03504005,Kit 5 - Exuberância de Sabores,0140106004,Açúcar Demerara,0.0125,KG
03504005,Kit 5 - Exuberância de Sabores,9990107001,MANTEIGA DE CACAU desodorizada,0.0085,KG
03504005,Kit 5 - Exuberância de Sabores,0080305004,Massa de  Cupuaçu - Santa Bárbara (PA),0.05,KG
03504005,Kit 5 - Exuberância de Sabores,0190213007,Embalagem - Barra de Cupulate - Kunkuni,1,UN
03504005,Kit 5 - Exuberância de Sabores,0190214016,Cartão Surpresa - Prima Stampa,1,UN
03504005,Kit 5 - Exuberância de Sabores,0200216011,"Papel Chumbo - Cromus - 43,5cm x 59cm",0.16,UN
03504005,Kit 5 - Exuberância de Sabores,9970212003,ETIQ ADESIVA | PAPEL COUCHE A20-C | 30X3,1,UN
03504005,Kit 5 - Exuberância de Sabores,9970212004,ETIQ PIMACO A4348 LASER 100F 9600UND,1,UN
03504005,Kit 5 - Exuberância de Sabores,9990712002,ETIQUETA PARA QR CODE 40x40mm,1,UN
03504005,Kit 5 - Exuberância de Sabores,0110301006,Amêndoa de Cacau Seca Aprovada -  Acará-,0.04125,KG
03504005,Kit 5 - Exuberância de Sabores,0110302002,Amêndoa de Cacau Torrada -  Acará-Açu (P,0.04125,KG
03504005,Kit 5 - Exuberância de Sabores,0110303003,Nibs de Cacau - Acará-Açu (PA),0.0375,KG
03504005,Kit 5 - Exuberância de Sabores,0140106004,Açúcar Demerara,0.0125,KG
03504005,Kit 5 - Exuberância de Sabores,0110305005,Massa de Chocolate - Chocolate - Acará-A,0.05,KG
03504005,Kit 5 - Exuberância de Sabores,0190213014,Embalagem - Barra de Chocolate - Acará A,1,UN
03504005,Kit 5 - Exuberância de Sabores,0190214016,Cartão Surpresa - Prima Stampa,1,UN
03504005,Kit 5 - Exuberância de Sabores,0200216011,"Papel Chumbo - Cromus - 43,5cm x 59cm",0.16,UN
03504005,Kit 5 - Exuberância de Sabores,9970212003,ETIQ ADESIVA | PAPEL COUCHE A20-C | 30X3,1,UN
03504005,Kit 5 - Exuberância de Sabores,9970212004,ETIQ PIMACO A4348 LASER 100F 9600UND,1,UN
03504005,Kit 5 - Exuberância de Sabores,9990307005,Manteiga de Cacau Yanomami terc,0.002,KG
03504005,Kit 5 - Exuberância de Sabores,9990712002,ETIQUETA PARA QR CODE 40x40mm,1,UN
03504005,Kit 5 - Exuberância de Sabores,00104009,Xiba - Chocolate 81% Cacau - 50g,1,UN
03504005,Kit 5 - Exuberância de Sabores,00204009,Mocajuba - Chocolate 74% Cacau - 50g,1,UN
03504005,Kit 5 - Exuberância de Sabores,00504010,Bombom Chocolate com café 150g,1,UN
03504005,Kit 5 - Exuberância de Sabores,00804010,Kunkuni - Cupulate 70% Cupuaçi - 50g,1,UN
03504005,Kit 5 - Exuberância de Sabores,01104009,Acará-Açu - Chocolate 75% Cacau 50g,1,UN
03504005,Kit 5 - Exuberância de Sabores,01902025,Embalagem Sacola para Kits,1,UN
03504005,Kit 5 - Exuberância de Sabores,0070301006,Amêndoa de Cacau Seca Aprovada - Yanomam,0.028409,KG
03504006,Kit 6 - Encanto dos Povos da Floresta,0050305009,Massa de Chocolate - Chocolate 60% - Sak,0.1425,KG
03504006,Kit 6 - Encanto dos Povos da Floresta,0050105001,Bombom de Chocolate,0.1425,KG
03504006,Kit 6 - Encanto dos Povos da Floresta,03301011001,Café em pó - Apuí,0.0075,KG
03504006,Kit 6 - Encanto dos Povos da Floresta,0050301007,Amêndoa de Cacau Seca Aprovada - Sakaguc,0.022,KG
03504006,Kit 6 - Encanto dos Povos da Floresta,0050302002,Amêndoa de Cacau Torrada - Sakaguchi(PA),0.022,KG
03504006,Kit 6 - Encanto dos Povos da Floresta,0050303003,Nibs de Cacau - Sakaguchi(PA),0.062033,KG
03504006,Kit 6 - Encanto dos Povos da Floresta,0050304004,Liquor de Cacau - Sakaguchi (PA),0.157102,KG
03504006,Kit 6 - Encanto dos Povos da Floresta,0140106004,Açúcar Demerara,0.078551,KG
03504006,Kit 6 - Encanto dos Povos da Floresta,9990307005,Manteiga de Cacau Yanomami terc,0.036657,KG
03504006,Kit 6 - Encanto dos Povos da Floresta,0050108008,Biscoito de castanha do Pará,0.079645,KG
03504006,Kit 6 - Encanto dos Povos da Floresta,0050111002,Aromatizante Puxuri,3e-05,KG
03504006,Kit 6 - Encanto dos Povos da Floresta,0050305009,Massa de Chocolate - Chocolate 60% - Sak,0.070055,KG
03504006,Kit 6 - Encanto dos Povos da Floresta,9990111001,Flor de Sal,0.00027,KG
03504006,Kit 6 - Encanto dos Povos da Floresta,0050305009,Massa de Chocolate - Chocolate 60% - Sak,0.049281,KG
03504006,Kit 6 - Encanto dos Povos da Floresta,0110109014,Castanha do Pará - Acará-Açu (PA),0.092402,KG
03504006,Kit 6 - Encanto dos Povos da Floresta,9990111001,Flor de Sal,0.008316,KG
03504006,Kit 6 - Encanto dos Povos da Floresta,0050301008,Bombom de Chocolate e Café,0.15,KG
03504006,Kit 6 - Encanto dos Povos da Floresta,0190212021,Selo para Embalagem Prisma,2,UN
03504006,Kit 6 - Encanto dos Povos da Floresta,0190213019,Embalagem Prisma - Bombom chocolate com,1,UN
03504006,Kit 6 - Encanto dos Povos da Floresta,0190214023,Cartão Surpresa MINI - Prima Stampa,1,UN
03504006,Kit 6 - Encanto dos Povos da Floresta,9970212003,ETIQ ADESIVA | PAPEL COUCHE A20-C | 30X3,1,UN
03504006,Kit 6 - Encanto dos Povos da Floresta,9970212004,ETIQ PIMACO A4348 LASER 100F 9600UND,1,UN
03504006,Kit 6 - Encanto dos Povos da Floresta,9990115001,SAQUINHO BIODEGRADAVEL COMPOSTAVEL,0.0033,KG
03504006,Kit 6 - Encanto dos Povos da Floresta,9990712002,ETIQUETA PARA QR CODE 40x40mm,1,UN
03504006,Kit 6 - Encanto dos Povos da Floresta,0050308011,Biscoito de castanha do Pará banhado com,0.15,KG
03504006,Kit 6 - Encanto dos Povos da Floresta,0190212021,Selo para Embalagem Prisma,2,UN
03504006,Kit 6 - Encanto dos Povos da Floresta,0190213018,Embalagem Prisma - Biscoito de Castanha,1,UN
03504006,Kit 6 - Encanto dos Povos da Floresta,0190214023,Cartão Surpresa MINI - Prima Stampa,1,UN
03504006,Kit 6 - Encanto dos Povos da Floresta,9970212003,ETIQ ADESIVA | PAPEL COUCHE A20-C | 30X3,1,UN
03504006,Kit 6 - Encanto dos Povos da Floresta,9970212004,ETIQ PIMACO A4348 LASER 100F 9600UND,1,UN
03504006,Kit 6 - Encanto dos Povos da Floresta,9990115001,SAQUINHO BIODEGRADAVEL COMPOSTAVEL,0.0033,KG
03504006,Kit 6 - Encanto dos Povos da Floresta,9990712002,ETIQUETA PARA QR CODE 40x40mm,1,UN
03504006,Kit 6 - Encanto dos Povos da Floresta,0120305005,Massa de Chocolate - Chocolate - Mulhere,0.05,KG
03504006,Kit 6 - Encanto dos Povos da Floresta,0190213013,Embalagem - Barra de Chocolate - Mulhere,1,UN
03504006,Kit 6 - Encanto dos Povos da Floresta,0190214016,Cartão Surpresa - Prima Stampa,1,UN
03504006,Kit 6 - Encanto dos Povos da Floresta,0200216011,"Papel Chumbo - Cromus - 43,5cm x 59cm",0.16,UN
03504006,Kit 6 - Encanto dos Povos da Floresta,9970212003,ETIQ ADESIVA | PAPEL COUCHE A20-C | 30X3,1,UN
03504006,Kit 6 - Encanto dos Povos da Floresta,9970212004,ETIQ PIMACO A4348 LASER 100F 9600UND,1,UN
03504006,Kit 6 - Encanto dos Povos da Floresta,9990712002,ETIQUETA PARA QR CODE 40x40mm,1,UN
03504006,Kit 6 - Encanto dos Povos da Floresta,0050111003,Semente de Cumaru,0,KG
03504006,Kit 6 - Encanto dos Povos da Floresta,0050304004,Liquor de Cacau - Sakaguchi (PA),0.02,KG
03504006,Kit 6 - Encanto dos Povos da Floresta,0140106004,Açúcar Demerara,0.0185,KG
03504006,Kit 6 - Encanto dos Povos da Floresta,0140106802,AÇÚCAR DEMERARA orgânico,0.0185,KG
03504006,Kit 6 - Encanto dos Povos da Floresta,03001001,Leite em Pó integral,0.0035,KG
03504006,Kit 6 - Encanto dos Povos da Floresta,9990107001,MANTEIGA DE CACAU desodorizada,0.008,KG
03504006,Kit 6 - Encanto dos Povos da Floresta,9990307005,Manteiga de Cacau Yanomami terc,0.008,KG
03504006,Kit 6 - Encanto dos Povos da Floresta,0190213012,Embalagem - Barra de Chocolate - Sakaguc,1,UN
03504006,Kit 6 - Encanto dos Povos da Floresta,0190214016,Cartão Surpresa - Prima Stampa,1,UN
03504006,Kit 6 - Encanto dos Povos da Floresta,0200216011,"Papel Chumbo - Cromus - 43,5cm x 59cm",0.16,UN
03504006,Kit 6 - Encanto dos Povos da Floresta,0320305032,Massa de Chocolate - Chocolate - Sakaguc,0.05,KG
03504006,Kit 6 - Encanto dos Povos da Floresta,9970212003,ETIQ ADESIVA | PAPEL COUCHE A20-C | 30X3,1,UN
03504006,Kit 6 - Encanto dos Povos da Floresta,9970212004,ETIQ PIMACO A4348 LASER 100F 9600UND,1,UN
03504006,Kit 6 - Encanto dos Povos da Floresta,9990107002,MANTEIGA DE CACAU IBC ORGÂNICA,0.008,KG
03504006,Kit 6 - Encanto dos Povos da Floresta,9990712002,ETIQUETA PARA QR CODE 40x40mm,1,UN
03504006,Kit 6 - Encanto dos Povos da Floresta,0050309001,Castanha do Pará banhada com chocolate,0.15,KG
03504006,Kit 6 - Encanto dos Povos da Floresta,0190212021,Selo para Embalagem Prisma,2,UN
03504006,Kit 6 - Encanto dos Povos da Floresta,0190213020,Embalagem Prisma - Castanha do Pará banh,1,UN
03504006,Kit 6 - Encanto dos Povos da Floresta,0190214023,Cartão Surpresa MINI - Prima Stampa,1,UN
03504006,Kit 6 - Encanto dos Povos da Floresta,9970212003,ETIQ ADESIVA | PAPEL COUCHE A20-C | 30X3,1,UN
03504006,Kit 6 - Encanto dos Povos da Floresta,9970212004,ETIQ PIMACO A4348 LASER 100F 9600UND,1,UN
03504006,Kit 6 - Encanto dos Povos da Floresta,9990115001,SAQUINHO BIODEGRADAVEL COMPOSTAVEL,0.0033,KG
03504006,Kit 6 - Encanto dos Povos da Floresta,9990712002,ETIQUETA PARA QR CODE 40x40mm,1,UN
03504006,Kit 6 - Encanto dos Povos da Floresta,00504010,Bombom Chocolate com café 150g,1,UN
03504006,Kit 6 - Encanto dos Povos da Floresta,00504011,Biscoito de castanha do Pará com chocola,1,UN
03504006,Kit 6 - Encanto dos Povos da Floresta,01204009,Mulheres da Floresta - Chocolate 72% Cac,1,UN
03504006,Kit 6 - Encanto dos Povos da Floresta,01902025,Embalagem Sacola para Kits,1,UN
03504006,Kit 6 - Encanto dos Povos da Floresta,03204009,Sakaguchi ao Leite - Chocolate 47% Cacau,1,UN
03504006,Kit 6 - Encanto dos Povos da Floresta,03404002,Castanha do Pará com cobertura de chocol,1,UN
03504006,Kit 6 - Encanto dos Povos da Floresta,0070301006,Amêndoa de Cacau Seca Aprovada - Yanomam,0.052973,KG
03504007,Kit  - Mix Amazônico,0050301007,Amêndoa de Cacau Seca Aprovada - Sakaguc,0.060172,KG
03504007,Kit  - Mix Amazônico,0050302002,Amêndoa de Cacau Torrada - Sakaguchi(PA),0.060172,KG
03504007,Kit  - Mix Amazônico,0050303003,Nibs de Cacau - Sakaguchi(PA),0.054702,KG
03504007,Kit  - Mix Amazônico,0050304004,Liquor de Cacau - Sakaguchi (PA),0.054702,KG
03504007,Kit  - Mix Amazônico,0140106004,Açúcar Demerara,0.027351,KG
03504007,Kit  - Mix Amazônico,9990307005,Manteiga de Cacau Yanomami terc,0.012764,KG
03504007,Kit  - Mix Amazônico,0050108008,Biscoito de castanha do Pará,0.029115,KG
03504007,Kit  - Mix Amazônico,0050111002,Aromatizante Puxuri,1.5e-05,KG
03504007,Kit  - Mix Amazônico,0050305009,Massa de Chocolate - Chocolate 60% - Sak,0.09117,KG
03504007,Kit  - Mix Amazônico,0110109014,Castanha do Pará - Acará-Açu (PA),0.028995,KG
03504007,Kit  - Mix Amazônico,0190212021,Selo para Embalagem Prisma,2,UN
03504007,Kit  - Mix Amazônico,9970212004,ETIQ PIMACO A4348 LASER 100F 9600UND,1,UN
03504007,Kit  - Mix Amazônico,9990111001,Flor de Sal,0.00063,KG
03504007,Kit  - Mix Amazônico,0070301006,Amêndoa de Cacau Seca Aprovada - Yanomam,0.015141,KG
03504008,Kit 7-Rota dos sabores,0020301006,Amêndoa de Cacau Seca Aprovada - Mocajub,0.0407,KG
03504008,Kit 7-Rota dos sabores,0020302002,Amêndoa de Cacau Torrada - Mocajuba (PA),0.0407,KG
03504008,Kit 7-Rota dos sabores,0020303003,Nibs de Cacau - Mocajuba (PA),0.037,KG
03504008,Kit 7-Rota dos sabores,0020304004,Liquor de Cacau - Mocajuba (PA),0.037,KG
03504008,Kit 7-Rota dos sabores,0140106004,Açúcar Demerara,0.013,KG
03504008,Kit 7-Rota dos sabores,0020305005,Massa de Chocolate - Chocolate - Mocajub,0.05,KG
03504008,Kit 7-Rota dos sabores,0190213002,Embalagem - Barra de Chocolate - Mocajub,1,UN
03504008,Kit 7-Rota dos sabores,0190214016,Cartão Surpresa - Prima Stampa,1,UN
03504008,Kit 7-Rota dos sabores,0200216011,"Papel Chumbo - Cromus - 43,5cm x 59cm",0.16,UN
03504008,Kit 7-Rota dos sabores,9970212003,ETIQ ADESIVA | PAPEL COUCHE A20-C | 30X3,1,UN
03504008,Kit 7-Rota dos sabores,9970212004,ETIQ PIMACO A4348 LASER 100F 9600UND,1,UN
03504008,Kit 7-Rota dos sabores,9990712002,ETIQUETA PARA QR CODE 40x40mm,1,UN
03504008,Kit 7-Rota dos sabores,0210101001,Amêndoa de Cupuaçu - Sakaguchi (PA),0.0297,KG
03504008,Kit 7-Rota dos sabores,0210303001,Nibs de Cupuaçu - Sakaguchi,0.027,KG
03504008,Kit 7-Rota dos sabores,0080301006,Amêndoa de Cupuaçu Aprovada - Santa Bárb,0.0319,KG
03504008,Kit 7-Rota dos sabores,0080302002,Amêndoa de Cupuaçu Torrada - Santa Bárba,0.0319,KG
03504008,Kit 7-Rota dos sabores,0080303003,Nibs de Cupuaçu - Santa Bárbara (PA),0.029,KG
03504008,Kit 7-Rota dos sabores,0080304008,Liquor de Cupuaçu - Santa Bárbara (PA),0.029,KG
03504008,Kit 7-Rota dos sabores,0140106004,Açúcar Demerara,0.0125,KG
03504008,Kit 7-Rota dos sabores,9990107001,MANTEIGA DE CACAU desodorizada,0.0085,KG
03504008,Kit 7-Rota dos sabores,0080305004,Massa de  Cupuaçu - Santa Bárbara (PA),0.05,KG
03504008,Kit 7-Rota dos sabores,0190213007,Embalagem - Barra de Cupulate - Kunkuni,1,UN
03504008,Kit 7-Rota dos sabores,0190214016,Cartão Surpresa - Prima Stampa,1,UN
03504008,Kit 7-Rota dos sabores,0200216011,"Papel Chumbo - Cromus - 43,5cm x 59cm",0.16,UN
03504008,Kit 7-Rota dos sabores,9970212003,ETIQ ADESIVA | PAPEL COUCHE A20-C | 30X3,1,UN
03504008,Kit 7-Rota dos sabores,9970212004,ETIQ PIMACO A4348 LASER 100F 9600UND,1,UN
03504008,Kit 7-Rota dos sabores,9990712002,ETIQUETA PARA QR CODE 40x40mm,1,UN
03504008,Kit 7-Rota dos sabores,0110301006,Amêndoa de Cacau Seca Aprovada -  Acará-,0.04125,KG
03504008,Kit 7-Rota dos sabores,0110302002,Amêndoa de Cacau Torrada -  Acará-Açu (P,0.04125,KG
03504008,Kit 7-Rota dos sabores,0110303003,Nibs de Cacau - Acará-Açu (PA),0.0375,KG
03504008,Kit 7-Rota dos sabores,0140106004,Açúcar Demerara,0.0125,KG
03504008,Kit 7-Rota dos sabores,0110305005,Massa de Chocolate - Chocolate - Acará-A,0.05,KG
03504008,Kit 7-Rota dos sabores,0190213014,Embalagem - Barra de Chocolate - Acará A,1,UN
03504008,Kit 7-Rota dos sabores,0190214016,Cartão Surpresa - Prima Stampa,1,UN
03504008,Kit 7-Rota dos sabores,0200216011,"Papel Chumbo - Cromus - 43,5cm x 59cm",0.16,UN
03504008,Kit 7-Rota dos sabores,9970212003,ETIQ ADESIVA | PAPEL COUCHE A20-C | 30X3,1,UN
03504008,Kit 7-Rota dos sabores,9970212004,ETIQ PIMACO A4348 LASER 100F 9600UND,1,UN
03504008,Kit 7-Rota dos sabores,9990307005,Manteiga de Cacau Yanomami terc,0.002,KG
03504008,Kit 7-Rota dos sabores,9990712002,ETIQUETA PARA QR CODE 40x40mm,1,UN
03504008,Kit 7-Rota dos sabores,0050302010,Amêndoa de Cupuaçu Torrada - SAKAGUCHI,0.0297,KG
03504008,Kit 7-Rota dos sabores,0050303010,LIQUOR DE CUPUAÇU -SAKAGUCHI,0.027,KG
03504008,Kit 7-Rota dos sabores,0140106004,Açúcar Demerara,0.0085,KG
03504008,Kit 7-Rota dos sabores,9990107001,MANTEIGA DE CACAU desodorizada,0.0145,KG
03504008,Kit 7-Rota dos sabores,0190213030,Embalagem - Barra de Cupulate - Sakaguch,1,UN
03504008,Kit 7-Rota dos sabores,0190214016,Cartão Surpresa - Prima Stampa,1,UN
03504008,Kit 7-Rota dos sabores,0200216011,"Papel Chumbo - Cromus - 43,5cm x 59cm",0.16,UN
03504008,Kit 7-Rota dos sabores,0210305004,Massa  de Cupuaçu - Sakaguchi,0.05,KG
03504008,Kit 7-Rota dos sabores,9970212003,ETIQ ADESIVA | PAPEL COUCHE A20-C | 30X3,1,UN
03504008,Kit 7-Rota dos sabores,9970212004,ETIQ PIMACO A4348 LASER 100F 9600UND,1,UN
03504008,Kit 7-Rota dos sabores,9990712002,ETIQUETA PARA QR CODE 40x40mm,1,UN
03504008,Kit 7-Rota dos sabores,00204009,Mocajuba - Chocolate 74% Cacau - 50g,1,UN
03504008,Kit 7-Rota dos sabores,00804010,Kunkuni - Cupulate 70% Cupuaçi - 50g,1,UN
03504008,Kit 7-Rota dos sabores,01104009,Acará-Açu - Chocolate 75% Cacau 50g,1,UN
03504008,Kit 7-Rota dos sabores,01902022,Embalagem estojo para Kits,1,UN
03504008,Kit 7-Rota dos sabores,02104013,Sakaguchi Cupulate 50g,1,UN
03504008,Kit 7-Rota dos sabores,0070301006,Amêndoa de Cacau Seca Aprovada - Yanomam,0.002372,KG
03504009,Kit 8-Aventura sensorial,0020301006,Amêndoa de Cacau Seca Aprovada - Mocajub,0.0407,KG
03504009,Kit 8-Aventura sensorial,0020302002,Amêndoa de Cacau Torrada - Mocajuba (PA),0.0407,KG
03504009,Kit 8-Aventura sensorial,0020303003,Nibs de Cacau - Mocajuba (PA),0.037,KG
03504009,Kit 8-Aventura sensorial,0020304004,Liquor de Cacau - Mocajuba (PA),0.037,KG
03504009,Kit 8-Aventura sensorial,0140106004,Açúcar Demerara,0.013,KG
03504009,Kit 8-Aventura sensorial,0020305005,Massa de Chocolate - Chocolate - Mocajub,0.05,KG
03504009,Kit 8-Aventura sensorial,0190213002,Embalagem - Barra de Chocolate - Mocajub,1,UN
03504009,Kit 8-Aventura sensorial,0190214016,Cartão Surpresa - Prima Stampa,1,UN
03504009,Kit 8-Aventura sensorial,0200216011,"Papel Chumbo - Cromus - 43,5cm x 59cm",0.16,UN
03504009,Kit 8-Aventura sensorial,9970212003,ETIQ ADESIVA | PAPEL COUCHE A20-C | 30X3,1,UN
03504009,Kit 8-Aventura sensorial,9970212004,ETIQ PIMACO A4348 LASER 100F 9600UND,1,UN
03504009,Kit 8-Aventura sensorial,9990712002,ETIQUETA PARA QR CODE 40x40mm,1,UN
03504009,Kit 8-Aventura sensorial,0210101001,Amêndoa de Cupuaçu - Sakaguchi (PA),0.0297,KG
03504009,Kit 8-Aventura sensorial,0210303001,Nibs de Cupuaçu - Sakaguchi,0.027,KG
03504009,Kit 8-Aventura sensorial,0050108008,Biscoito de castanha do Pará,0.079486,KG
03504009,Kit 8-Aventura sensorial,0210305004,Massa  de Cupuaçu - Sakaguchi,0.070484,KG
03504009,Kit 8-Aventura sensorial,9990111001,Flor de Sal,3e-05,KG
03504009,Kit 8-Aventura sensorial,0080301006,Amêndoa de Cupuaçu Aprovada - Santa Bárb,0.0319,KG
03504009,Kit 8-Aventura sensorial,0080302002,Amêndoa de Cupuaçu Torrada - Santa Bárba,0.0319,KG
03504009,Kit 8-Aventura sensorial,0080303003,Nibs de Cupuaçu - Santa Bárbara (PA),0.029,KG
03504009,Kit 8-Aventura sensorial,0080304008,Liquor de Cupuaçu - Santa Bárbara (PA),0.029,KG
03504009,Kit 8-Aventura sensorial,0140106004,Açúcar Demerara,0.0125,KG
03504009,Kit 8-Aventura sensorial,9990107001,MANTEIGA DE CACAU desodorizada,0.0085,KG
03504009,Kit 8-Aventura sensorial,0080305004,Massa de  Cupuaçu - Santa Bárbara (PA),0.05,KG
03504009,Kit 8-Aventura sensorial,0190213007,Embalagem - Barra de Cupulate - Kunkuni,1,UN
03504009,Kit 8-Aventura sensorial,0190214016,Cartão Surpresa - Prima Stampa,1,UN
03504009,Kit 8-Aventura sensorial,0200216011,"Papel Chumbo - Cromus - 43,5cm x 59cm",0.16,UN
03504009,Kit 8-Aventura sensorial,9970212003,ETIQ ADESIVA | PAPEL COUCHE A20-C | 30X3,1,UN
03504009,Kit 8-Aventura sensorial,9970212004,ETIQ PIMACO A4348 LASER 100F 9600UND,1,UN
03504009,Kit 8-Aventura sensorial,9990712002,ETIQUETA PARA QR CODE 40x40mm,1,UN
03504009,Kit 8-Aventura sensorial,0110301006,Amêndoa de Cacau Seca Aprovada -  Acará-,0.04125,KG
03504009,Kit 8-Aventura sensorial,0110302002,Amêndoa de Cacau Torrada -  Acará-Açu (P,0.04125,KG
03504009,Kit 8-Aventura sensorial,0110303003,Nibs de Cacau - Acará-Açu (PA),0.0375,KG
03504009,Kit 8-Aventura sensorial,0140106004,Açúcar Demerara,0.0125,KG
03504009,Kit 8-Aventura sensorial,0110305005,Massa de Chocolate - Chocolate - Acará-A,0.05,KG
03504009,Kit 8-Aventura sensorial,0190213014,Embalagem - Barra de Chocolate - Acará A,1,UN
03504009,Kit 8-Aventura sensorial,0190214016,Cartão Surpresa - Prima Stampa,1,UN
03504009,Kit 8-Aventura sensorial,0200216011,"Papel Chumbo - Cromus - 43,5cm x 59cm",0.16,UN
03504009,Kit 8-Aventura sensorial,9970212003,ETIQ ADESIVA | PAPEL COUCHE A20-C | 30X3,1,UN
03504009,Kit 8-Aventura sensorial,9970212004,ETIQ PIMACO A4348 LASER 100F 9600UND,1,UN
03504009,Kit 8-Aventura sensorial,9990307005,Manteiga de Cacau Yanomami terc,0.002,KG
03504009,Kit 8-Aventura sensorial,9990712002,ETIQUETA PARA QR CODE 40x40mm,1,UN
03504009,Kit 8-Aventura sensorial,0050302010,Amêndoa de Cupuaçu Torrada - SAKAGUCHI,0.0297,KG
03504009,Kit 8-Aventura sensorial,0050303010,LIQUOR DE CUPUAÇU -SAKAGUCHI,0.065061,KG
03504009,Kit 8-Aventura sensorial,0140106004,Açúcar Demerara,0.020482,KG
03504009,Kit 8-Aventura sensorial,9990107001,MANTEIGA DE CACAU desodorizada,0.03494,KG
03504009,Kit 8-Aventura sensorial,0190213030,Embalagem - Barra de Cupulate - Sakaguch,1,UN
03504009,Kit 8-Aventura sensorial,0190214016,Cartão Surpresa - Prima Stampa,1,UN
03504009,Kit 8-Aventura sensorial,0200216011,"Papel Chumbo - Cromus - 43,5cm x 59cm",0.16,UN
03504009,Kit 8-Aventura sensorial,0210305004,Massa  de Cupuaçu - Sakaguchi,0.05,KG
03504009,Kit 8-Aventura sensorial,9970212003,ETIQ ADESIVA | PAPEL COUCHE A20-C | 30X3,1,UN
03504009,Kit 8-Aventura sensorial,9970212004,ETIQ PIMACO A4348 LASER 100F 9600UND,1,UN
03504009,Kit 8-Aventura sensorial,9990712002,ETIQUETA PARA QR CODE 40x40mm,1,UN
03504009,Kit 8-Aventura sensorial,0050308012,BISCOITO DE CASTANHA DO PARÁ COM COBERTU,0.15,KG
03504009,Kit 8-Aventura sensorial,0190212021,Selo para Embalagem Prisma,2,UN
03504009,Kit 8-Aventura sensorial,0190213027,Embalagem Prisma - Biscoito de Castanha,1,UN
03504009,Kit 8-Aventura sensorial,0190214023,Cartão Surpresa MINI - Prima Stampa,1,UN
03504009,Kit 8-Aventura sensorial,9970212003,ETIQ ADESIVA | PAPEL COUCHE A20-C | 30X3,1,UN
03504009,Kit 8-Aventura sensorial,9970212004,ETIQ PIMACO A4348 LASER 100F 9600UND,1,UN
03504009,Kit 8-Aventura sensorial,9990115001,SAQUINHO BIODEGRADAVEL COMPOSTAVEL,0.0033,KG
03504009,Kit 8-Aventura sensorial,9990712002,ETIQUETA PARA QR CODE 40x40mm,1,UN
03504009,Kit 8-Aventura sensorial,00204009,Mocajuba - Chocolate 74% Cacau - 50g,1,UN
03504009,Kit 8-Aventura sensorial,00804010,Kunkuni - Cupulate 70% Cupuaçi - 50g,1,UN
03504009,Kit 8-Aventura sensorial,01104009,Acará-Açu - Chocolate 75% Cacau 50g,1,UN
03504009,Kit 8-Aventura sensorial,01902022,Embalagem estojo para Kits,1,UN
03504009,Kit 8-Aventura sensorial,01902025,Embalagem Sacola para Kits,1,UN
03504009,Kit 8-Aventura sensorial,02104013,Sakaguchi Cupulate 50g,1,UN
03504009,Kit 8-Aventura sensorial,02104016,Biscoito de castanha do Pará banhado com,1,UN
03504009,Kit 8-Aventura sensorial,0070301006,Amêndoa de Cacau Seca Aprovada - Yanomam,0.002372,KG
03504010,Kit 9-Fascínio da Mata,0020301006,Amêndoa de Cacau Seca Aprovada - Mocajub,0.0407,KG
03504010,Kit 9-Fascínio da Mata,0020302002,Amêndoa de Cacau Torrada - Mocajuba (PA),0.0407,KG
03504010,Kit 9-Fascínio da Mata,0020303003,Nibs de Cacau - Mocajuba (PA),0.037,KG
03504010,Kit 9-Fascínio da Mata,0020304004,Liquor de Cacau - Mocajuba (PA),0.037,KG
03504010,Kit 9-Fascínio da Mata,0140106004,Açúcar Demerara,0.013,KG
03504010,Kit 9-Fascínio da Mata,0020305005,Massa de Chocolate - Chocolate - Mocajub,0.05,KG
03504010,Kit 9-Fascínio da Mata,0190213002,Embalagem - Barra de Chocolate - Mocajub,1,UN
03504010,Kit 9-Fascínio da Mata,0190214016,Cartão Surpresa - Prima Stampa,1,UN
03504010,Kit 9-Fascínio da Mata,0200216011,"Papel Chumbo - Cromus - 43,5cm x 59cm",0.16,UN
03504010,Kit 9-Fascínio da Mata,9970212003,ETIQ ADESIVA | PAPEL COUCHE A20-C | 30X3,1,UN
03504010,Kit 9-Fascínio da Mata,9970212004,ETIQ PIMACO A4348 LASER 100F 9600UND,1,UN
03504010,Kit 9-Fascínio da Mata,9990712002,ETIQUETA PARA QR CODE 40x40mm,1,UN
03504010,Kit 9-Fascínio da Mata,0210101001,Amêndoa de Cupuaçu - Sakaguchi (PA),0.0297,KG
03504010,Kit 9-Fascínio da Mata,0210303001,Nibs de Cupuaçu - Sakaguchi,0.027,KG
03504010,Kit 9-Fascínio da Mata,0110109014,Castanha do Pará - Acará-Açu (PA),0.092402,KG
03504010,Kit 9-Fascínio da Mata,0210305004,Massa  de Cupuaçu - Sakaguchi,0.049281,KG
03504010,Kit 9-Fascínio da Mata,9990111001,Flor de Sal,0.008316,KG
03504010,Kit 9-Fascínio da Mata,0080301006,Amêndoa de Cupuaçu Aprovada - Santa Bárb,0.0319,KG
03504010,Kit 9-Fascínio da Mata,0080302002,Amêndoa de Cupuaçu Torrada - Santa Bárba,0.0319,KG
03504010,Kit 9-Fascínio da Mata,0080303003,Nibs de Cupuaçu - Santa Bárbara (PA),0.029,KG
03504010,Kit 9-Fascínio da Mata,0080304008,Liquor de Cupuaçu - Santa Bárbara (PA),0.029,KG
03504010,Kit 9-Fascínio da Mata,0140106004,Açúcar Demerara,0.0125,KG
03504010,Kit 9-Fascínio da Mata,9990107001,MANTEIGA DE CACAU desodorizada,0.0085,KG
03504010,Kit 9-Fascínio da Mata,0080305004,Massa de  Cupuaçu - Santa Bárbara (PA),0.05,KG
03504010,Kit 9-Fascínio da Mata,0190213007,Embalagem - Barra de Cupulate - Kunkuni,1,UN
03504010,Kit 9-Fascínio da Mata,0190214016,Cartão Surpresa - Prima Stampa,1,UN
03504010,Kit 9-Fascínio da Mata,0200216011,"Papel Chumbo - Cromus - 43,5cm x 59cm",0.16,UN
03504010,Kit 9-Fascínio da Mata,9970212003,ETIQ ADESIVA | PAPEL COUCHE A20-C | 30X3,1,UN
03504010,Kit 9-Fascínio da Mata,9970212004,ETIQ PIMACO A4348 LASER 100F 9600UND,1,UN
03504010,Kit 9-Fascínio da Mata,9990712002,ETIQUETA PARA QR CODE 40x40mm,1,UN
03504010,Kit 9-Fascínio da Mata,0110301006,Amêndoa de Cacau Seca Aprovada -  Acará-,0.04125,KG
03504010,Kit 9-Fascínio da Mata,0110302002,Amêndoa de Cacau Torrada -  Acará-Açu (P,0.04125,KG
03504010,Kit 9-Fascínio da Mata,0110303003,Nibs de Cacau - Acará-Açu (PA),0.0375,KG
03504010,Kit 9-Fascínio da Mata,0140106004,Açúcar Demerara,0.0125,KG
03504010,Kit 9-Fascínio da Mata,0110305005,Massa de Chocolate - Chocolate - Acará-A,0.05,KG
03504010,Kit 9-Fascínio da Mata,0190213014,Embalagem - Barra de Chocolate - Acará A,1,UN
03504010,Kit 9-Fascínio da Mata,0190214016,Cartão Surpresa - Prima Stampa,1,UN
03504010,Kit 9-Fascínio da Mata,0200216011,"Papel Chumbo - Cromus - 43,5cm x 59cm",0.16,UN
03504010,Kit 9-Fascínio da Mata,9970212003,ETIQ ADESIVA | PAPEL COUCHE A20-C | 30X3,1,UN
03504010,Kit 9-Fascínio da Mata,9970212004,ETIQ PIMACO A4348 LASER 100F 9600UND,1,UN
03504010,Kit 9-Fascínio da Mata,9990307005,Manteiga de Cacau Yanomami terc,0.002,KG
03504010,Kit 9-Fascínio da Mata,9990712002,ETIQUETA PARA QR CODE 40x40mm,1,UN
03504010,Kit 9-Fascínio da Mata,0050302010,Amêndoa de Cupuaçu Torrada - SAKAGUCHI,0.0297,KG
03504010,Kit 9-Fascínio da Mata,0050303010,LIQUOR DE CUPUAÇU -SAKAGUCHI,0.053612,KG
03504010,Kit 9-Fascínio da Mata,0140106004,Açúcar Demerara,0.016878,KG
03504010,Kit 9-Fascínio da Mata,9990107001,MANTEIGA DE CACAU desodorizada,0.028791,KG
03504010,Kit 9-Fascínio da Mata,0050309013,Castanha coberta com cupulate,0.15,KG
03504010,Kit 9-Fascínio da Mata,0190212021,Selo para Embalagem Prisma,2,UN
03504010,Kit 9-Fascínio da Mata,0190213026,Embalagem Prisma - Castanha do Pará banh,1,UN
03504010,Kit 9-Fascínio da Mata,0190214023,Cartão Surpresa MINI - Prima Stampa,1,UN
03504010,Kit 9-Fascínio da Mata,9970212003,ETIQ ADESIVA | PAPEL COUCHE A20-C | 30X3,1,UN
03504010,Kit 9-Fascínio da Mata,9970212004,ETIQ PIMACO A4348 LASER 100F 9600UND,1,UN
03504010,Kit 9-Fascínio da Mata,9990115001,SAQUINHO BIODEGRADAVEL COMPOSTAVEL,0.0033,KG
03504010,Kit 9-Fascínio da Mata,9990712002,ETIQUETA PARA QR CODE 40x40mm,1,UN
03504010,Kit 9-Fascínio da Mata,0190213030,Embalagem - Barra de Cupulate - Sakaguch,1,UN
03504010,Kit 9-Fascínio da Mata,0190214016,Cartão Surpresa - Prima Stampa,1,UN
03504010,Kit 9-Fascínio da Mata,0200216011,"Papel Chumbo - Cromus - 43,5cm x 59cm",0.16,UN
03504010,Kit 9-Fascínio da Mata,0210305004,Massa  de Cupuaçu - Sakaguchi,0.05,KG
03504010,Kit 9-Fascínio da Mata,9970212003,ETIQ ADESIVA | PAPEL COUCHE A20-C | 30X3,1,UN
03504010,Kit 9-Fascínio da Mata,9970212004,ETIQ PIMACO A4348 LASER 100F 9600UND,1,UN
03504010,Kit 9-Fascínio da Mata,9990712002,ETIQUETA PARA QR CODE 40x40mm,1,UN
03504010,Kit 9-Fascínio da Mata,00204009,Mocajuba - Chocolate 74% Cacau - 50g,1,UN
03504010,Kit 9-Fascínio da Mata,00804010,Kunkuni - Cupulate 70% Cupuaçi - 50g,1,UN
03504010,Kit 9-Fascínio da Mata,01104009,Acará-Açu - Chocolate 75% Cacau 50g,1,UN
03504010,Kit 9-Fascínio da Mata,01902022,Embalagem estojo para Kits,1,UN
03504010,Kit 9-Fascínio da Mata,01902025,Embalagem Sacola para Kits,1,UN
03504010,Kit 9-Fascínio da Mata,02104012,Castanha do Pará banhada com Cupulate 70,1,UN
03504010,Kit 9-Fascínio da Mata,02104013,Sakaguchi Cupulate 50g,1,UN
03504010,Kit 9-Fascínio da Mata,0070301006,Amêndoa de Cacau Seca Aprovada - Yanomam,0.002372,KG
03504011,Kit Impact Hub 70%Cacau,0020301006,Amêndoa de Cacau Seca Aprovada - Mocajub,0.0407,KG
03504011,Kit Impact Hub 70%Cacau,0020302002,Amêndoa de Cacau Torrada - Mocajuba (PA),0.0407,KG
03504011,Kit Impact Hub 70%Cacau,0020303003,Nibs de Cacau - Mocajuba (PA),0.037,KG
03504011,Kit Impact Hub 70%Cacau,0020304004,Liquor de Cacau - Mocajuba (PA),0.037,KG
03504011,Kit Impact Hub 70%Cacau,0140106004,Açúcar Demerara,0.013,KG
03504011,Kit Impact Hub 70%Cacau,0020305005,Massa de Chocolate - Chocolate - Mocajub,0.05,KG
03504011,Kit Impact Hub 70%Cacau,0190213002,Embalagem - Barra de Chocolate - Mocajub,1,UN
03504011,Kit Impact Hub 70%Cacau,0190214016,Cartão Surpresa - Prima Stampa,1,UN
03504011,Kit Impact Hub 70%Cacau,0200216011,"Papel Chumbo - Cromus - 43,5cm x 59cm",0.16,UN
03504011,Kit Impact Hub 70%Cacau,9970212003,ETIQ ADESIVA | PAPEL COUCHE A20-C | 30X3,1,UN
03504011,Kit Impact Hub 70%Cacau,9970212004,ETIQ PIMACO A4348 LASER 100F 9600UND,1,UN
03504011,Kit Impact Hub 70%Cacau,9990712002,ETIQUETA PARA QR CODE 40x40mm,1,UN
03504011,Kit Impact Hub 70%Cacau,0050301007,Amêndoa de Cacau Seca Aprovada - Sakaguc,0.0429,KG
03504011,Kit Impact Hub 70%Cacau,0050302002,Amêndoa de Cacau Torrada - Sakaguchi(PA),0.0429,KG
03504011,Kit Impact Hub 70%Cacau,0050303003,Nibs de Cacau - Sakaguchi(PA),0.039,KG
03504011,Kit Impact Hub 70%Cacau,0050304004,Liquor de Cacau - Sakaguchi (PA),0.039,KG
03504011,Kit Impact Hub 70%Cacau,0140106004,Açúcar Demerara,0.01,KG
03504011,Kit Impact Hub 70%Cacau,9990107001,MANTEIGA DE CACAU desodorizada,0.0001,KG
03504011,Kit Impact Hub 70%Cacau,0050305005,Massa de Chocolate - Chocolate - Sakaguc,0.05,KG
03504011,Kit Impact Hub 70%Cacau,0190213004,Embalagem - Barra de Chocolate - Sakaguc,1,UN
03504011,Kit Impact Hub 70%Cacau,0190214016,Cartão Surpresa - Prima Stampa,1,UN
03504011,Kit Impact Hub 70%Cacau,0200216011,"Papel Chumbo - Cromus - 43,5cm x 59cm",0.16,UN
03504011,Kit Impact Hub 70%Cacau,9970212003,ETIQ ADESIVA | PAPEL COUCHE A20-C | 30X3,1,UN
03504011,Kit Impact Hub 70%Cacau,9970212004,ETIQ PIMACO A4348 LASER 100F 9600UND,1,UN
03504011,Kit Impact Hub 70%Cacau,9990307005,Manteiga de Cacau Yanomami terc,0.002,KG
03504011,Kit Impact Hub 70%Cacau,9990712002,ETIQUETA PARA QR CODE 40x40mm,1,UN
03504011,Kit Impact Hub 70%Cacau,0110301006,Amêndoa de Cacau Seca Aprovada -  Acará-,0.04125,KG
03504011,Kit Impact Hub 70%Cacau,0110302002,Amêndoa de Cacau Torrada -  Acará-Açu (P,0.04125,KG
03504011,Kit Impact Hub 70%Cacau,0110303003,Nibs de Cacau - Acará-Açu (PA),0.0375,KG
03504011,Kit Impact Hub 70%Cacau,0140106004,Açúcar Demerara,0.0125,KG
03504011,Kit Impact Hub 70%Cacau,0110305005,Massa de Chocolate - Chocolate - Acará-A,0.05,KG
03504011,Kit Impact Hub 70%Cacau,0190213014,Embalagem - Barra de Chocolate - Acará A,1,UN
03504011,Kit Impact Hub 70%Cacau,0190214016,Cartão Surpresa - Prima Stampa,1,UN
03504011,Kit Impact Hub 70%Cacau,0200216011,"Papel Chumbo - Cromus - 43,5cm x 59cm",0.16,UN
03504011,Kit Impact Hub 70%Cacau,9970212003,ETIQ ADESIVA | PAPEL COUCHE A20-C | 30X3,1,UN
03504011,Kit Impact Hub 70%Cacau,9970212004,ETIQ PIMACO A4348 LASER 100F 9600UND,1,UN
03504011,Kit Impact Hub 70%Cacau,9990307005,Manteiga de Cacau Yanomami terc,0.002,KG
03504011,Kit Impact Hub 70%Cacau,9990712002,ETIQUETA PARA QR CODE 40x40mm,1,UN
03504011,Kit Impact Hub 70%Cacau,0120305005,Massa de Chocolate - Chocolate - Mulhere,0.05,KG
03504011,Kit Impact Hub 70%Cacau,0190213013,Embalagem - Barra de Chocolate - Mulhere,1,UN
03504011,Kit Impact Hub 70%Cacau,0190214016,Cartão Surpresa - Prima Stampa,1,UN
03504011,Kit Impact Hub 70%Cacau,0200216011,"Papel Chumbo - Cromus - 43,5cm x 59cm",0.16,UN
03504011,Kit Impact Hub 70%Cacau,9970212003,ETIQ ADESIVA | PAPEL COUCHE A20-C | 30X3,1,UN
03504011,Kit Impact Hub 70%Cacau,9970212004,ETIQ PIMACO A4348 LASER 100F 9600UND,1,UN
03504011,Kit Impact Hub 70%Cacau,9990712002,ETIQUETA PARA QR CODE 40x40mm,1,UN
03504011,Kit Impact Hub 70%Cacau,00204009,Mocajuba - Chocolate 74% Cacau - 50g,1,UN
03504011,Kit Impact Hub 70%Cacau,00504009,Sakaguchi - Chocolate 78% Cacau - 50g,1,UN
03504011,Kit Impact Hub 70%Cacau,01104009,Acará-Açu - Chocolate 75% Cacau 50g,1,UN
03504011,Kit Impact Hub 70%Cacau,01204009,Mulheres da Floresta - Chocolate 72% Cac,1,UN
03504011,Kit Impact Hub 70%Cacau,01902022,Embalagem estojo para Kits,1,UN
03504011,Kit Impact Hub 70%Cacau,0070301006,Amêndoa de Cacau Seca Aprovada - Yanomam,0.004744,KG
03504012,Kit Impact Hub Descoberta,0040304005,Liquor de Cacau - Vale do Jarí (PA/AP),0.0325,KG
03504012,Kit Impact Hub Descoberta,0140106004,Açúcar Demerara,0.0175,KG
03504012,Kit Impact Hub Descoberta,0040301006,Amêndoa de Cacau Seca Aprovada - Vale do,0.03575,KG
03504012,Kit Impact Hub Descoberta,0040302002,Amêndoa de Cacau Torrada - Vale do Jarí,0.03575,KG
03504012,Kit Impact Hub Descoberta,0040303003,Nibs de Cacau - Vale do Jarí (PA/AP),0.0325,KG
03504012,Kit Impact Hub Descoberta,0030305005,Massa de Chocolate - Chocolate - Jarí,0.05,KG
03504012,Kit Impact Hub Descoberta,0190213006,Embalagem - Barra de Chocolate - Vale do,1,UN
03504012,Kit Impact Hub Descoberta,0190214016,Cartão Surpresa - Prima Stampa,1,UN
03504012,Kit Impact Hub Descoberta,0200216011,"Papel Chumbo - Cromus - 43,5cm x 59cm",0.16,UN
03504012,Kit Impact Hub Descoberta,9970212003,ETIQ ADESIVA | PAPEL COUCHE A20-C | 30X3,1,UN
03504012,Kit Impact Hub Descoberta,9970212004,ETIQ PIMACO A4348 LASER 100F 9600UND,1,UN
03504012,Kit Impact Hub Descoberta,9990712002,ETIQUETA PARA QR CODE 40x40mm,1,UN
03504012,Kit Impact Hub Descoberta,0050301007,Amêndoa de Cacau Seca Aprovada - Sakaguc,0.022,KG
03504012,Kit Impact Hub Descoberta,0050302002,Amêndoa de Cacau Torrada - Sakaguchi(PA),0.022,KG
03504012,Kit Impact Hub Descoberta,0050303003,Nibs de Cacau - Sakaguchi(PA),0.02,KG
03504012,Kit Impact Hub Descoberta,0070301006,Amêndoa de Cacau Seca Aprovada - Yanomam,0.03795,KG
03504012,Kit Impact Hub Descoberta,0070302002,Amêndoa de Cacau Torrada - Yanomami (RR),0.03795,KG
03504012,Kit Impact Hub Descoberta,0070303003,Nibs de Cacau - Yanomami (RR),0.0345,KG
03504012,Kit Impact Hub Descoberta,0070304004,Liquor de Cacau - Yanomami (RR),0.0345,KG
03504012,Kit Impact Hub Descoberta,0140106004,Açúcar Demerara,0.015,KG
03504012,Kit Impact Hub Descoberta,9990107001,MANTEIGA DE CACAU desodorizada,0.0005,KG
03504012,Kit Impact Hub Descoberta,0070305005,Massa de Chocolate - Chocolate - Yanomam,0.05,KG
03504012,Kit Impact Hub Descoberta,0190213003,Embalagem - Barra de Chocolate - Yanomam,1,UN
03504012,Kit Impact Hub Descoberta,0190214016,Cartão Surpresa - Prima Stampa,1,UN
03504012,Kit Impact Hub Descoberta,0200216011,"Papel Chumbo - Cromus - 43,5cm x 59cm",0.16,UN
03504012,Kit Impact Hub Descoberta,9970212003,ETIQ ADESIVA | PAPEL COUCHE A20-C | 30X3,1,UN
03504012,Kit Impact Hub Descoberta,9970212004,ETIQ PIMACO A4348 LASER 100F 9600UND,1,UN
03504012,Kit Impact Hub Descoberta,9990712002,ETIQUETA PARA QR CODE 40x40mm,1,UN
03504012,Kit Impact Hub Descoberta,0250101006,Amêndoa de Cacau Seca Aprovada - Bom Jar,0.03135,KG
03504012,Kit Impact Hub Descoberta,0250302002,Amêndoa de Cacau Torrada - Bom Jardim,0.03135,KG
03504012,Kit Impact Hub Descoberta,0250303003,Nibs de Cacau - Bom Jardim,0.0285,KG
03504012,Kit Impact Hub Descoberta,0140106004,Açúcar Demerara,0.0185,KG
03504012,Kit Impact Hub Descoberta,0250304004,Liquor de Cacau - Bom Jardim,0.0285,KG
03504012,Kit Impact Hub Descoberta,9990107001,MANTEIGA DE CACAU desodorizada,0.003,KG
03504012,Kit Impact Hub Descoberta,0190213008,Embalagem - Barra de Chocolate - Bom Jar,1,UN
03504012,Kit Impact Hub Descoberta,0190214016,Cartão Surpresa - Prima Stampa,1,UN
03504012,Kit Impact Hub Descoberta,0200216011,"Papel Chumbo - Cromus - 43,5cm x 59cm",0.16,UN
03504012,Kit Impact Hub Descoberta,0250305005,Massa de Chocolate  - Bom Jardim,0.05,KG
03504012,Kit Impact Hub Descoberta,9970212003,ETIQ ADESIVA | PAPEL COUCHE A20-C | 30X3,1,UN
03504012,Kit Impact Hub Descoberta,9970212004,ETIQ PIMACO A4348 LASER 100F 9600UND,1,UN
03504012,Kit Impact Hub Descoberta,9990107002,MANTEIGA DE CACAU IBC ORGÂNICA,0.003,KG
03504012,Kit Impact Hub Descoberta,9990712002,ETIQUETA PARA QR CODE 40x40mm,1,UN
03504012,Kit Impact Hub Descoberta,0050111003,Semente de Cumaru,0,KG
03504012,Kit Impact Hub Descoberta,0050304004,Liquor de Cacau - Sakaguchi (PA),0.02,KG
03504012,Kit Impact Hub Descoberta,0140106004,Açúcar Demerara,0.0185,KG
03504012,Kit Impact Hub Descoberta,0140106802,AÇÚCAR DEMERARA orgânico,0.0185,KG
03504012,Kit Impact Hub Descoberta,03001001,Leite em Pó integral,0.0035,KG
03504012,Kit Impact Hub Descoberta,9990107001,MANTEIGA DE CACAU desodorizada,0.008,KG
03504012,Kit Impact Hub Descoberta,9990307005,Manteiga de Cacau Yanomami terc,0.008,KG
03504012,Kit Impact Hub Descoberta,0190213012,Embalagem - Barra de Chocolate - Sakaguc,1,UN
03504012,Kit Impact Hub Descoberta,0190214016,Cartão Surpresa - Prima Stampa,1,UN
03504012,Kit Impact Hub Descoberta,0200216011,"Papel Chumbo - Cromus - 43,5cm x 59cm",0.16,UN
03504012,Kit Impact Hub Descoberta,0320305032,Massa de Chocolate - Chocolate - Sakaguc,0.05,KG
03504012,Kit Impact Hub Descoberta,9970212003,ETIQ ADESIVA | PAPEL COUCHE A20-C | 30X3,1,UN
03504012,Kit Impact Hub Descoberta,9970212004,ETIQ PIMACO A4348 LASER 100F 9600UND,1,UN
03504012,Kit Impact Hub Descoberta,9990107002,MANTEIGA DE CACAU IBC ORGÂNICA,0.008,KG
03504012,Kit Impact Hub Descoberta,9990712002,ETIQUETA PARA QR CODE 40x40mm,1,UN
03504012,Kit Impact Hub Descoberta,00404009,Vale do Jarí - Chocolate 65% Cacau - 50g,1,UN
03504012,Kit Impact Hub Descoberta,00704009,Yanomami-Ye&apos;kwana - Chocolate 69% C,1,UN
03504012,Kit Impact Hub Descoberta,01902022,Embalagem estojo para Kits,1,UN
03504012,Kit Impact Hub Descoberta,02504009,Bom Jardim - Chocolate 63% Cacau - 50g,1,UN
03504012,Kit Impact Hub Descoberta,03204009,Sakaguchi ao Leite - Chocolate 47% Cacau,1,UN
03504012,Kit Impact Hub Descoberta,0070301006,Amêndoa de Cacau Seca Aprovada - Yanomam,0.00949,KG
03504013,Kit Impact Hub Castanhas e Biscoitos,0050305009,Massa de Chocolate - Chocolate 60% - Sak,0.0475,KG
03504013,Kit Impact Hub Castanhas e Biscoitos,0050105001,Bombom de Chocolate,0.0475,KG
03504013,Kit Impact Hub Castanhas e Biscoitos,03301011001,Café em pó - Apuí,0.0025,KG
03504013,Kit Impact Hub Castanhas e Biscoitos,0050301007,Amêndoa de Cacau Seca Aprovada - Sakaguc,0.010842,KG
03504013,Kit Impact Hub Castanhas e Biscoitos,0210101001,Amêndoa de Cupuaçu - Sakaguchi (PA),0.009758,KG
03504013,Kit Impact Hub Castanhas e Biscoitos,0050302002,Amêndoa de Cacau Torrada - Sakaguchi(PA),0.010842,KG
03504013,Kit Impact Hub Castanhas e Biscoitos,0210303001,Nibs de Cupuaçu - Sakaguchi,0.008871,KG
03504013,Kit Impact Hub Castanhas e Biscoitos,0050303003,Nibs de Cacau - Sakaguchi(PA),0.009856,KG
03504013,Kit Impact Hub Castanhas e Biscoitos,0050304004,Liquor de Cacau - Sakaguchi (PA),0.038356,KG
03504013,Kit Impact Hub Castanhas e Biscoitos,0140106004,Açúcar Demerara,0.019178,KG
03504013,Kit Impact Hub Castanhas e Biscoitos,9990307005,Manteiga de Cacau Yanomami terc,0.00895,KG
03504013,Kit Impact Hub Castanhas e Biscoitos,0050108008,Biscoito de castanha do Pará,0.026495,KG
03504013,Kit Impact Hub Castanhas e Biscoitos,0210305004,Massa  de Cupuaçu - Sakaguchi,0.023495,KG
03504013,Kit Impact Hub Castanhas e Biscoitos,9990111001,Flor de Sal,1e-05,KG
03504013,Kit Impact Hub Castanhas e Biscoitos,0050305009,Massa de Chocolate - Chocolate 60% - Sak,0.016427,KG
03504013,Kit Impact Hub Castanhas e Biscoitos,0110109014,Castanha do Pará - Acará-Açu (PA),0.030801,KG
03504013,Kit Impact Hub Castanhas e Biscoitos,9990111001,Flor de Sal,0.002772,KG
03504013,Kit Impact Hub Castanhas e Biscoitos,0110109014,Castanha do Pará - Acará-Açu (PA),0.030801,KG
03504013,Kit Impact Hub Castanhas e Biscoitos,0210305004,Massa  de Cupuaçu - Sakaguchi,0.016427,KG
03504013,Kit Impact Hub Castanhas e Biscoitos,9990111001,Flor de Sal,0.002772,KG
03504013,Kit Impact Hub Castanhas e Biscoitos,0050301008,Bombom de Chocolate e Café,0.05,KG
03504013,Kit Impact Hub Castanhas e Biscoitos,0190214023,Cartão Surpresa MINI - Prima Stampa,1,UN
03504013,Kit Impact Hub Castanhas e Biscoitos,0360213002,EMBALAGEM BOMBOM DE CHOCOLATE 50G,1,UN
03504013,Kit Impact Hub Castanhas e Biscoitos,9970212003,ETIQ ADESIVA | PAPEL COUCHE A20-C | 30X3,1,UN
03504013,Kit Impact Hub Castanhas e Biscoitos,9970212004,ETIQ PIMACO A4348 LASER 100F 9600UND,1,UN
03504013,Kit Impact Hub Castanhas e Biscoitos,9990115001,SAQUINHO BIODEGRADAVEL COMPOSTAVEL,0.00166,KG
03504013,Kit Impact Hub Castanhas e Biscoitos,9990712002,ETIQUETA PARA QR CODE 40x40mm,1,UN
03504013,Kit Impact Hub Castanhas e Biscoitos,0050302010,Amêndoa de Cupuaçu Torrada - SAKAGUCHI,0.009758,KG
03504013,Kit Impact Hub Castanhas e Biscoitos,0050303010,LIQUOR DE CUPUAÇU -SAKAGUCHI,0.021558,KG
03504013,Kit Impact Hub Castanhas e Biscoitos,0140106004,Açúcar Demerara,0.006787,KG
03504013,Kit Impact Hub Castanhas e Biscoitos,9990107001,MANTEIGA DE CACAU desodorizada,0.011578,KG
03504013,Kit Impact Hub Castanhas e Biscoitos,0050309013,Castanha coberta com cupulate,0.05,KG
03504013,Kit Impact Hub Castanhas e Biscoitos,0190213028,EMBALAGEM CASTANHAS DO PARA COBERTA COM,1,UN
03504013,Kit Impact Hub Castanhas e Biscoitos,0190214023,Cartão Surpresa MINI - Prima Stampa,1,UN
03504013,Kit Impact Hub Castanhas e Biscoitos,9970212003,ETIQ ADESIVA | PAPEL COUCHE A20-C | 30X3,1,UN
03504013,Kit Impact Hub Castanhas e Biscoitos,9970212004,ETIQ PIMACO A4348 LASER 100F 9600UND,1,UN
03504013,Kit Impact Hub Castanhas e Biscoitos,9990115001,SAQUINHO BIODEGRADAVEL COMPOSTAVEL,0.0016,KG
03504013,Kit Impact Hub Castanhas e Biscoitos,9990712002,ETIQUETA PARA QR CODE 40x40mm,1,UN
03504013,Kit Impact Hub Castanhas e Biscoitos,0050308012,BISCOITO DE CASTANHA DO PARÁ COM COBERTU,0.05,KG
03504013,Kit Impact Hub Castanhas e Biscoitos,0190213029,EMBALAGEM BISCOITO DE CASTANHA DO PARA C,1,UN
03504013,Kit Impact Hub Castanhas e Biscoitos,0190214023,Cartão Surpresa MINI - Prima Stampa,1,UN
03504013,Kit Impact Hub Castanhas e Biscoitos,9970212003,ETIQ ADESIVA | PAPEL COUCHE A20-C | 30X3,1,UN
03504013,Kit Impact Hub Castanhas e Biscoitos,9970212004,ETIQ PIMACO A4348 LASER 100F 9600UND,1,UN
03504013,Kit Impact Hub Castanhas e Biscoitos,9990115001,SAQUINHO BIODEGRADAVEL COMPOSTAVEL,0.0016,KG
03504013,Kit Impact Hub Castanhas e Biscoitos,9990712002,ETIQUETA PARA QR CODE 40x40mm,1,UN
03504013,Kit Impact Hub Castanhas e Biscoitos,0050309001,Castanha do Pará banhada com chocolate,0.05,KG
03504013,Kit Impact Hub Castanhas e Biscoitos,0190214023,Cartão Surpresa MINI - Prima Stampa,1,UN
03504013,Kit Impact Hub Castanhas e Biscoitos,0360213003,EMBALAGEM CASTANHAS DO PARA COBERTA COM,1,UN
03504013,Kit Impact Hub Castanhas e Biscoitos,9970212003,ETIQ ADESIVA | PAPEL COUCHE A20-C | 30X3,1,UN
03504013,Kit Impact Hub Castanhas e Biscoitos,9970212004,ETIQ PIMACO A4348 LASER 100F 9600UND,1,UN
03504013,Kit Impact Hub Castanhas e Biscoitos,9990115001,SAQUINHO BIODEGRADAVEL COMPOSTAVEL,0.00166,KG
03504013,Kit Impact Hub Castanhas e Biscoitos,9990712002,ETIQUETA PARA QR CODE 40x40mm,1,UN
03504013,Kit Impact Hub Castanhas e Biscoitos,00504013,Bombom Chocolate com café 50g,1,UN
03504013,Kit Impact Hub Castanhas e Biscoitos,02104011,Castanha do Pará banhada com Cupulate 70,1,UN
03504013,Kit Impact Hub Castanhas e Biscoitos,02104015,Biscoito de castanha do Pará banhado com,1,UN
03504013,Kit Impact Hub Castanhas e Biscoitos,03404003,Castanha do Pará coberta com chocolate 5,1,UN
03504013,Kit Impact Hub Castanhas e Biscoitos,0070301006,Amêndoa de Cacau Seca Aprovada - Yanomam,0.010616,KG
03504014,Kit Impact Hub Mix,0050305009,Massa de Chocolate - Chocolate 60% - Sak,0.0475,KG
03504014,Kit Impact Hub Mix,0050105001,Bombom de Chocolate,0.0475,KG
03504014,Kit Impact Hub Mix,03301011001,Café em pó - Apuí,0.0025,KG
03504014,Kit Impact Hub Mix,0050301007,Amêndoa de Cacau Seca Aprovada - Sakaguc,0.010842,KG
03504014,Kit Impact Hub Mix,0210101001,Amêndoa de Cupuaçu - Sakaguchi (PA),0.0297,KG
03504014,Kit Impact Hub Mix,0050302002,Amêndoa de Cacau Torrada - Sakaguchi(PA),0.010842,KG
03504014,Kit Impact Hub Mix,0210303001,Nibs de Cupuaçu - Sakaguchi,0.039687,KG
03504014,Kit Impact Hub Mix,0050303003,Nibs de Cacau - Sakaguchi(PA),0.009856,KG
03504014,Kit Impact Hub Mix,0050304004,Liquor de Cacau - Sakaguchi (PA),0.038356,KG
03504014,Kit Impact Hub Mix,0140106004,Açúcar Demerara,0.019178,KG
03504014,Kit Impact Hub Mix,9990307005,Manteiga de Cacau Yanomami terc,0.00895,KG
03504014,Kit Impact Hub Mix,0050108008,Biscoito de castanha do Pará,0.026495,KG
03504014,Kit Impact Hub Mix,0210305004,Massa  de Cupuaçu - Sakaguchi,0.023495,KG
03504014,Kit Impact Hub Mix,9990111001,Flor de Sal,1e-05,KG
03504014,Kit Impact Hub Mix,0050305009,Massa de Chocolate - Chocolate 60% - Sak,0.016427,KG
03504014,Kit Impact Hub Mix,0110109014,Castanha do Pará - Acará-Açu (PA),0.030801,KG
03504014,Kit Impact Hub Mix,9990111001,Flor de Sal,0.002772,KG
03504014,Kit Impact Hub Mix,0050301008,Bombom de Chocolate e Café,0.05,KG
03504014,Kit Impact Hub Mix,0190214023,Cartão Surpresa MINI - Prima Stampa,1,UN
03504014,Kit Impact Hub Mix,0360213002,EMBALAGEM BOMBOM DE CHOCOLATE 50G,1,UN
03504014,Kit Impact Hub Mix,9970212003,ETIQ ADESIVA | PAPEL COUCHE A20-C | 30X3,1,UN
03504014,Kit Impact Hub Mix,9970212004,ETIQ PIMACO A4348 LASER 100F 9600UND,1,UN
03504014,Kit Impact Hub Mix,9990115001,SAQUINHO BIODEGRADAVEL COMPOSTAVEL,0.00166,KG
03504014,Kit Impact Hub Mix,9990712002,ETIQUETA PARA QR CODE 40x40mm,1,UN
03504014,Kit Impact Hub Mix,0050302010,Amêndoa de Cupuaçu Torrada - SAKAGUCHI,0.043656,KG
03504014,Kit Impact Hub Mix,0050303010,LIQUOR DE CUPUAÇU -SAKAGUCHI,0.039687,KG
03504014,Kit Impact Hub Mix,0140106004,Açúcar Demerara,0.012494,KG
03504014,Kit Impact Hub Mix,9990107001,MANTEIGA DE CACAU desodorizada,0.021314,KG
03504014,Kit Impact Hub Mix,0190213030,Embalagem - Barra de Cupulate - Sakaguch,1,UN
03504014,Kit Impact Hub Mix,0190214016,Cartão Surpresa - Prima Stampa,1,UN
03504014,Kit Impact Hub Mix,0200216011,"Papel Chumbo - Cromus - 43,5cm x 59cm",0.16,UN
03504014,Kit Impact Hub Mix,0210305004,Massa  de Cupuaçu - Sakaguchi,0.05,KG
03504014,Kit Impact Hub Mix,9970212003,ETIQ ADESIVA | PAPEL COUCHE A20-C | 30X3,1,UN
03504014,Kit Impact Hub Mix,9970212004,ETIQ PIMACO A4348 LASER 100F 9600UND,1,UN
03504014,Kit Impact Hub Mix,9990712002,ETIQUETA PARA QR CODE 40x40mm,1,UN
03504014,Kit Impact Hub Mix,0050308012,BISCOITO DE CASTANHA DO PARÁ COM COBERTU,0.05,KG
03504014,Kit Impact Hub Mix,0190213029,EMBALAGEM BISCOITO DE CASTANHA DO PARA C,1,UN
03504014,Kit Impact Hub Mix,0190214023,Cartão Surpresa MINI - Prima Stampa,1,UN
03504014,Kit Impact Hub Mix,9970212003,ETIQ ADESIVA | PAPEL COUCHE A20-C | 30X3,1,UN
03504014,Kit Impact Hub Mix,9970212004,ETIQ PIMACO A4348 LASER 100F 9600UND,1,UN
03504014,Kit Impact Hub Mix,9990115001,SAQUINHO BIODEGRADAVEL COMPOSTAVEL,0.0016,KG
03504014,Kit Impact Hub Mix,9990712002,ETIQUETA PARA QR CODE 40x40mm,1,UN
03504014,Kit Impact Hub Mix,0050309001,Castanha do Pará banhada com chocolate,0.05,KG
03504014,Kit Impact Hub Mix,0190214023,Cartão Surpresa MINI - Prima Stampa,1,UN
03504014,Kit Impact Hub Mix,0360213003,EMBALAGEM CASTANHAS DO PARA COBERTA COM,1,UN
03504014,Kit Impact Hub Mix,9970212003,ETIQ ADESIVA | PAPEL COUCHE A20-C | 30X3,1,UN
03504014,Kit Impact Hub Mix,9970212004,ETIQ PIMACO A4348 LASER 100F 9600UND,1,UN
03504014,Kit Impact Hub Mix,9990115001,SAQUINHO BIODEGRADAVEL COMPOSTAVEL,0.00166,KG
03504014,Kit Impact Hub Mix,9990712002,ETIQUETA PARA QR CODE 40x40mm,1,UN
03504014,Kit Impact Hub Mix,00504013,Bombom Chocolate com café 50g,1,UN
03504014,Kit Impact Hub Mix,02104013,Sakaguchi Cupulate 50g,1,UN
03504014,Kit Impact Hub Mix,02104015,Biscoito de castanha do Pará banhado com,1,UN
03504014,Kit Impact Hub Mix,03404003,Castanha do Pará coberta com chocolate 5,1,UN
03504014,Kit Impact Hub Mix,0070301006,Amêndoa de Cacau Seca Aprovada - Yanomam,0.010616,KG
04004007,TNC Chocolate 50%,0400101001,AMÊNDOA DE CACAU SECA APROVADA - Alto Xi,0.0275,KG
04004007,TNC Chocolate 50%,0400302001,AMÊNDOA DE CACAU TORRADA - Alto Xingu,0.0275,KG
04004007,TNC Chocolate 50%,0400303001,NIBS DE CACAU - Alto Xingu,0.025,KG
04004007,TNC Chocolate 50%,0140106004,Açúcar Demerara,0.025,KG
04004007,TNC Chocolate 50%,0400304001,LIQUOR DE CACAU - ALTO XINGU,0.025,KG
04004007,TNC Chocolate 50%,0200216011,"Papel Chumbo - Cromus - 43,5cm x 59cm",0.16,UN
04004007,TNC Chocolate 50%,0400305001,MASSA DE CHOCOLATE - CHOCOLATE - ALTO XI,0.05,KG
04004007,TNC Chocolate 50%,0400213001,EMBALAGEM  BARRA DE CHOCOLATE NTC,1,UN
04004007,TNC Chocolate 50%,0400305002,Barra  de Chocolate de Cacau Alto Xingu,1,UN
04004007,TNC Chocolate 50%,9970212004,ETIQ PIMACO A4348 LASER 100F 9600UND,1,UN
04004008,TNC V2,0400101001,AMÊNDOA DE CACAU SECA APROVADA - Alto Xi,0.01254,KG
04004008,TNC V2,0400302001,AMÊNDOA DE CACAU TORRADA - Alto Xingu,0.01254,KG
04004008,TNC V2,0400303001,NIBS DE CACAU - Alto Xingu,0.0114,KG
04004008,TNC V2,0140106004,Açúcar Demerara,0.0074,KG
04004008,TNC V2,0400304001,LIQUOR DE CACAU - ALTO XINGU,0.0114,KG
04004008,TNC V2,9990307005,Manteiga de Cacau Yanomami terc,0.0012,KG
04004008,TNC V2,0190213048,Embalagem TNC v2,1,PC
04004008,TNC V2,0200216011,"Papel Chumbo - Cromus - 43,5cm x 59cm",0.16,UN
04004008,TNC V2,0400305003,Massa de Cacau NTC v2,0.02,KG
04004008,TNC V2,9970212004,ETIQ PIMACO A4348 LASER 100F 9600UND,1,UN
04004008,TNC V2,0070301006,Amêndoa de Cacau Seca Aprovada - Yanomam,0.001423,KG
04004009,Campax 55,0400101001,AMÊNDOA DE CACAU SECA APROVADA - Alto Xi,0.03135,KG
04004009,Campax 55,0400302001,AMÊNDOA DE CACAU TORRADA - Alto Xingu,0.03135,KG
04004009,Campax 55,0400303001,NIBS DE CACAU - Alto Xingu,0.0285,KG
04004009,Campax 55,0140106004,Açúcar Demerara,0.0185,KG
04004009,Campax 55,0400304001,LIQUOR DE CACAU - ALTO XINGU,0.0285,KG
04004009,Campax 55,9990307005,Manteiga de Cacau Yanomami terc,0.003,KG
04004009,Campax 55,0190213049,Embalagem Campax 55,1,PC
04004009,Campax 55,0190213050,Embalagem Campax 70,1,PC
04004009,Campax 55,0200216011,"Papel Chumbo - Cromus - 43,5cm x 59cm",0.16,UN
04004009,Campax 55,0400305004,MASSA DE CHOCOLATE - CHOCOLATE - ALTO XI,0.05,KG
04004009,Campax 55,9970212004,ETIQ PIMACO A4348 LASER 100F 9600UND,1,UN
04004009,Campax 55,0070301006,Amêndoa de Cacau Seca Aprovada - Yanomam,0.003559,KG
04004010,Campax 70,0400101001,AMÊNDOA DE CACAU SECA APROVADA - Alto Xi,0.03465,KG
04004010,Campax 70,0400302001,AMÊNDOA DE CACAU TORRADA - Alto Xingu,0.03465,KG
04004010,Campax 70,0140106004,Açúcar Demerara,0.015,KG
04004010,Campax 70,0400303001,NIBS DE CACAU - Alto Xingu,0.0315,KG
04004010,Campax 70,9990307005,Manteiga de Cacau Yanomami terc,0.0035,KG
04004010,Campax 70,0190213050,Embalagem Campax 70,1,PC
04004010,Campax 70,0200216011,"Papel Chumbo - Cromus - 43,5cm x 59cm",0.16,UN
04004010,Campax 70,0400305005,MASSA DE CHOCOLATE - CHOCOLATE - ALTO XI,0.05,KG
04004010,Campax 70,9970212004,ETIQ PIMACO A4348 LASER 100F 9600UND,1,UN
04004010,Campax 70,0070301006,Amêndoa de Cacau Seca Aprovada - Yanomam,0.004152,KG
04104001,Ovo chocolate Branco  IBC,0050301007,Amêndoa de Cacau Seca Aprovada - Sakaguc,0.015412,KG
04104001,Ovo chocolate Branco  IBC,0050302002,Amêndoa de Cacau Torrada - Sakaguchi(PA),0.015412,KG
04104001,Ovo chocolate Branco  IBC,0050303003,Nibs de Cacau - Sakaguchi(PA),0.014011,KG
04104001,Ovo chocolate Branco  IBC,0050304004,Liquor de Cacau - Sakaguchi (PA),0.014011,KG
04104001,Ovo chocolate Branco  IBC,0140106004,Açúcar Demerara,0.007006,KG
04104001,Ovo chocolate Branco  IBC,9990307005,Manteiga de Cacau Yanomami terc,0.003269,KG
04104001,Ovo chocolate Branco  IBC,0050108008,Biscoito de castanha do Pará,0.026548,KG
04104001,Ovo chocolate Branco  IBC,0050111002,Aromatizante Puxuri,1e-05,KG
04104001,Ovo chocolate Branco  IBC,0050305009,Massa de Chocolate - Chocolate 60% - Sak,0.023352,KG
04104001,Ovo chocolate Branco  IBC,9990111001,Flor de Sal,9e-05,KG
04104001,Ovo chocolate Branco  IBC,0050111003,Semente de Cumaru,0.0025,KG
04104001,Ovo chocolate Branco  IBC,0140106805,Açúcar refinado,0.0825,KG
04104001,Ovo chocolate Branco  IBC,03001001,Leite em Pó integral,0.07,KG
04104001,Ovo chocolate Branco  IBC,9990107002,MANTEIGA DE CACAU IBC ORGÂNICA,0.095,KG
04104001,Ovo chocolate Branco  IBC,0410305001,MASSA DE CHOCOLATE BRANCO ALTAMIRA,0.25,KG
04104001,Ovo chocolate Branco  IBC,0050308011,Biscoito de castanha do Pará banhado com,0.05,KG
04104001,Ovo chocolate Branco  IBC,0190212021,Selo para Embalagem Prisma,2,UN
04104001,Ovo chocolate Branco  IBC,0190213033,Embalagem Ovo Chocolate Branco,1,UN
04104001,Ovo chocolate Branco  IBC,0190213034,Caixa para transporte Ovo 6un,0.1667,UN
04104001,Ovo chocolate Branco  IBC,0190213045,Berço para Embalagem Ovo,1,UN
04104001,Ovo chocolate Branco  IBC,0190214016,Cartão Surpresa - Prima Stampa,1,UN
04104001,Ovo chocolate Branco  IBC,0200216011,"Papel Chumbo - Cromus - 43,5cm x 59cm",0.5,UN
04104001,Ovo chocolate Branco  IBC,0410305008,FACE OVO branco,2,UN
04104001,Ovo chocolate Branco  IBC,9970212003,ETIQ ADESIVA | PAPEL COUCHE A20-C | 30X3,1,UN
04104001,Ovo chocolate Branco  IBC,9970212004,ETIQ PIMACO A4348 LASER 100F 9600UND,1,UN
04104001,Ovo chocolate Branco  IBC,9990115001,SAQUINHO BIODEGRADAVEL COMPOSTAVEL,0.0064,KG
04104001,Ovo chocolate Branco  IBC,9990115002,Blister ovo 35,2,UN
04104001,Ovo chocolate Branco  IBC,9990712002,ETIQUETA PARA QR CODE 40x40mm,1,UN
04104001,Ovo chocolate Branco  IBC,0070301006,Amêndoa de Cacau Seca Aprovada - Yanomam,0.003878,KG
04104002,OVO Marajoara 2024,0250101006,Amêndoa de Cacau Seca Aprovada - Bom Jar,0.102001,KG
04104002,OVO Marajoara 2024,0250302002,Amêndoa de Cacau Torrada - Bom Jardim,0.102001,KG
04104002,OVO Marajoara 2024,0250303003,Nibs de Cacau - Bom Jardim,0.092728,KG
04104002,OVO Marajoara 2024,0140106004,Açúcar Demerara,0.0892,KG
04104002,OVO Marajoara 2024,0250304004,Liquor de Cacau - Bom Jardim,0.137416,KG
04104002,OVO Marajoara 2024,9990107001,MANTEIGA DE CACAU desodorizada,0.014465,KG
04104002,OVO Marajoara 2024,0250305005,Massa de Chocolate  - Bom Jardim,0.16268,KG
04104002,OVO Marajoara 2024,0410305001,MASSA DE CHOCOLATE BRANCO ALTAMIRA,0.08232,KG
04104002,OVO Marajoara 2024,0250305011,Massa de chocolate Bom Jardim com rechei,0.245,KG
04104002,OVO Marajoara 2024,0050111003,Semente de Cumaru,0.002489,KG
04104002,OVO Marajoara 2024,0140106805,Açúcar refinado,0.082144,KG
04104002,OVO Marajoara 2024,03001001,Leite em Pó integral,0.069698,KG
04104002,OVO Marajoara 2024,9990107002,MANTEIGA DE CACAU IBC ORGÂNICA,0.09459,KG
04104002,OVO Marajoara 2024,0250305005,Massa de Chocolate  - Bom Jardim,0.0784,KG
04104002,OVO Marajoara 2024,0410305001,MASSA DE CHOCOLATE BRANCO ALTAMIRA,0.1666,KG
04104002,OVO Marajoara 2024,0410305002,Massa de chocolate branco com recheio BJ,0.245,KG
04104002,OVO Marajoara 2024,0170115001,Cerâmica Marajoara 2024,1,UN
04104002,OVO Marajoara 2024,0190214016,Cartão Surpresa - Prima Stampa,1,UN
04104002,OVO Marajoara 2024,0200216011,"Papel Chumbo - Cromus - 43,5cm x 59cm",0.16,UN
04104002,OVO Marajoara 2024,0250315011,Face BJ Marajoara,1,UN
04104002,OVO Marajoara 2024,0410315002,Face Branca Marajoara,1,UN
04104002,OVO Marajoara 2024,9970212004,ETIQ PIMACO A4348 LASER 100F 9600UND,1,UN
04104002,OVO Marajoara 2024,9990712002,ETIQUETA PARA QR CODE 40x40mm,1,UN
04104801,Chocolate Branco da Amazônia  Orgânico,0050111003,Semente de Cumaru,0.0008,KG
04104801,Chocolate Branco da Amazônia  Orgânico,0140106801,AÇÚCAR CRISTAL orgânico,0.0264,KG
04104801,Chocolate Branco da Amazônia  Orgânico,03001001,Leite em Pó integral,0.0224,KG
04104801,Chocolate Branco da Amazônia  Orgânico,9990107002,MANTEIGA DE CACAU IBC ORGÂNICA,0.0304,KG
04104801,Chocolate Branco da Amazônia  Orgânico,9990115801,Leite em Pó integral orgânico,0.0224,KG
04104801,Chocolate Branco da Amazônia  Orgânico,0190213046,Embalagem Display 10 unidades 80,0.1,UN
04104801,Chocolate Branco da Amazônia  Orgânico,0190213047,Embalagem de transporte 30un  80G,0.03333,UN
04104801,Chocolate Branco da Amazônia  Orgânico,0190213801,Embalagem chocolate branco orgânico,1,UN
04104801,Chocolate Branco da Amazônia  Orgânico,0190214016,Cartão Surpresa - Prima Stampa,1,UN
04104801,Chocolate Branco da Amazônia  Orgânico,0200216011,"Papel Chumbo - Cromus - 43,5cm x 59cm",0.16,UN
04104801,Chocolate Branco da Amazônia  Orgânico,0410305801,Massa de chocolate branco orgânico,0.08,KG
04104801,Chocolate Branco da Amazônia  Orgânico,9970212004,ETIQ PIMACO A4348 LASER 100F 9600UND,1,UN
04104801,Chocolate Branco da Amazônia  Orgânico,9990712002,ETIQUETA PARA QR CODE 40x40mm,1,UN
04104802,Chocolate Branco com Nibs Intenso     Or,0040301006,Amêndoa de Cacau Seca Aprovada - Vale do,0.01144,KG
04104802,Chocolate Branco com Nibs Intenso     Or,0040302002,Amêndoa de Cacau Torrada - Vale do Jarí,0.01144,KG
04104802,Chocolate Branco com Nibs Intenso     Or,0040303003,Nibs de Cacau - Vale do Jarí (PA/AP),0.0104,KG
04104802,Chocolate Branco com Nibs Intenso     Or,0050111003,Semente de Cumaru,0.0008,KG
04104802,Chocolate Branco com Nibs Intenso     Or,0140106801,AÇÚCAR CRISTAL orgânico,0.0224,KG
04104802,Chocolate Branco com Nibs Intenso     Or,03001001,Leite em Pó integral,0.0192,KG
04104802,Chocolate Branco com Nibs Intenso     Or,0420303801,NIBS DE CACAU - Fazenda Santa Ana,0.0008,KG
04104802,Chocolate Branco com Nibs Intenso     Or,9990107002,MANTEIGA DE CACAU IBC ORGÂNICA,0.0272,KG
04104802,Chocolate Branco com Nibs Intenso     Or,9990115801,Leite em Pó integral orgânico,0.0224,KG
04104802,Chocolate Branco com Nibs Intenso     Or,0190213046,Embalagem Display 10 unidades 80,0.1,UN
04104802,Chocolate Branco com Nibs Intenso     Or,0190213047,Embalagem de transporte 30un  80G,0.03333,UN
04104802,Chocolate Branco com Nibs Intenso     Or,0190213802,Embalagem chocolate branco orgânico com,1,UN
04104802,Chocolate Branco com Nibs Intenso     Or,0190214016,Cartão Surpresa - Prima Stampa,1,UN
04104802,Chocolate Branco com Nibs Intenso     Or,0200216011,"Papel Chumbo - Cromus - 43,5cm x 59cm",0.16,UN
04104802,Chocolate Branco com Nibs Intenso     Or,0410305802,Massa de chocolate branco orgânico com n,0.08,KG
04104802,Chocolate Branco com Nibs Intenso     Or,9970212004,ETIQ PIMACO A4348 LASER 100F 9600UND,1,UN
04104802,Chocolate Branco com Nibs Intenso     Or,9990712002,ETIQUETA PARA QR CODE 40x40mm,1,UN
04104802,Chocolate Branco com Nibs Intenso     Or,0420101801,AMÊNDOA DE CACAU SECA APROVADA - Fazenda,0.00088,KG
04104802,Chocolate Branco com Nibs Intenso     Or,0420302801,AMÊNDOA DE CACAU TORRADA - Fazenda Santa,0.00088,KG
04204801,Chocolate Intenso da Bahia  Orgânico,0420101801,AMÊNDOA DE CACAU SECA APROVADA - Fazenda,0.06072,KG
04204801,Chocolate Intenso da Bahia  Orgânico,0420302801,AMÊNDOA DE CACAU TORRADA - Fazenda Santa,0.06072,KG
04204801,Chocolate Intenso da Bahia  Orgânico,0420303801,NIBS DE CACAU - Fazenda Santa Ana,0.0552,KG
04204801,Chocolate Intenso da Bahia  Orgânico,0140106802,AÇÚCAR DEMERARA orgânico,0.024,KG
04204801,Chocolate Intenso da Bahia  Orgânico,0420304801,Liquor de Cacau- Fazenda Santa Ana,0.0552,KG
04204801,Chocolate Intenso da Bahia  Orgânico,9990107002,MANTEIGA DE CACAU IBC ORGÂNICA,0.0008,KG
04204801,Chocolate Intenso da Bahia  Orgânico,0190213046,Embalagem Display 10 unidades 80,0.1,UN
04204801,Chocolate Intenso da Bahia  Orgânico,0190213047,Embalagem de transporte 30un  80G,0.0333,UN
04204801,Chocolate Intenso da Bahia  Orgânico,0190213803,Embalagem  Chocolate Santa Ana orgânico,1,UN
04204801,Chocolate Intenso da Bahia  Orgânico,0190214016,Cartão Surpresa - Prima Stampa,1,UN
04204801,Chocolate Intenso da Bahia  Orgânico,0200216011,"Papel Chumbo - Cromus - 43,5cm x 59cm",0.16,UN
04204801,Chocolate Intenso da Bahia  Orgânico,0420305801,Massa de Chocolate Santa Ana orgânico,0.08,KG
04204801,Chocolate Intenso da Bahia  Orgânico,9970212004,ETIQ PIMACO A4348 LASER 100F 9600UND,1,UN
04204801,Chocolate Intenso da Bahia  Orgânico,9990712002,ETIQUETA PARA QR CODE 40x40mm,1,UN
05004001,PI Yanomami-Ye'kwana 69% 60g,0070301006,Amêndoa de Cacau Seca Aprovada - Yanomam,0.04554,KG
05004001,PI Yanomami-Ye'kwana 69% 60g,0070302002,Amêndoa de Cacau Torrada - Yanomami (RR),0.04554,KG
05004001,PI Yanomami-Ye'kwana 69% 60g,0070303003,Nibs de Cacau - Yanomami (RR),0.0414,KG
05004001,PI Yanomami-Ye'kwana 69% 60g,0070304004,Liquor de Cacau - Yanomami (RR),0.0414,KG
05004001,PI Yanomami-Ye'kwana 69% 60g,0140106004,Açúcar Demerara,0.018,KG
05004001,PI Yanomami-Ye'kwana 69% 60g,9990107001,MANTEIGA DE CACAU desodorizada,0.0006,KG
05004001,PI Yanomami-Ye'kwana 69% 60g,00704009,Yanomami-Ye&apos;kwana - Chocolate 69% C,1.2,UN
05004001,PI Yanomami-Ye'kwana 69% 60g,0070305005,Massa de Chocolate - Chocolate - Yanomam,0.06,KG
05004001,PI Yanomami-Ye'kwana 69% 60g,0190213003,Embalagem - Barra de Chocolate - Yanomam,1.2,UN
05004001,PI Yanomami-Ye'kwana 69% 60g,0190214016,Cartão Surpresa - Prima Stampa,1.2,UN
05004001,PI Yanomami-Ye'kwana 69% 60g,0200216011,"Papel Chumbo - Cromus - 43,5cm x 59cm",0.192,UN
05004001,PI Yanomami-Ye'kwana 69% 60g,9970212003,ETIQ ADESIVA | PAPEL COUCHE A20-C | 30X3,1.2,UN
05004001,PI Yanomami-Ye'kwana 69% 60g,9970212004,ETIQ PIMACO A4348 LASER 100F 9600UND,1.2,UN
05004001,PI Yanomami-Ye'kwana 69% 60g,9990712002,ETIQUETA PARA QR CODE 40x40mm,1.2,UN
05004001,PI Yanomami-Ye'kwana 69% 60g,0070321001,Barra 60g Terroir da Amazonia YANOMAMI,1,PC
05004001,PI Yanomami-Ye'kwana 69% 60g,0190213069,Caixa PI Yanomami-Ye’Kwana,1,PC
05004001,PI Yanomami-Ye'kwana 69% 60g,0190213104,Folha papel barrado Mágio,1,UN
05004001,PI Yanomami-Ye'kwana 69% 60g,019021424,CARTÃO QR,1,UN
05004001,PI Yanomami-Ye'kwana 69% 60g,9990712045,Etiqueta Lacre 2 - Adesivo transparente,1,PC
05004002,PI Paiter Suruí 70% 60g,0100301006,Amêndoa de Cacau Seca Aprovada - Paiter,0.0462,KG
05004002,PI Paiter Suruí 70% 60g,0100302002,Amêndoa de Cacau Torrada - Paiter Suruí,0.0462,KG
05004002,PI Paiter Suruí 70% 60g,0100303003,Nibs de Cacau - Paiter Suruí (RO),0.042,KG
05004002,PI Paiter Suruí 70% 60g,0140106004,Açúcar Demerara,0.018,KG
05004002,PI Paiter Suruí 70% 60g,0100305005,Massa de Chocolate - Chocolate - Paiter,0.06,KG
05004002,PI Paiter Suruí 70% 60g,0100321001,Barra 60g Terroir da Amazonia PAITER,1,PC
05004002,PI Paiter Suruí 70% 60g,0190213070,Caixa PI Paiter Suruí,1,PC
05004002,PI Paiter Suruí 70% 60g,0190213104,Folha papel barrado Mágio,1,UN
05004002,PI Paiter Suruí 70% 60g,019021424,CARTÃO QR,1,UN
05004003,MAGIO Povos Sakaguchi ao Leite 41% 60g,0050301007,Amêndoa de Cacau Seca Aprovada - Sakaguc,0.00792,KG
05004003,MAGIO Povos Sakaguchi ao Leite 41% 60g,0050302011,AMÊNDOA DE CACAU TORRADA - SAKAGUCHI  12,0.00792,KG
05004003,MAGIO Povos Sakaguchi ao Leite 41% 60g,0050303004,NIBS DE CACAU - SAKAGUCHI NT 120-35,0.0072,KG
05004003,MAGIO Povos Sakaguchi ao Leite 41% 60g,0050304005,LIQUOR DE CACAU - SAKAGUCHI  NT24,0.0072,KG
05004003,MAGIO Povos Sakaguchi ao Leite 41% 60g,0140106805,Açúcar refinado,0.02022,KG
05004003,MAGIO Povos Sakaguchi ao Leite 41% 60g,03001001,Leite em Pó integral,0.015,KG
05004003,MAGIO Povos Sakaguchi ao Leite 41% 60g,9990107001,MANTEIGA DE CACAU desodorizada,0.0174,KG
05004003,MAGIO Povos Sakaguchi ao Leite 41% 60g,9990111005,Lecitina de Soja,0.00018,LT
05004003,MAGIO Povos Sakaguchi ao Leite 41% 60g,0050305006,MASSA DE CHOCOLATE -AO LEITE   NF24,0.06,KG
05004003,MAGIO Povos Sakaguchi ao Leite 41% 60g,0050321001,Barra 60g Terroir da Amazonia Saka ao le,1,PC
05004003,MAGIO Povos Sakaguchi ao Leite 41% 60g,0190213057,Embalagem – mod. Envelope p/ barra,1,PC
05004003,MAGIO Povos Sakaguchi ao Leite 41% 60g,0190213104,Folha papel barrado Mágio,1,UN
05004003,MAGIO Povos Sakaguchi ao Leite 41% 60g,019021424,CARTÃO QR,1,UN
05004003,MAGIO Povos Sakaguchi ao Leite 41% 60g,9990712025,Etiqueta dif PF Sakaguchi ao Leite 6x12,1,PC
05004003,MAGIO Povos Sakaguchi ao Leite 41% 60g,9990712035,Etiqueta Bra PF Sakaguchi ao Leite verso,1,PC
05004003,MAGIO Povos Sakaguchi ao Leite 41% 60g,9990712045,Etiqueta Lacre 2 - Adesivo transparente,1,PC
05004003,MAGIO Povos Sakaguchi ao Leite 41% 60g,9990712046,Etiqueta Lacre 1  - Adesivo com hot stam,1,PC
05004003,MAGIO Povos Sakaguchi ao Leite 41% 60g,9990712056,Etiqueta alto teor de açúcar e gordura,1,PC
05004004,MAGIO Povos Acará-Açu 75% 60g,0110301006,Amêndoa de Cacau Seca Aprovada -  Acará-,0.0495,KG
05004004,MAGIO Povos Acará-Açu 75% 60g,0110302002,Amêndoa de Cacau Torrada -  Acará-Açu (P,0.0495,KG
05004004,MAGIO Povos Acará-Açu 75% 60g,0110303003,Nibs de Cacau - Acará-Açu (PA),0.045,KG
05004004,MAGIO Povos Acará-Açu 75% 60g,0140106004,Açúcar Demerara,0.015,KG
05004004,MAGIO Povos Acará-Açu 75% 60g,0110305005,Massa de Chocolate - Chocolate - Acará-A,0.06,KG
05004004,MAGIO Povos Acará-Açu 75% 60g,0110321001,Barra 60g Terroir da Amazonia ACARÁ,1,PC
05004004,MAGIO Povos Acará-Açu 75% 60g,0190213057,Embalagem – mod. Envelope p/ barra,1,PC
05004004,MAGIO Povos Acará-Açu 75% 60g,0190213104,Folha papel barrado Mágio,1,UN
05004004,MAGIO Povos Acará-Açu 75% 60g,019021424,CARTÃO QR,1,UN
05004004,MAGIO Povos Acará-Açu 75% 60g,9990712026,Etiqueta de dif Povos Acará-Açu 6x12,1,PC
05004004,MAGIO Povos Acará-Açu 75% 60g,9990712036,Etiqueta Branca Povos Acará-Açu 4.5x14.5,1,PC
05004004,MAGIO Povos Acará-Açu 75% 60g,9990712045,Etiqueta Lacre 2 - Adesivo transparente,1,PC
05004004,MAGIO Povos Acará-Açu 75% 60g,9990712046,Etiqueta Lacre 1  - Adesivo com hot stam,1,PC
05004004,MAGIO Povos Acará-Açu 75% 60g,9990712056,Etiqueta alto teor de açúcar e gordura,1,PC
05004005,MAGIO Povos Bom Jardim 63% 60g,0140106004,Açúcar Demerara,0.0216,KG
05004005,MAGIO Povos Bom Jardim 63% 60g,0250304004,Liquor de Cacau - Bom Jardim,0.033,KG
05004005,MAGIO Povos Bom Jardim 63% 60g,9990107001,MANTEIGA DE CACAU desodorizada,0.0036,KG
05004005,MAGIO Povos Bom Jardim 63% 60g,9990111005,Lecitina de Soja,6e-05,LT
05004005,MAGIO Povos Bom Jardim 63% 60g,0250101006,Amêndoa de Cacau Seca Aprovada - Bom Jar,0.0363,KG
05004005,MAGIO Povos Bom Jardim 63% 60g,0250302002,Amêndoa de Cacau Torrada - Bom Jardim,0.0363,KG
05004005,MAGIO Povos Bom Jardim 63% 60g,0250303003,Nibs de Cacau - Bom Jardim,0.033,KG
05004005,MAGIO Povos Bom Jardim 63% 60g,0050305008,MASSA DE CHOCOLATE -INTENSO NF24,0.06,KG
05004005,MAGIO Povos Bom Jardim 63% 60g,0190213057,Embalagem – mod. Envelope p/ barra,1,PC
05004005,MAGIO Povos Bom Jardim 63% 60g,0190213104,Folha papel barrado Mágio,1,UN
05004005,MAGIO Povos Bom Jardim 63% 60g,019021424,CARTÃO QR,1,UN
05004005,MAGIO Povos Bom Jardim 63% 60g,0250321001,Barra 60g Terroir da Amazonia BOM JARDIM,1,PC
05004005,MAGIO Povos Bom Jardim 63% 60g,9990712027,Etiqueta de dif Povos Bom Jardim 6x12,1,PC
05004005,MAGIO Povos Bom Jardim 63% 60g,9990712037,Etiqueta Branca PF Bom Jardim 4.5x14.5,1,PC
05004005,MAGIO Povos Bom Jardim 63% 60g,9990712045,Etiqueta Lacre 2 - Adesivo transparente,1,PC
05004005,MAGIO Povos Bom Jardim 63% 60g,9990712046,Etiqueta Lacre 1  - Adesivo com hot stam,1,PC
05004005,MAGIO Povos Bom Jardim 63% 60g,9990712056,Etiqueta alto teor de açúcar e gordura,1,PC
05004006,MAGIO Povos Vale do Jari 65% 60g,0040303003,Nibs de Cacau - Vale do Jarí (PA/AP),0.039,KG
05004006,MAGIO Povos Vale do Jari 65% 60g,0140106004,Açúcar Demerara,0.021,KG
05004006,MAGIO Povos Vale do Jari 65% 60g,0040301006,Amêndoa de Cacau Seca Aprovada - Vale do,0.0429,KG
05004006,MAGIO Povos Vale do Jari 65% 60g,0040302002,Amêndoa de Cacau Torrada - Vale do Jarí,0.0429,KG
05004006,MAGIO Povos Vale do Jari 65% 60g,00403005,Massa de Chocolate - Chocolate - Vale do,0.06,KG
05004006,MAGIO Povos Vale do Jari 65% 60g,0050321021,Barra 60g Terroir da Amazonia Vale do Ja,1,PC
05004006,MAGIO Povos Vale do Jari 65% 60g,0190213057,Embalagem – mod. Envelope p/ barra,1,PC
05004006,MAGIO Povos Vale do Jari 65% 60g,0190213104,Folha papel barrado Mágio,1,UN
05004006,MAGIO Povos Vale do Jari 65% 60g,019021424,CARTÃO QR,1,UN
05004006,MAGIO Povos Vale do Jari 65% 60g,9990712028,Etiqueta de dif Povos Vale do Jari 6x12,1,PC
05004006,MAGIO Povos Vale do Jari 65% 60g,9990712038,Etiqueta Branca PF Vale do Jari 4.5x14.5,1,PC
05004006,MAGIO Povos Vale do Jari 65% 60g,9990712045,Etiqueta Lacre 2 - Adesivo transparente,1,PC
05004006,MAGIO Povos Vale do Jari 65% 60g,9990712046,Etiqueta Lacre 1  - Adesivo com hot stam,1,PC
05004006,MAGIO Povos Vale do Jari 65% 60g,9990712056,Etiqueta alto teor de açúcar e gordura,1,PC
05004007,MAGIO Povos Sakaguchi 78% 60g,0050301007,Amêndoa de Cacau Seca Aprovada - Sakaguc,0.05148,KG
05004007,MAGIO Povos Sakaguchi 78% 60g,0050302002,Amêndoa de Cacau Torrada - Sakaguchi(PA),0.05148,KG
05004007,MAGIO Povos Sakaguchi 78% 60g,0050303003,Nibs de Cacau - Sakaguchi(PA),0.0468,KG
05004007,MAGIO Povos Sakaguchi 78% 60g,0050304004,Liquor de Cacau - Sakaguchi (PA),0.0468,KG
05004007,MAGIO Povos Sakaguchi 78% 60g,0140106004,Açúcar Demerara,0.012,KG
05004007,MAGIO Povos Sakaguchi 78% 60g,9990107001,MANTEIGA DE CACAU desodorizada,0.00012,KG
05004007,MAGIO Povos Sakaguchi 78% 60g,00504009,Sakaguchi - Chocolate 78% Cacau - 50g,1.2,UN
05004007,MAGIO Povos Sakaguchi 78% 60g,0050305005,Massa de Chocolate - Chocolate - Sakaguc,0.06,KG
05004007,MAGIO Povos Sakaguchi 78% 60g,0190213004,Embalagem - Barra de Chocolate - Sakaguc,1.2,UN
05004007,MAGIO Povos Sakaguchi 78% 60g,0190214016,Cartão Surpresa - Prima Stampa,1.2,UN
05004007,MAGIO Povos Sakaguchi 78% 60g,0200216011,"Papel Chumbo - Cromus - 43,5cm x 59cm",0.192,UN
05004007,MAGIO Povos Sakaguchi 78% 60g,9970212003,ETIQ ADESIVA | PAPEL COUCHE A20-C | 30X3,1.2,UN
05004007,MAGIO Povos Sakaguchi 78% 60g,9970212004,ETIQ PIMACO A4348 LASER 100F 9600UND,1.2,UN
05004007,MAGIO Povos Sakaguchi 78% 60g,9990307005,Manteiga de Cacau Yanomami terc,0.0024,KG
05004007,MAGIO Povos Sakaguchi 78% 60g,9990712002,ETIQUETA PARA QR CODE 40x40mm,1.2,UN
05004007,MAGIO Povos Sakaguchi 78% 60g,0050321002,Barra 60g Terroir da Amazonia SAKA,1,PC
05004007,MAGIO Povos Sakaguchi 78% 60g,0190213057,Embalagem – mod. Envelope p/ barra,1,PC
05004007,MAGIO Povos Sakaguchi 78% 60g,0190213104,Folha papel barrado Mágio,1,UN
05004007,MAGIO Povos Sakaguchi 78% 60g,019021424,CARTÃO QR,1,UN
05004007,MAGIO Povos Sakaguchi 78% 60g,9990712029,Etiqueta de dif Povos Sakaguchi 78 6x12,1,PC
05004007,MAGIO Povos Sakaguchi 78% 60g,9990712039,Etiqueta Branca PF Sakaguchi 78 (verso),1,PC
05004007,MAGIO Povos Sakaguchi 78% 60g,9990712045,Etiqueta Lacre 2 - Adesivo transparente,1,PC
05004007,MAGIO Povos Sakaguchi 78% 60g,9990712046,Etiqueta Lacre 1  - Adesivo com hot stam,1,PC
05004007,MAGIO Povos Sakaguchi 78% 60g,9990712056,Etiqueta alto teor de açúcar e gordura,1,PC
05004007,MAGIO Povos Sakaguchi 78% 60g,0070301006,Amêndoa de Cacau Seca Aprovada - Yanomam,0.002847,KG
05004008,MAGIO Povos Sakaguchi Cupulate 58% 60g,0210101001,Amêndoa de Cupuaçu - Sakaguchi (PA),0.03564,KG
05004008,MAGIO Povos Sakaguchi Cupulate 58% 60g,0210303001,Nibs de Cupuaçu - Sakaguchi,0.0324,KG
05004008,MAGIO Povos Sakaguchi Cupulate 58% 60g,02104013,Sakaguchi Cupulate 50g,1.2,UN
05004008,MAGIO Povos Sakaguchi Cupulate 58% 60g,0050302010,Amêndoa de Cupuaçu Torrada - SAKAGUCHI,0.03564,KG
05004008,MAGIO Povos Sakaguchi Cupulate 58% 60g,0050303010,LIQUOR DE CUPUAÇU -SAKAGUCHI,0.0324,KG
05004008,MAGIO Povos Sakaguchi Cupulate 58% 60g,0140106004,Açúcar Demerara,0.0102,KG
05004008,MAGIO Povos Sakaguchi Cupulate 58% 60g,9990107001,MANTEIGA DE CACAU desodorizada,0.0174,KG
05004008,MAGIO Povos Sakaguchi Cupulate 58% 60g,0190213030,Embalagem - Barra de Cupulate - Sakaguch,1.2,UN
05004008,MAGIO Povos Sakaguchi Cupulate 58% 60g,0190214016,Cartão Surpresa - Prima Stampa,1.2,UN
05004008,MAGIO Povos Sakaguchi Cupulate 58% 60g,0200216011,"Papel Chumbo - Cromus - 43,5cm x 59cm",0.192,UN
05004008,MAGIO Povos Sakaguchi Cupulate 58% 60g,0210305004,Massa  de Cupuaçu - Sakaguchi,0.06,KG
05004008,MAGIO Povos Sakaguchi Cupulate 58% 60g,9970212003,ETIQ ADESIVA | PAPEL COUCHE A20-C | 30X3,1.2,UN
05004008,MAGIO Povos Sakaguchi Cupulate 58% 60g,9970212004,ETIQ PIMACO A4348 LASER 100F 9600UND,1.2,UN
05004008,MAGIO Povos Sakaguchi Cupulate 58% 60g,9990712002,ETIQUETA PARA QR CODE 40x40mm,1.2,UN
05004008,MAGIO Povos Sakaguchi Cupulate 58% 60g,0050321003,Barra 60g Terroir da Amazonia SAKA CUPU,1,PC
05004008,MAGIO Povos Sakaguchi Cupulate 58% 60g,0190213057,Embalagem – mod. Envelope p/ barra,1,PC
05004008,MAGIO Povos Sakaguchi Cupulate 58% 60g,0190213104,Folha papel barrado Mágio,1,UN
05004008,MAGIO Povos Sakaguchi Cupulate 58% 60g,019021424,CARTÃO QR,1,UN
05004008,MAGIO Povos Sakaguchi Cupulate 58% 60g,9990712030,Etiqueta de dif PF Sakaguchi Cupu 6x12,1,PC
05004008,MAGIO Povos Sakaguchi Cupulate 58% 60g,9990712040,Etiqueta Branca Povos Sakaguchi Cupu,1,PC
05004008,MAGIO Povos Sakaguchi Cupulate 58% 60g,9990712045,Etiqueta Lacre 2 - Adesivo transparente,1,PC
05004008,MAGIO Povos Sakaguchi Cupulate 58% 60g,9990712046,Etiqueta Lacre 1  - Adesivo com hot stam,1,PC
05004008,MAGIO Povos Sakaguchi Cupulate 58% 60g,9990712055,Etiqueta alto teor de açúcar 1.3x1.8,1,PC
05004009,MAGIO Povos Xiba 81% 60g,0010301006,Amêndoa de Cacau Seca Aprovada - Xiba,0.034749,KG
05004009,MAGIO Povos Xiba 81% 60g,0010302002,Amêndoa de Cacau Torrada - Xiba,0.05346,KG
05004009,MAGIO Povos Xiba 81% 60g,0010303003,Nibs de Cacau - Xiba,0.0486,KG
05004009,MAGIO Povos Xiba 81% 60g,0010304004,Liquor de Cacau - Xiba,0.0486,KG
05004009,MAGIO Povos Xiba 81% 60g,0140106004,Açúcar Demerara,0.0114,KG
05004009,MAGIO Povos Xiba 81% 60g,00104009,Xiba - Chocolate 81% Cacau - 50g,1.2,UN
05004009,MAGIO Povos Xiba 81% 60g,0010305005,Massa de Chocolate - Chocolate - Xiba,0.06,KG
05004009,MAGIO Povos Xiba 81% 60g,0190213001,Embalagem - Barra de Chocolate - Xiba -,1.2,UN
05004009,MAGIO Povos Xiba 81% 60g,0190214016,Cartão Surpresa - Prima Stampa,1.2,UN
05004009,MAGIO Povos Xiba 81% 60g,0200216011,"Papel Chumbo - Cromus - 43,5cm x 59cm",0.192,UN
05004009,MAGIO Povos Xiba 81% 60g,9970212003,ETIQ ADESIVA | PAPEL COUCHE A20-C | 30X3,1.2,UN
05004009,MAGIO Povos Xiba 81% 60g,9970212004,ETIQ PIMACO A4348 LASER 100F 9600UND,1.2,UN
05004009,MAGIO Povos Xiba 81% 60g,9990307005,Manteiga de Cacau Yanomami terc,0.0024,KG
05004009,MAGIO Povos Xiba 81% 60g,9990712002,ETIQUETA PARA QR CODE 40x40mm,1.2,UN
05004009,MAGIO Povos Xiba 81% 60g,0010321001,Barra 60g Terroir da Amazonia XIBA 81%,1,PC
05004009,MAGIO Povos Xiba 81% 60g,0190213057,Embalagem – mod. Envelope p/ barra,1,PC
05004009,MAGIO Povos Xiba 81% 60g,0190213104,Folha papel barrado Mágio,1,UN
05004009,MAGIO Povos Xiba 81% 60g,019021424,CARTÃO QR,1,UN
05004009,MAGIO Povos Xiba 81% 60g,9990712031,Etiqueta de dif Povos Xiba 6x12,1,PC
05004009,MAGIO Povos Xiba 81% 60g,9990712041,Etiqueta Branca Povos Xiba 4.5x14.5,1,PC
05004009,MAGIO Povos Xiba 81% 60g,9990712045,Etiqueta Lacre 2 - Adesivo transparente,1,PC
05004009,MAGIO Povos Xiba 81% 60g,9990712046,Etiqueta Lacre 1  - Adesivo com hot stam,1,PC
05004009,MAGIO Povos Xiba 81% 60g,9990712056,Etiqueta alto teor de açúcar e gordura,1,PC
05004009,MAGIO Povos Xiba 81% 60g,0070301006,Amêndoa de Cacau Seca Aprovada - Yanomam,0.002847,KG
05004010,MAGIO Povos Mocajuba 74% 60g,0020301006,Amêndoa de Cacau Seca Aprovada - Mocajub,0.04884,KG
05004010,MAGIO Povos Mocajuba 74% 60g,0020302002,Amêndoa de Cacau Torrada - Mocajuba (PA),0.04884,KG
05004010,MAGIO Povos Mocajuba 74% 60g,0020303003,Nibs de Cacau - Mocajuba (PA),0.0444,KG
05004010,MAGIO Povos Mocajuba 74% 60g,0020304004,Liquor de Cacau - Mocajuba (PA),0.0444,KG
05004010,MAGIO Povos Mocajuba 74% 60g,0140106004,Açúcar Demerara,0.0156,KG
05004010,MAGIO Povos Mocajuba 74% 60g,00204009,Mocajuba - Chocolate 74% Cacau - 50g,1.2,UN
05004010,MAGIO Povos Mocajuba 74% 60g,0020305005,Massa de Chocolate - Chocolate - Mocajub,0.06,KG
05004010,MAGIO Povos Mocajuba 74% 60g,0190213002,Embalagem - Barra de Chocolate - Mocajub,1.2,UN
05004010,MAGIO Povos Mocajuba 74% 60g,0190214016,Cartão Surpresa - Prima Stampa,1.2,UN
05004010,MAGIO Povos Mocajuba 74% 60g,0200216011,"Papel Chumbo - Cromus - 43,5cm x 59cm",0.192,UN
05004010,MAGIO Povos Mocajuba 74% 60g,9970212003,ETIQ ADESIVA | PAPEL COUCHE A20-C | 30X3,1.2,UN
05004010,MAGIO Povos Mocajuba 74% 60g,9970212004,ETIQ PIMACO A4348 LASER 100F 9600UND,1.2,UN
05004010,MAGIO Povos Mocajuba 74% 60g,9990712002,ETIQUETA PARA QR CODE 40x40mm,1.2,UN
05004010,MAGIO Povos Mocajuba 74% 60g,0020321001,Barra 60g Terroir da Amazonia MOCA,1,PC
05004010,MAGIO Povos Mocajuba 74% 60g,0190213057,Embalagem – mod. Envelope p/ barra,1,PC
05004010,MAGIO Povos Mocajuba 74% 60g,0190213104,Folha papel barrado Mágio,1,UN
05004010,MAGIO Povos Mocajuba 74% 60g,019021424,CARTÃO QR,1,UN
05004010,MAGIO Povos Mocajuba 74% 60g,9990712032,Etiqueta de dif Povos Mocajuba 6x12,1,PC
05004010,MAGIO Povos Mocajuba 74% 60g,9990712042,Etiqueta Branca Povos Mocajuba 4.5x14.5,1,PC
05004010,MAGIO Povos Mocajuba 74% 60g,9990712045,Etiqueta Lacre 2 - Adesivo transparente,1,PC
05004010,MAGIO Povos Mocajuba 74% 60g,9990712046,Etiqueta Lacre 1  - Adesivo com hot stam,1,PC
05004010,MAGIO Povos Mocajuba 74% 60g,9990712056,Etiqueta alto teor de açúcar e gordura,1,PC
05004011,MAGIO Povos Kunkuni Cupulate 58% 60g,00804010,Kunkuni - Cupulate 70% Cupuaçi - 50g,1.2,UN
05004011,MAGIO Povos Kunkuni Cupulate 58% 60g,0080301006,Amêndoa de Cupuaçu Aprovada - Santa Bárb,0.03828,KG
05004011,MAGIO Povos Kunkuni Cupulate 58% 60g,0080302002,Amêndoa de Cupuaçu Torrada - Santa Bárba,0.03828,KG
05004011,MAGIO Povos Kunkuni Cupulate 58% 60g,0080303003,Nibs de Cupuaçu - Santa Bárbara (PA),0.0348,KG
05004011,MAGIO Povos Kunkuni Cupulate 58% 60g,0080304008,Liquor de Cupuaçu - Santa Bárbara (PA),0.0348,KG
05004011,MAGIO Povos Kunkuni Cupulate 58% 60g,0140106004,Açúcar Demerara,0.015,KG
05004011,MAGIO Povos Kunkuni Cupulate 58% 60g,9990107001,MANTEIGA DE CACAU desodorizada,0.0102,KG
05004011,MAGIO Povos Kunkuni Cupulate 58% 60g,0080305004,Massa de  Cupuaçu - Santa Bárbara (PA),0.06,KG
05004011,MAGIO Povos Kunkuni Cupulate 58% 60g,0190213007,Embalagem - Barra de Cupulate - Kunkuni,1.2,UN
05004011,MAGIO Povos Kunkuni Cupulate 58% 60g,0190214016,Cartão Surpresa - Prima Stampa,1.2,UN
05004011,MAGIO Povos Kunkuni Cupulate 58% 60g,0200216011,"Papel Chumbo - Cromus - 43,5cm x 59cm",0.192,UN
05004011,MAGIO Povos Kunkuni Cupulate 58% 60g,9970212003,ETIQ ADESIVA | PAPEL COUCHE A20-C | 30X3,1.2,UN
05004011,MAGIO Povos Kunkuni Cupulate 58% 60g,9970212004,ETIQ PIMACO A4348 LASER 100F 9600UND,1.2,UN
05004011,MAGIO Povos Kunkuni Cupulate 58% 60g,9990712002,ETIQUETA PARA QR CODE 40x40mm,1.2,UN
05004011,MAGIO Povos Kunkuni Cupulate 58% 60g,0050321022,Barra 60g Terroir da Amazonia Kunkuni,1,PC
05004011,MAGIO Povos Kunkuni Cupulate 58% 60g,0190213057,Embalagem – mod. Envelope p/ barra,1,PC
05004011,MAGIO Povos Kunkuni Cupulate 58% 60g,0190213104,Folha papel barrado Mágio,1,UN
05004011,MAGIO Povos Kunkuni Cupulate 58% 60g,019021424,CARTÃO QR,1,UN
05004011,MAGIO Povos Kunkuni Cupulate 58% 60g,9990712033,Etiqueta de dif Povos Kunkuni Cupu 6x12,1,PC
05004011,MAGIO Povos Kunkuni Cupulate 58% 60g,9990712043,Etiqueta Branca PF Kunkuni Cupu 4.5x14.5,1,PC
05004011,MAGIO Povos Kunkuni Cupulate 58% 60g,9990712045,Etiqueta Lacre 2 - Adesivo transparente,1,PC
05004011,MAGIO Povos Kunkuni Cupulate 58% 60g,9990712046,Etiqueta Lacre 1  - Adesivo com hot stam,1,PC
05004011,MAGIO Povos Kunkuni Cupulate 58% 60g,9990712055,Etiqueta alto teor de açúcar 1.3x1.8,1,PC
05004012,MAGIO Povos AMABELA Cupulate  54% 60g,00604010,AMABELA - Cupulate 65% Cupuaçu - 50g,1.2,UN
05004012,MAGIO Povos AMABELA Cupulate  54% 60g,0060101006,Amêndoa de Cupuaçu Aprovada - AMABELA (P,0.03564,KG
05004012,MAGIO Povos AMABELA Cupulate  54% 60g,0060302002,Amêndoa de Cupuaçu -Torrada- AMABELA (PA,0.03564,KG
05004012,MAGIO Povos AMABELA Cupulate  54% 60g,0060303003,Nibs de Cupuaçu - AMABELA (PA),0.0324,KG
05004012,MAGIO Povos AMABELA Cupulate  54% 60g,0060304004,Liquor de Cupuaçu - AMABELA (PA),0.0324,KG
05004012,MAGIO Povos AMABELA Cupulate  54% 60g,0140106004,Açúcar Demerara,0.0174,KG
05004012,MAGIO Povos AMABELA Cupulate  54% 60g,9990107001,MANTEIGA DE CACAU desodorizada,0.0102,KG
05004012,MAGIO Povos AMABELA Cupulate  54% 60g,0060305008,Massa de Chocolate - Cupulate - AMABELA,0.06,KG
05004012,MAGIO Povos AMABELA Cupulate  54% 60g,0190213011,Embalagem - Barra de Cupulate - AMABELA,1.2,UN
05004012,MAGIO Povos AMABELA Cupulate  54% 60g,0190214016,Cartão Surpresa - Prima Stampa,1.2,UN
05004012,MAGIO Povos AMABELA Cupulate  54% 60g,0200216011,"Papel Chumbo - Cromus - 43,5cm x 59cm",0.192,UN
05004012,MAGIO Povos AMABELA Cupulate  54% 60g,9970212003,ETIQ ADESIVA | PAPEL COUCHE A20-C | 30X3,1.2,UN
05004012,MAGIO Povos AMABELA Cupulate  54% 60g,9970212004,ETIQ PIMACO A4348 LASER 100F 9600UND,1.2,UN
05004012,MAGIO Povos AMABELA Cupulate  54% 60g,9990712002,ETIQUETA PARA QR CODE 40x40mm,1.2,UN
05004012,MAGIO Povos AMABELA Cupulate  54% 60g,0050321023,Barra 60g Terroir da Amazonia Amabela,1,PC
05004012,MAGIO Povos AMABELA Cupulate  54% 60g,0190213057,Embalagem – mod. Envelope p/ barra,1,PC
05004012,MAGIO Povos AMABELA Cupulate  54% 60g,0190213104,Folha papel barrado Mágio,1,UN
05004012,MAGIO Povos AMABELA Cupulate  54% 60g,019021424,CARTÃO QR,1,UN
05004012,MAGIO Povos AMABELA Cupulate  54% 60g,9990712034,Etiqueta de dif Povos AMABELA Cupu 6x12,1,PC
05004012,MAGIO Povos AMABELA Cupulate  54% 60g,9990712044,Etiqueta Branca PF AMABELA Cupu 4.5x14.5,1,PC
05004012,MAGIO Povos AMABELA Cupulate  54% 60g,9990712045,Etiqueta Lacre 2 - Adesivo transparente,1,PC
05004012,MAGIO Povos AMABELA Cupulate  54% 60g,9990712046,Etiqueta Lacre 1  - Adesivo com hot stam,1,PC
05004012,MAGIO Povos AMABELA Cupulate  54% 60g,9990712055,Etiqueta alto teor de açúcar 1.3x1.8,1,PC
05004013,Mini Rochers 6 ao leite / intenso e bran,0020301006,Amêndoa de Cacau Seca Aprovada - Mocajub,0.004029,KG
05004013,Mini Rochers 6 ao leite / intenso e bran,0020302002,Amêndoa de Cacau Torrada - Mocajuba (PA),0.004029,KG
05004013,Mini Rochers 6 ao leite / intenso e bran,0020303003,Nibs de Cacau - Mocajuba (PA),0.003663,KG
05004013,Mini Rochers 6 ao leite / intenso e bran,0020304004,Liquor de Cacau - Mocajuba (PA),0.003663,KG
05004013,Mini Rochers 6 ao leite / intenso e bran,0140106004,Açúcar Demerara,0.002398,KG
05004013,Mini Rochers 6 ao leite / intenso e bran,9990107001,MANTEIGA DE CACAU desodorizada,0.000533,KG
05004013,Mini Rochers 6 ao leite / intenso e bran,9990111005,Lecitina de Soja,2e-05,LT
05004013,Mini Rochers 6 ao leite / intenso e bran,0050301007,Amêndoa de Cacau Seca Aprovada - Sakaguc,0.000879,KG
05004013,Mini Rochers 6 ao leite / intenso e bran,0050302011,AMÊNDOA DE CACAU TORRADA - SAKAGUCHI  12,0.000879,KG
05004013,Mini Rochers 6 ao leite / intenso e bran,0050303004,NIBS DE CACAU - SAKAGUCHI NT 120-35,0.000799,KG
05004013,Mini Rochers 6 ao leite / intenso e bran,0050304005,LIQUOR DE CACAU - SAKAGUCHI  NT24,0.003176,KG
05004013,Mini Rochers 6 ao leite / intenso e bran,0140106805,Açúcar refinado,0.008921,KG
05004013,Mini Rochers 6 ao leite / intenso e bran,03001001,Leite em Pó integral,0.006618,KG
05004013,Mini Rochers 6 ao leite / intenso e bran,9990107001,MANTEIGA DE CACAU desodorizada,0.007676,KG
05004013,Mini Rochers 6 ao leite / intenso e bran,9990111005,Lecitina de Soja,7.9e-05,LT
05004013,Mini Rochers 6 ao leite / intenso e bran,0050111003,Semente de Cumaru,0.000267,KG
05004013,Mini Rochers 6 ao leite / intenso e bran,0140106805,Açúcar refinado,0.0088,KG
05004013,Mini Rochers 6 ao leite / intenso e bran,03001001,Leite em Pó integral,0.007466,KG
05004013,Mini Rochers 6 ao leite / intenso e bran,9990107002,MANTEIGA DE CACAU IBC ORGÂNICA,0.010133,KG
05004013,Mini Rochers 6 ao leite / intenso e bran,05104003,Lua Cheia Chocolate Ao Leite 20g,2,PC
05004013,Mini Rochers 6 ao leite / intenso e bran,05104004,Lua Cheia Chocolate Branco 20g,2,PC
05004013,Mini Rochers 6 ao leite / intenso e bran,05104005,Lua Cheia Chocolate Intenso 20g,2,PC
05004013,Mini Rochers 6 ao leite / intenso e bran,0050305006,MASSA DE CHOCOLATE -AO LEITE   NF24,0.00666,KG
05004013,Mini Rochers 6 ao leite / intenso e bran,9990111042,Xerem de Castanha de Caju,0.00334,KG
05004013,Mini Rochers 6 ao leite / intenso e bran,9990311040,Colagem praliné para lua cheia,0.03,PC
05004013,Mini Rochers 6 ao leite / intenso e bran,0410305001,MASSA DE CHOCOLATE BRANCO ALTAMIRA,0.026666,KG
05004013,Mini Rochers 6 ao leite / intenso e bran,9990111042,Xerem de Castanha de Caju,0.005334,KG
05004013,Mini Rochers 6 ao leite / intenso e bran,9990311040,Colagem praliné para lua cheia,0.008,PC
05004013,Mini Rochers 6 ao leite / intenso e bran,0020305008,Massa de Chocolate - Mocajuba Intenso,0.00666,KG
05004013,Mini Rochers 6 ao leite / intenso e bran,9990111042,Xerem de Castanha de Caju,0.00334,KG
05004013,Mini Rochers 6 ao leite / intenso e bran,9990311040,Colagem praliné para lua cheia,0.03,PC
05004013,Mini Rochers 6 ao leite / intenso e bran,9990107001,MANTEIGA DE CACAU desodorizada,0.000297,KG
05004013,Mini Rochers 6 ao leite / intenso e bran,0050305006,MASSA DE CHOCOLATE -AO LEITE   NF24,0.044907,KG
05004013,Mini Rochers 6 ao leite / intenso e bran,9990107001,MANTEIGA DE CACAU desodorizada,0.003772,KG
05004013,Mini Rochers 6 ao leite / intenso e bran,9990307008,Pomada de manteiga de cacau,0.000673,PC
05004013,Mini Rochers 6 ao leite / intenso e bran,9990311043,Praliné de Avelã,0.01865,PC
05004013,Mini Rochers 6 ao leite / intenso e bran,0140106805,Açúcar refinado,0.00746,KG
05004013,Mini Rochers 6 ao leite / intenso e bran,9990111020,Avelã,0.01119,KG
05004014,MAGIO Língua de Onça Intso Praliné Cx80g,0020301006,Amêndoa de Cacau Seca Aprovada - Mocajub,0.02875,KG
05004014,MAGIO Língua de Onça Intso Praliné Cx80g,0020302002,Amêndoa de Cacau Torrada - Mocajuba (PA),0.02875,KG
05004014,MAGIO Língua de Onça Intso Praliné Cx80g,0020303003,Nibs de Cacau - Mocajuba (PA),0.026136,KG
05004014,MAGIO Língua de Onça Intso Praliné Cx80g,0020304004,Liquor de Cacau - Mocajuba (PA),0.026136,KG
05004014,MAGIO Língua de Onça Intso Praliné Cx80g,0140106004,Açúcar Demerara,0.017107,KG
05004014,MAGIO Língua de Onça Intso Praliné Cx80g,9990107001,MANTEIGA DE CACAU desodorizada,0.003802,KG
05004014,MAGIO Língua de Onça Intso Praliné Cx80g,9990111005,Lecitina de Soja,0.000143,LT
05004014,MAGIO Língua de Onça Intso Praliné Cx80g,0050301007,Amêndoa de Cacau Seca Aprovada - Sakaguc,0.000945,KG
05004014,MAGIO Língua de Onça Intso Praliné Cx80g,0050302011,AMÊNDOA DE CACAU TORRADA - SAKAGUCHI  12,0.000945,KG
05004014,MAGIO Língua de Onça Intso Praliné Cx80g,0050303004,NIBS DE CACAU - SAKAGUCHI NT 120-35,0.000859,KG
05004014,MAGIO Língua de Onça Intso Praliné Cx80g,0050304005,LIQUOR DE CACAU - SAKAGUCHI  NT24,0.000859,KG
05004014,MAGIO Língua de Onça Intso Praliné Cx80g,0140106805,Açúcar refinado,0.002414,KG
05004014,MAGIO Língua de Onça Intso Praliné Cx80g,03001001,Leite em Pó integral,0.001791,KG
05004014,MAGIO Língua de Onça Intso Praliné Cx80g,9990107001,MANTEIGA DE CACAU desodorizada,0.002077,KG
05004014,MAGIO Língua de Onça Intso Praliné Cx80g,9990111005,Lecitina de Soja,2.1e-05,LT
05004014,MAGIO Língua de Onça Intso Praliné Cx80g,0020305008,Massa de Chocolate - Mocajuba Intenso,0.04752,KG
05004014,MAGIO Língua de Onça Intso Praliné Cx80g,9990307008,Pomada de manteiga de cacau,0.00048,PC
05004014,MAGIO Língua de Onça Intso Praliné Cx80g,9990311030,Praliné de Avelã colagem,0.032,KG
05004014,MAGIO Língua de Onça Intso Praliné Cx80g,0050305020,PP Língua de Onça intenso Praliné 5G,16,UN
05004014,MAGIO Língua de Onça Intso Praliné Cx80g,0190213051,Caixa Base  LO 80g,1,PC
05004014,MAGIO Língua de Onça Intso Praliné Cx80g,0190213053,Luva LO 80GR Intenso com Praliné,1,PC
05004014,MAGIO Língua de Onça Intso Praliné Cx80g,0190213060,Berço termoformado LO,1,PC
05004014,MAGIO Língua de Onça Intso Praliné Cx80g,019021424,CARTÃO QR,1,UN
05004014,MAGIO Língua de Onça Intso Praliné Cx80g,9990712045,Etiqueta Lacre 2 - Adesivo transparente,1,PC
05004014,MAGIO Língua de Onça Intso Praliné Cx80g,9990107001,MANTEIGA DE CACAU desodorizada,0.000816,KG
05004014,MAGIO Língua de Onça Intso Praliné Cx80g,0050305006,MASSA DE CHOCOLATE -AO LEITE   NF24,0.007162,KG
05004014,MAGIO Língua de Onça Intso Praliné Cx80g,9990107001,MANTEIGA DE CACAU desodorizada,0.002125,KG
05004014,MAGIO Língua de Onça Intso Praliné Cx80g,9990307008,Pomada de manteiga de cacau,0.000336,PC
05004014,MAGIO Língua de Onça Intso Praliné Cx80g,9990311043,Praliné de Avelã,0.022378,PC
05004014,MAGIO Língua de Onça Intso Praliné Cx80g,0140106805,Açúcar refinado,0.008951,KG
05004014,MAGIO Língua de Onça Intso Praliné Cx80g,9990111020,Avelã,0.013427,KG
05004015,MAGIO Língua de Onça ao Leite Cx80g,0050301007,Amêndoa de Cacau Seca Aprovada - Sakaguc,0.010454,KG
05004015,MAGIO Língua de Onça ao Leite Cx80g,0050302011,AMÊNDOA DE CACAU TORRADA - SAKAGUCHI  12,0.010454,KG
05004015,MAGIO Língua de Onça ao Leite Cx80g,0050303004,NIBS DE CACAU - SAKAGUCHI NT 120-35,0.009504,KG
05004015,MAGIO Língua de Onça ao Leite Cx80g,0050304005,LIQUOR DE CACAU - SAKAGUCHI  NT24,0.009504,KG
05004015,MAGIO Língua de Onça ao Leite Cx80g,0140106805,Açúcar refinado,0.02669,KG
05004015,MAGIO Língua de Onça ao Leite Cx80g,03001001,Leite em Pó integral,0.0198,KG
05004015,MAGIO Língua de Onça ao Leite Cx80g,9990107001,MANTEIGA DE CACAU desodorizada,0.022968,KG
05004015,MAGIO Língua de Onça ao Leite Cx80g,9990111005,Lecitina de Soja,0.000238,LT
05004015,MAGIO Língua de Onça ao Leite Cx80g,0050305006,MASSA DE CHOCOLATE -AO LEITE   NF24,0.0792,KG
05004015,MAGIO Língua de Onça ao Leite Cx80g,9990307008,Pomada de manteiga de cacau,0.0008,PC
05004015,MAGIO Língua de Onça ao Leite Cx80g,0050305013,PP LÍNGUA DE ONÇA 5G AO LEITE,16,PC
05004015,MAGIO Língua de Onça ao Leite Cx80g,0190213051,Caixa Base  LO 80g,1,PC
05004015,MAGIO Língua de Onça ao Leite Cx80g,0190213054,Luva LO 80GR ao leite,1,PC
05004015,MAGIO Língua de Onça ao Leite Cx80g,0190213060,Berço termoformado LO,1,PC
05004015,MAGIO Língua de Onça ao Leite Cx80g,019021424,CARTÃO QR,1,UN
05004015,MAGIO Língua de Onça ao Leite Cx80g,9990712045,Etiqueta Lacre 2 - Adesivo transparente,1,PC
05004015,MAGIO Língua de Onça ao Leite Cx80g,9990107001,MANTEIGA DE CACAU desodorizada,0.0008,KG
05004016,MAGIO Lg de Onça Lt Praliné Avelã Cx80g,0050301007,Amêndoa de Cacau Seca Aprovada - Sakaguc,0.007217,KG
05004016,MAGIO Lg de Onça Lt Praliné Avelã Cx80g,0050302011,AMÊNDOA DE CACAU TORRADA - SAKAGUCHI  12,0.007217,KG
05004016,MAGIO Lg de Onça Lt Praliné Avelã Cx80g,0050303004,NIBS DE CACAU - SAKAGUCHI NT 120-35,0.006561,KG
05004016,MAGIO Lg de Onça Lt Praliné Avelã Cx80g,0050304005,LIQUOR DE CACAU - SAKAGUCHI  NT24,0.006561,KG
05004016,MAGIO Lg de Onça Lt Praliné Avelã Cx80g,0140106805,Açúcar refinado,0.018428,KG
05004016,MAGIO Lg de Onça Lt Praliné Avelã Cx80g,03001001,Leite em Pó integral,0.013671,KG
05004016,MAGIO Lg de Onça Lt Praliné Avelã Cx80g,9990107001,MANTEIGA DE CACAU desodorizada,0.015858,KG
05004016,MAGIO Lg de Onça Lt Praliné Avelã Cx80g,9990111005,Lecitina de Soja,0.000164,LT
05004016,MAGIO Lg de Onça Lt Praliné Avelã Cx80g,0050305006,MASSA DE CHOCOLATE -AO LEITE   NF24,0.04752,KG
05004016,MAGIO Lg de Onça Lt Praliné Avelã Cx80g,9990307008,Pomada de manteiga de cacau,0.00048,PC
05004016,MAGIO Lg de Onça Lt Praliné Avelã Cx80g,9990311030,Praliné de Avelã colagem,0.032,KG
05004016,MAGIO Lg de Onça Lt Praliné Avelã Cx80g,0050305010,PP LÍNGUA DE ONÇA 5G PRALINÉ,16,PC
05004016,MAGIO Lg de Onça Lt Praliné Avelã Cx80g,0190213051,Caixa Base  LO 80g,1,PC
05004016,MAGIO Lg de Onça Lt Praliné Avelã Cx80g,0190213052,Luva LO 80GR ao leite com Praliné,1,PC
05004016,MAGIO Lg de Onça Lt Praliné Avelã Cx80g,0190213060,Berço termoformado LO,1,PC
05004016,MAGIO Lg de Onça Lt Praliné Avelã Cx80g,019021424,CARTÃO QR,1,UN
05004016,MAGIO Lg de Onça Lt Praliné Avelã Cx80g,9990712045,Etiqueta Lacre 2 - Adesivo transparente,1,PC
05004016,MAGIO Lg de Onça Lt Praliné Avelã Cx80g,9990107001,MANTEIGA DE CACAU desodorizada,0.000816,KG
05004016,MAGIO Lg de Onça Lt Praliné Avelã Cx80g,0050305006,MASSA DE CHOCOLATE -AO LEITE   NF24,0.007162,KG
05004016,MAGIO Lg de Onça Lt Praliné Avelã Cx80g,9990107001,MANTEIGA DE CACAU desodorizada,0.002125,KG
05004016,MAGIO Lg de Onça Lt Praliné Avelã Cx80g,9990307008,Pomada de manteiga de cacau,0.000336,PC
05004016,MAGIO Lg de Onça Lt Praliné Avelã Cx80g,9990311043,Praliné de Avelã,0.022378,PC
05004016,MAGIO Lg de Onça Lt Praliné Avelã Cx80g,0140106805,Açúcar refinado,0.008951,KG
05004016,MAGIO Lg de Onça Lt Praliné Avelã Cx80g,9990111020,Avelã,0.013427,KG
05004017,Língua de Onça Leit Praliné Flowpack 11g,0050301007,Amêndoa de Cacau Seca Aprovada - Sakaguc,0.000862,KG
05004017,Língua de Onça Leit Praliné Flowpack 11g,0050302011,AMÊNDOA DE CACAU TORRADA - SAKAGUCHI  12,0.000862,KG
05004017,Língua de Onça Leit Praliné Flowpack 11g,0050303004,NIBS DE CACAU - SAKAGUCHI NT 120-35,0.000784,KG
05004017,Língua de Onça Leit Praliné Flowpack 11g,0050304005,LIQUOR DE CACAU - SAKAGUCHI  NT24,0.000902,KG
05004017,Língua de Onça Leit Praliné Flowpack 11g,0140106805,Açúcar refinado,0.002534,KG
05004017,Língua de Onça Leit Praliné Flowpack 11g,03001001,Leite em Pó integral,0.00188,KG
05004017,Língua de Onça Leit Praliné Flowpack 11g,9990107001,MANTEIGA DE CACAU desodorizada,0.002181,KG
05004017,Língua de Onça Leit Praliné Flowpack 11g,9990111005,Lecitina de Soja,2.3e-05,LT
05004017,Língua de Onça Leit Praliné Flowpack 11g,0050305006,MASSA DE CHOCOLATE -AO LEITE   NF24,0.006534,KG
05004017,Língua de Onça Leit Praliné Flowpack 11g,9990307008,Pomada de manteiga de cacau,6.6e-05,PC
05004017,Língua de Onça Leit Praliné Flowpack 11g,9990311030,Praliné de Avelã colagem,0.0044,KG
05004017,Língua de Onça Leit Praliné Flowpack 11g,0050305015,PP LÍNGUA DE ONÇA 11G PRALINÉ,1,PC
05004017,Língua de Onça Leit Praliné Flowpack 11g,0190213091,Flowpack LO Leite c/ Praliné,1,PC
05004017,Língua de Onça Leit Praliné Flowpack 11g,9990107001,MANTEIGA DE CACAU desodorizada,0.000112,KG
05004017,Língua de Onça Leit Praliné Flowpack 11g,0050305006,MASSA DE CHOCOLATE -AO LEITE   NF24,0.000985,KG
05004017,Língua de Onça Leit Praliné Flowpack 11g,9990107001,MANTEIGA DE CACAU desodorizada,0.000292,KG
05004017,Língua de Onça Leit Praliné Flowpack 11g,9990307008,Pomada de manteiga de cacau,4.6e-05,PC
05004017,Língua de Onça Leit Praliné Flowpack 11g,9990311043,Praliné de Avelã,0.003077,PC
05004017,Língua de Onça Leit Praliné Flowpack 11g,0140106805,Açúcar refinado,0.001231,KG
05004017,Língua de Onça Leit Praliné Flowpack 11g,9990111020,Avelã,0.001846,KG
05004018,Línguas de onça - intenso   loja,0020301006,Amêndoa de Cacau Seca Aprovada - Mocajub,0.047916,KG
05004018,Línguas de onça - intenso   loja,0020302002,Amêndoa de Cacau Torrada - Mocajuba (PA),0.047916,KG
05004018,Línguas de onça - intenso   loja,0020303003,Nibs de Cacau - Mocajuba (PA),0.04356,KG
05004018,Línguas de onça - intenso   loja,0020304004,Liquor de Cacau - Mocajuba (PA),0.04356,KG
05004018,Línguas de onça - intenso   loja,0140106004,Açúcar Demerara,0.028512,KG
05004018,Línguas de onça - intenso   loja,9990107001,MANTEIGA DE CACAU desodorizada,0.006336,KG
05004018,Línguas de onça - intenso   loja,9990111005,Lecitina de Soja,0.000238,LT
05004018,Línguas de onça - intenso   loja,0020305008,Massa de Chocolate - Mocajuba Intenso,0.0792,KG
05004018,Línguas de onça - intenso   loja,9990307008,Pomada de manteiga de cacau,0.0008,PC
05004018,Línguas de onça - intenso   loja,0050305016,PP LÍNGUA DE ONÇA 5G INTENSO,16,PC
05004018,Línguas de onça - intenso   loja,9990107001,MANTEIGA DE CACAU desodorizada,0.0008,KG
05004019,Língua de onça - ao leite  loja,0050301007,Amêndoa de Cacau Seca Aprovada - Sakaguc,0.010454,KG
05004019,Língua de onça - ao leite  loja,0050302011,AMÊNDOA DE CACAU TORRADA - SAKAGUCHI  12,0.010454,KG
05004019,Língua de onça - ao leite  loja,0050303004,NIBS DE CACAU - SAKAGUCHI NT 120-35,0.009504,KG
05004019,Língua de onça - ao leite  loja,0050304005,LIQUOR DE CACAU - SAKAGUCHI  NT24,0.009504,KG
05004019,Língua de onça - ao leite  loja,0140106805,Açúcar refinado,0.02669,KG
05004019,Língua de onça - ao leite  loja,03001001,Leite em Pó integral,0.0198,KG
05004019,Língua de onça - ao leite  loja,9990107001,MANTEIGA DE CACAU desodorizada,0.022968,KG
05004019,Língua de onça - ao leite  loja,9990111005,Lecitina de Soja,0.000238,LT
05004019,Língua de onça - ao leite  loja,0050305006,MASSA DE CHOCOLATE -AO LEITE   NF24,0.0792,KG
05004019,Língua de onça - ao leite  loja,9990307008,Pomada de manteiga de cacau,0.0008,PC
05004019,Língua de onça - ao leite  loja,0050305013,PP LÍNGUA DE ONÇA 5G AO LEITE,16,PC
05004019,Língua de onça - ao leite  loja,9990107001,MANTEIGA DE CACAU desodorizada,0.0008,KG
05004020,Língua de onça Praliné,0050301007,Amêndoa de Cacau Seca Aprovada - Sakaguc,0.006272,KG
05004020,Língua de onça Praliné,0050302011,AMÊNDOA DE CACAU TORRADA - SAKAGUCHI  12,0.006272,KG
05004020,Língua de onça Praliné,0050303004,NIBS DE CACAU - SAKAGUCHI NT 120-35,0.005702,KG
05004020,Língua de onça Praliné,0050304005,LIQUOR DE CACAU - SAKAGUCHI  NT24,0.006561,KG
05004020,Língua de onça Praliné,0140106805,Açúcar refinado,0.018428,KG
05004020,Língua de onça Praliné,03001001,Leite em Pó integral,0.013671,KG
05004020,Língua de onça Praliné,9990107001,MANTEIGA DE CACAU desodorizada,0.015858,KG
05004020,Língua de onça Praliné,9990111005,Lecitina de Soja,0.000164,LT
05004020,Língua de onça Praliné,0050305006,MASSA DE CHOCOLATE -AO LEITE   NF24,0.04752,KG
05004020,Língua de onça Praliné,9990307008,Pomada de manteiga de cacau,0.00048,PC
05004020,Língua de onça Praliné,9990311030,Praliné de Avelã colagem,0.032,KG
05004020,Língua de onça Praliné,0050305010,PP LÍNGUA DE ONÇA 5G PRALINÉ,16,PC
05004020,Língua de onça Praliné,9990107001,MANTEIGA DE CACAU desodorizada,0.000816,KG
05004020,Língua de onça Praliné,0050305006,MASSA DE CHOCOLATE -AO LEITE   NF24,0.007162,KG
05004020,Língua de onça Praliné,9990107001,MANTEIGA DE CACAU desodorizada,0.002125,KG
05004020,Língua de onça Praliné,9990307008,Pomada de manteiga de cacau,0.000336,PC
05004020,Língua de onça Praliné,9990311043,Praliné de Avelã,0.022378,PC
05004020,Língua de onça Praliné,0140106805,Açúcar refinado,0.008951,KG
05004020,Língua de onça Praliné,9990111020,Avelã,0.013427,KG
05004021,Lingua de onça Cupuaçu /cupolate,0210101001,Amêndoa de Cupuaçu - Sakaguchi (PA),0.04752,KG
05004021,Lingua de onça Cupuaçu /cupolate,0210303001,Nibs de Cupuaçu - Sakaguchi,0.0432,KG
05004021,Lingua de onça Cupuaçu /cupolate,0210305004,Massa  de Cupuaçu - Sakaguchi,0.08,KG
05004021,Lingua de onça Cupuaçu /cupolate,0050302010,Amêndoa de Cupuaçu Torrada - SAKAGUCHI,0.04752,KG
05004021,Lingua de onça Cupuaçu /cupolate,0050303010,LIQUOR DE CUPUAÇU -SAKAGUCHI,0.0432,KG
05004021,Lingua de onça Cupuaçu /cupolate,0140106004,Açúcar Demerara,0.0136,KG
05004021,Lingua de onça Cupuaçu /cupolate,9990107001,MANTEIGA DE CACAU desodorizada,0.0232,KG
05004021,Lingua de onça Cupuaçu /cupolate,0050305018,PP LÍNGUA DE ONÇA CUPUAÇU 5G,16,PC
05004022,Princesa Iara chocolate - 3 unidades,0050301007,Amêndoa de Cacau Seca Aprovada - Sakaguc,0.003802,KG
05004022,Princesa Iara chocolate - 3 unidades,0050302011,AMÊNDOA DE CACAU TORRADA - SAKAGUCHI  12,0.003802,KG
05004022,Princesa Iara chocolate - 3 unidades,0050303004,NIBS DE CACAU - SAKAGUCHI NT 120-35,0.003456,KG
05004022,Princesa Iara chocolate - 3 unidades,0050304005,LIQUOR DE CACAU - SAKAGUCHI  NT24,0.003456,KG
05004022,Princesa Iara chocolate - 3 unidades,0140106805,Açúcar refinado,0.009706,KG
05004022,Princesa Iara chocolate - 3 unidades,03001001,Leite em Pó integral,0.0072,KG
05004022,Princesa Iara chocolate - 3 unidades,9990107001,MANTEIGA DE CACAU desodorizada,0.008352,KG
05004022,Princesa Iara chocolate - 3 unidades,9990111005,Lecitina de Soja,8.6e-05,LT
05004022,Princesa Iara chocolate - 3 unidades,0050305006,MASSA DE CHOCOLATE -AO LEITE   NF24,0.0288,KG
05004022,Princesa Iara chocolate - 3 unidades,9990311032,Recheio Yara Praliné,0.0114,KG
05004022,Princesa Iara chocolate - 3 unidades,9990311043,Praliné de Avelã,0.0078,PC
05004022,Princesa Iara chocolate - 3 unidades,05104025,Formigueiro Praliné de Avelã 16g,3,PC
05004022,Princesa Iara chocolate - 3 unidades,0050305023,FORMIGUEIRO AVELÃ 16g,3,UN
05004022,Princesa Iara chocolate - 3 unidades,0140106805,Açúcar refinado,0.003256,KG
05004022,Princesa Iara chocolate - 3 unidades,9990111000,Agua Mineral sem gás,0.003974,LT
05004022,Princesa Iara chocolate - 3 unidades,9990111004,Baunilha em Fava,5e-06,KG
05004022,Princesa Iara chocolate - 3 unidades,9990111007,Clara em Pó,0.000155,KG
05004022,Princesa Iara chocolate - 3 unidades,9990111008,Xarope de glucose,0.003653,KG
05004022,Princesa Iara chocolate - 3 unidades,9990111009,Gelatina incolor,0.000164,KG
05004022,Princesa Iara chocolate - 3 unidades,9990311043,Praliné de Avelã,0.000536,PC
05004022,Princesa Iara chocolate - 3 unidades,0140106805,Açúcar refinado,0.003334,KG
05004022,Princesa Iara chocolate - 3 unidades,9990111020,Avelã,0.005002,KG
05004027,Caixa Presente M,0190213066,Berço para caixa 18x12x4cm M,1,PC
05004027,Caixa Presente M,0190213088,Caixa cartonada rígida  18x12x4 azul M,1,PC
05004028,Caixa Presente G,0190213100,Caixa cartonada rígida 24x18x5 azul G,1,PC
05004034,Barra FF Choco Maniko 100g,0050301007,Amêndoa de Cacau Seca Aprovada - Sakaguc,0.01056,KG
05004034,Barra FF Choco Maniko 100g,0050302011,AMÊNDOA DE CACAU TORRADA - SAKAGUCHI  12,0.01056,KG
05004034,Barra FF Choco Maniko 100g,0050303004,NIBS DE CACAU - SAKAGUCHI NT 120-35,0.0096,KG
05004034,Barra FF Choco Maniko 100g,0050304005,LIQUOR DE CACAU - SAKAGUCHI  NT24,0.0096,KG
05004034,Barra FF Choco Maniko 100g,0140106805,Açúcar refinado,0.02696,KG
05004034,Barra FF Choco Maniko 100g,03001001,Leite em Pó integral,0.02,KG
05004034,Barra FF Choco Maniko 100g,9990107001,MANTEIGA DE CACAU desodorizada,0.0232,KG
05004034,Barra FF Choco Maniko 100g,9990111005,Lecitina de Soja,0.00024,LT
05004034,Barra FF Choco Maniko 100g,0050305006,MASSA DE CHOCOLATE -AO LEITE   NF24,0.08,KG
05004034,Barra FF Choco Maniko 100g,0110109014,Castanha do Pará - Acará-Açu (PA),0.01,KG
05004034,Barra FF Choco Maniko 100g,9990111029,Manga Desidratada,0.005,KG
05004034,Barra FF Choco Maniko 100g,9990111030,Coco em lasca,0.005,KG
05004034,Barra FF Choco Maniko 100g,0050321004,Barras 100g  castanhas Maniko,1,PC
05004034,Barra FF Choco Maniko 100g,0190213055,Caixa de papel com visor barra,1,PC
05004034,Barra FF Choco Maniko 100g,0190213056,Envelope plastico transparente,1,PC
05004034,Barra FF Choco Maniko 100g,9990712005,Etiqueta de diferenciação Maniko,1,PC
05004034,Barra FF Choco Maniko 100g,9990712014,Etiqueta branca Maniko,1,PC
05004035,Barra FF Chocolate ao leite Ezotika 100g,0050301007,Amêndoa de Cacau Seca Aprovada - Sakaguc,0.01056,KG
05004035,Barra FF Chocolate ao leite Ezotika 100g,0050302011,AMÊNDOA DE CACAU TORRADA - SAKAGUCHI  12,0.01056,KG
05004035,Barra FF Chocolate ao leite Ezotika 100g,0050303004,NIBS DE CACAU - SAKAGUCHI NT 120-35,0.0096,KG
05004035,Barra FF Chocolate ao leite Ezotika 100g,0050304005,LIQUOR DE CACAU - SAKAGUCHI  NT24,0.0096,KG
05004035,Barra FF Chocolate ao leite Ezotika 100g,0140106805,Açúcar refinado,0.02696,KG
05004035,Barra FF Chocolate ao leite Ezotika 100g,03001001,Leite em Pó integral,0.02,KG
05004035,Barra FF Chocolate ao leite Ezotika 100g,9990107001,MANTEIGA DE CACAU desodorizada,0.0232,KG
05004035,Barra FF Chocolate ao leite Ezotika 100g,9990111005,Lecitina de Soja,0.00024,LT
05004035,Barra FF Chocolate ao leite Ezotika 100g,0050305006,MASSA DE CHOCOLATE -AO LEITE   NF24,0.08,KG
05004035,Barra FF Chocolate ao leite Ezotika 100g,9990111031,Amêndoa,0.01,KG
05004035,Barra FF Chocolate ao leite Ezotika 100g,9990111032,Damasco desidratado,0.005,KG
05004035,Barra FF Chocolate ao leite Ezotika 100g,9990111034,Cranberry desidratada,0.005,PC
05004035,Barra FF Chocolate ao leite Ezotika 100g,0050321005,Barras 100g   Ezotika,1,PC
05004035,Barra FF Chocolate ao leite Ezotika 100g,0190213055,Caixa de papel com visor barra,1,PC
05004035,Barra FF Chocolate ao leite Ezotika 100g,0190213056,Envelope plastico transparente,1,PC
05004035,Barra FF Chocolate ao leite Ezotika 100g,9990712006,Etiqueta de diferenciação Ezotika,1,PC
05004035,Barra FF Chocolate ao leite Ezotika 100g,9990712015,Etiqueta branca Ezotika,1,PC
05004036,Barra FF Chocol ao leite Pistako 100g,0050301007,Amêndoa de Cacau Seca Aprovada - Sakaguc,0.01056,KG
05004036,Barra FF Chocol ao leite Pistako 100g,0050302011,AMÊNDOA DE CACAU TORRADA - SAKAGUCHI  12,0.01056,KG
05004036,Barra FF Chocol ao leite Pistako 100g,0050303004,NIBS DE CACAU - SAKAGUCHI NT 120-35,0.0096,KG
05004036,Barra FF Chocol ao leite Pistako 100g,0050304005,LIQUOR DE CACAU - SAKAGUCHI  NT24,0.0096,KG
05004036,Barra FF Chocol ao leite Pistako 100g,0140106805,Açúcar refinado,0.02696,KG
05004036,Barra FF Chocol ao leite Pistako 100g,03001001,Leite em Pó integral,0.02,KG
05004036,Barra FF Chocol ao leite Pistako 100g,9990107001,MANTEIGA DE CACAU desodorizada,0.0232,KG
05004036,Barra FF Chocol ao leite Pistako 100g,9990111005,Lecitina de Soja,0.00024,LT
05004036,Barra FF Chocol ao leite Pistako 100g,0050305006,MASSA DE CHOCOLATE -AO LEITE   NF24,0.08,KG
05004036,Barra FF Chocol ao leite Pistako 100g,9990111010,Pistache,0.01,KG
05004036,Barra FF Chocol ao leite Pistako 100g,9990111036,Tâmara seca,0.005,KG
05004036,Barra FF Chocol ao leite Pistako 100g,9990111037,Uva Passa branca seca,0.005,KG
05004036,Barra FF Chocol ao leite Pistako 100g,0050321007,Barras 100g      Pistako,1,PC
05004036,Barra FF Chocol ao leite Pistako 100g,0190213055,Caixa de papel com visor barra,1,PC
05004036,Barra FF Chocol ao leite Pistako 100g,0190213056,Envelope plastico transparente,1,PC
05004036,Barra FF Chocol ao leite Pistako 100g,9990712008,Etiqueta de diferenciação Pistako,1,PC
05004036,Barra FF Chocol ao leite Pistako 100g,9990712017,Etiqueta branca Pistako,1,PC
05004037,Barra FF Choco Speculoos Crocanto 100g,0050301007,Amêndoa de Cacau Seca Aprovada - Sakaguc,0.01056,KG
05004037,Barra FF Choco Speculoos Crocanto 100g,0050302011,AMÊNDOA DE CACAU TORRADA - SAKAGUCHI  12,0.01056,KG
05004037,Barra FF Choco Speculoos Crocanto 100g,0050303004,NIBS DE CACAU - SAKAGUCHI NT 120-35,0.0096,KG
05004037,Barra FF Choco Speculoos Crocanto 100g,0050304005,LIQUOR DE CACAU - SAKAGUCHI  NT24,0.0096,KG
05004037,Barra FF Choco Speculoos Crocanto 100g,0140106805,Açúcar refinado,0.02696,KG
05004037,Barra FF Choco Speculoos Crocanto 100g,03001001,Leite em Pó integral,0.02,KG
05004037,Barra FF Choco Speculoos Crocanto 100g,9990107001,MANTEIGA DE CACAU desodorizada,0.0232,KG
05004037,Barra FF Choco Speculoos Crocanto 100g,9990111005,Lecitina de Soja,0.00024,LT
05004037,Barra FF Choco Speculoos Crocanto 100g,0050305006,MASSA DE CHOCOLATE -AO LEITE   NF24,0.08,KG
05004037,Barra FF Choco Speculoos Crocanto 100g,9990111038,Speculoos,0.01,KG
05004037,Barra FF Choco Speculoos Crocanto 100g,9990111039,Avelã torrada,0.005,KG
05004037,Barra FF Choco Speculoos Crocanto 100g,9990111040,Banana seca,0.005,KG
05004037,Barra FF Choco Speculoos Crocanto 100g,0050321008,Barras 100g    Speculoos Crocanto,1,PC
05004037,Barra FF Choco Speculoos Crocanto 100g,0190213055,Caixa de papel com visor barra,1,PC
05004037,Barra FF Choco Speculoos Crocanto 100g,0190213056,Envelope plastico transparente,1,PC
05004037,Barra FF Choco Speculoos Crocanto 100g,9990712009,Etiqueta de diferenciação Speculoos,1,PC
05004037,Barra FF Choco Speculoos Crocanto 100g,9990712018,Etiqueta branca Speculoos,1,PC
05004043,Formigueiro Caramelo de Maracujá Cx 80g,0050301007,Amêndoa de Cacau Seca Aprovada - Sakaguc,0.006336,KG
05004043,Formigueiro Caramelo de Maracujá Cx 80g,0050302011,AMÊNDOA DE CACAU TORRADA - SAKAGUCHI  12,0.006336,KG
05004043,Formigueiro Caramelo de Maracujá Cx 80g,0050303004,NIBS DE CACAU - SAKAGUCHI NT 120-35,0.00576,KG
05004043,Formigueiro Caramelo de Maracujá Cx 80g,0050304005,LIQUOR DE CACAU - SAKAGUCHI  NT24,0.00576,KG
05004043,Formigueiro Caramelo de Maracujá Cx 80g,0140106805,Açúcar refinado,0.016176,KG
05004043,Formigueiro Caramelo de Maracujá Cx 80g,03001001,Leite em Pó integral,0.012,KG
05004043,Formigueiro Caramelo de Maracujá Cx 80g,9990107001,MANTEIGA DE CACAU desodorizada,0.01392,KG
05004043,Formigueiro Caramelo de Maracujá Cx 80g,9990111005,Lecitina de Soja,0.000144,LT
05004043,Formigueiro Caramelo de Maracujá Cx 80g,0050305006,MASSA DE CHOCOLATE -AO LEITE   NF24,0.048,KG
05004043,Formigueiro Caramelo de Maracujá Cx 80g,9990311009,Recheio Yara Maracujá,0.019,KG
05004043,Formigueiro Caramelo de Maracujá Cx 80g,9990311038,Recheio Caramelo Maracujá,0.013,KG
05004043,Formigueiro Caramelo de Maracujá Cx 80g,0050305025,FORMIGUEIRO MARACUJÁ 16g,5,UN
05004043,Formigueiro Caramelo de Maracujá Cx 80g,0190213072,Caixa formigueiro Maracuja,1,PC
05004043,Formigueiro Caramelo de Maracujá Cx 80g,019021424,CARTÃO QR,1,UN
05004043,Formigueiro Caramelo de Maracujá Cx 80g,9990712045,Etiqueta Lacre 2 - Adesivo transparente,1,PC
05004043,Formigueiro Caramelo de Maracujá Cx 80g,0140106805,Açúcar refinado,0.005426,KG
05004043,Formigueiro Caramelo de Maracujá Cx 80g,9990111000,Agua Mineral sem gás,0.006623,LT
05004043,Formigueiro Caramelo de Maracujá Cx 80g,9990111004,Baunilha em Fava,8e-06,KG
05004043,Formigueiro Caramelo de Maracujá Cx 80g,9990111007,Clara em Pó,0.000258,KG
05004043,Formigueiro Caramelo de Maracujá Cx 80g,9990111008,Xarope de glucose,0.006088,KG
05004043,Formigueiro Caramelo de Maracujá Cx 80g,9990111009,Gelatina incolor,0.000274,KG
05004043,Formigueiro Caramelo de Maracujá Cx 80g,9990311038,Recheio Caramelo Maracujá,0.000893,KG
05004043,Formigueiro Caramelo de Maracujá Cx 80g,0140106805,Açúcar refinado,0.004042,KG
05004043,Formigueiro Caramelo de Maracujá Cx 80g,9990111000,Agua Mineral sem gás,0.001236,LT
05004043,Formigueiro Caramelo de Maracujá Cx 80g,9990111004,Baunilha em Fava,9e-06,KG
05004043,Formigueiro Caramelo de Maracujá Cx 80g,9990111005,Lecitina de Soja,5.2e-05,LT
05004043,Formigueiro Caramelo de Maracujá Cx 80g,9990111006,Manteiga de Leite,0.001079,KG
05004043,Formigueiro Caramelo de Maracujá Cx 80g,9990111008,Xarope de glucose,0.002317,KG
05004043,Formigueiro Caramelo de Maracujá Cx 80g,9990111015,Polpa Maracujá,0.005157,KG
05004044,Formigueiro Praliné de Avelã Cx 80g,0050301007,Amêndoa de Cacau Seca Aprovada - Sakaguc,0.006336,KG
05004044,Formigueiro Praliné de Avelã Cx 80g,0050302011,AMÊNDOA DE CACAU TORRADA - SAKAGUCHI  12,0.006336,KG
05004044,Formigueiro Praliné de Avelã Cx 80g,0050303004,NIBS DE CACAU - SAKAGUCHI NT 120-35,0.00576,KG
05004044,Formigueiro Praliné de Avelã Cx 80g,0050304005,LIQUOR DE CACAU - SAKAGUCHI  NT24,0.00576,KG
05004044,Formigueiro Praliné de Avelã Cx 80g,0140106805,Açúcar refinado,0.016176,KG
05004044,Formigueiro Praliné de Avelã Cx 80g,03001001,Leite em Pó integral,0.012,KG
05004044,Formigueiro Praliné de Avelã Cx 80g,9990107001,MANTEIGA DE CACAU desodorizada,0.01392,KG
05004044,Formigueiro Praliné de Avelã Cx 80g,9990111005,Lecitina de Soja,0.000144,LT
05004044,Formigueiro Praliné de Avelã Cx 80g,0050305006,MASSA DE CHOCOLATE -AO LEITE   NF24,0.048,KG
05004044,Formigueiro Praliné de Avelã Cx 80g,9990311032,Recheio Yara Praliné,0.019,KG
05004044,Formigueiro Praliné de Avelã Cx 80g,9990311043,Praliné de Avelã,0.013,PC
05004044,Formigueiro Praliné de Avelã Cx 80g,0190213071,Caixa formigueiro Praliné,1,PC
05004044,Formigueiro Praliné de Avelã Cx 80g,019021424,CARTÃO QR,1,UN
05004044,Formigueiro Praliné de Avelã Cx 80g,05104025,Formigueiro Praliné de Avelã 16g,5,PC
05004044,Formigueiro Praliné de Avelã Cx 80g,9990712045,Etiqueta Lacre 2 - Adesivo transparente,1,PC
05004044,Formigueiro Praliné de Avelã Cx 80g,0050305023,FORMIGUEIRO AVELÃ 16g,5,UN
05004044,Formigueiro Praliné de Avelã Cx 80g,0140106805,Açúcar refinado,0.005426,KG
05004044,Formigueiro Praliné de Avelã Cx 80g,9990111000,Agua Mineral sem gás,0.006623,LT
05004044,Formigueiro Praliné de Avelã Cx 80g,9990111004,Baunilha em Fava,8e-06,KG
05004044,Formigueiro Praliné de Avelã Cx 80g,9990111007,Clara em Pó,0.000258,KG
05004044,Formigueiro Praliné de Avelã Cx 80g,9990111008,Xarope de glucose,0.006088,KG
05004044,Formigueiro Praliné de Avelã Cx 80g,9990111009,Gelatina incolor,0.000274,KG
05004044,Formigueiro Praliné de Avelã Cx 80g,9990311043,Praliné de Avelã,0.000893,PC
05004044,Formigueiro Praliné de Avelã Cx 80g,0140106805,Açúcar refinado,0.005557,KG
05004044,Formigueiro Praliné de Avelã Cx 80g,9990111020,Avelã,0.008336,KG
05004045,Formigueiro Praliné de Pistache Cx 80g,0050301007,Amêndoa de Cacau Seca Aprovada - Sakaguc,0.006336,KG
05004045,Formigueiro Praliné de Pistache Cx 80g,0050302011,AMÊNDOA DE CACAU TORRADA - SAKAGUCHI  12,0.006336,KG
05004045,Formigueiro Praliné de Pistache Cx 80g,0050303004,NIBS DE CACAU - SAKAGUCHI NT 120-35,0.00576,KG
05004045,Formigueiro Praliné de Pistache Cx 80g,0050304005,LIQUOR DE CACAU - SAKAGUCHI  NT24,0.00576,KG
05004045,Formigueiro Praliné de Pistache Cx 80g,0140106805,Açúcar refinado,0.016176,KG
05004045,Formigueiro Praliné de Pistache Cx 80g,03001001,Leite em Pó integral,0.012,KG
05004045,Formigueiro Praliné de Pistache Cx 80g,9990107001,MANTEIGA DE CACAU desodorizada,0.01392,KG
05004045,Formigueiro Praliné de Pistache Cx 80g,9990111005,Lecitina de Soja,0.000144,LT
05004045,Formigueiro Praliné de Pistache Cx 80g,0050305006,MASSA DE CHOCOLATE -AO LEITE   NF24,0.048,KG
05004045,Formigueiro Praliné de Pistache Cx 80g,9990311003,Recheio Yara Pistache,0.019,KG
05004045,Formigueiro Praliné de Pistache Cx 80g,9990311004,Praliné Pistache,0.013,KG
05004045,Formigueiro Praliné de Pistache Cx 80g,0190213065,Caixa formigueiro Pistache,1,PC
05004045,Formigueiro Praliné de Pistache Cx 80g,019021424,CARTÃO QR,1,UN
05004045,Formigueiro Praliné de Pistache Cx 80g,05104032,Formigueiro Praliné de Pistache 16g,5,PC
05004045,Formigueiro Praliné de Pistache Cx 80g,9990712045,Etiqueta Lacre 2 - Adesivo transparente,1,PC
05004045,Formigueiro Praliné de Pistache Cx 80g,0050305024,FORMIGUEIRO PISTACHE 16g,5,UN
05004045,Formigueiro Praliné de Pistache Cx 80g,0140106805,Açúcar refinado,0.005426,KG
05004045,Formigueiro Praliné de Pistache Cx 80g,9990111000,Agua Mineral sem gás,0.006623,LT
05004045,Formigueiro Praliné de Pistache Cx 80g,9990111004,Baunilha em Fava,8e-06,KG
05004045,Formigueiro Praliné de Pistache Cx 80g,9990111007,Clara em Pó,0.000258,KG
05004045,Formigueiro Praliné de Pistache Cx 80g,9990111008,Xarope de glucose,0.006088,KG
05004045,Formigueiro Praliné de Pistache Cx 80g,9990111009,Gelatina incolor,0.000274,KG
05004045,Formigueiro Praliné de Pistache Cx 80g,9990311004,Praliné Pistache,0.000893,KG
05004045,Formigueiro Praliné de Pistache Cx 80g,0140106805,Açúcar refinado,0.005423,KG
05004045,Formigueiro Praliné de Pistache Cx 80g,03001001,Leite em Pó integral,0.000362,KG
05004045,Formigueiro Praliné de Pistache Cx 80g,9990111010,Pistache,0.006487,KG
05004045,Formigueiro Praliné de Pistache Cx 80g,9990111031,Amêndoa,0.001621,KG
05004047,Biscoito Cast. Pará Chocolate 60% 150g,0050301007,Amêndoa de Cacau Seca Aprovada - Sakaguc,0.046236,KG
05004047,Biscoito Cast. Pará Chocolate 60% 150g,0050302002,Amêndoa de Cacau Torrada - Sakaguchi(PA),0.046236,KG
05004047,Biscoito Cast. Pará Chocolate 60% 150g,0050303003,Nibs de Cacau - Sakaguchi(PA),0.042033,KG
05004047,Biscoito Cast. Pará Chocolate 60% 150g,0050304004,Liquor de Cacau - Sakaguchi (PA),0.042033,KG
05004047,Biscoito Cast. Pará Chocolate 60% 150g,0140106004,Açúcar Demerara,0.021017,KG
05004047,Biscoito Cast. Pará Chocolate 60% 150g,9990307005,Manteiga de Cacau Yanomami terc,0.009808,KG
05004047,Biscoito Cast. Pará Chocolate 60% 150g,0050108008,Biscoito de castanha do Pará,0.079645,KG
05004047,Biscoito Cast. Pará Chocolate 60% 150g,0050111002,Aromatizante Puxuri,3e-05,KG
05004047,Biscoito Cast. Pará Chocolate 60% 150g,0050305009,Massa de Chocolate - Chocolate 60% - Sak,0.070055,KG
05004047,Biscoito Cast. Pará Chocolate 60% 150g,9990111001,Flor de Sal,0.00027,KG
05004047,Biscoito Cast. Pará Chocolate 60% 150g,0050308011,Biscoito de castanha do Pará banhado com,0.15,KG
05004047,Biscoito Cast. Pará Chocolate 60% 150g,9970212004,ETIQ PIMACO A4348 LASER 100F 9600UND,1,UN
05004047,Biscoito Cast. Pará Chocolate 60% 150g,9990115001,SAQUINHO BIODEGRADAVEL COMPOSTAVEL,0.0033,KG
05004047,Biscoito Cast. Pará Chocolate 60% 150g,0050308014,Biscoito 150 gr com choco,1,PC
05004047,Biscoito Cast. Pará Chocolate 60% 150g,0190213062,Caixa Biscoitos Fundo choco,1,PC
05004047,Biscoito Cast. Pará Chocolate 60% 150g,0190213063,Caixa Biscoitos luva choco,1,PC
05004047,Biscoito Cast. Pará Chocolate 60% 150g,019021424,CARTÃO QR,1,UN
05004047,Biscoito Cast. Pará Chocolate 60% 150g,9990712045,Etiqueta Lacre 2 - Adesivo transparente,1,PC
05004047,Biscoito Cast. Pará Chocolate 60% 150g,0070301006,Amêndoa de Cacau Seca Aprovada - Yanomam,0.011634,KG
05004048,Biscoito Cast. Pará Cupulate 70% 150g,0210101001,Amêndoa de Cupuaçu - Sakaguchi (PA),0.041867,KG
05004048,Biscoito Cast. Pará Cupulate 70% 150g,0210303001,Nibs de Cupuaçu - Sakaguchi,0.038061,KG
05004048,Biscoito Cast. Pará Cupulate 70% 150g,0050108008,Biscoito de castanha do Pará,0.079486,KG
05004048,Biscoito Cast. Pará Cupulate 70% 150g,0210305004,Massa  de Cupuaçu - Sakaguchi,0.070484,KG
05004048,Biscoito Cast. Pará Cupulate 70% 150g,9990111001,Flor de Sal,3e-05,KG
05004048,Biscoito Cast. Pará Cupulate 70% 150g,0050308012,BISCOITO DE CASTANHA DO PARÁ COM COBERTU,0.15,KG
05004048,Biscoito Cast. Pará Cupulate 70% 150g,9970212004,ETIQ PIMACO A4348 LASER 100F 9600UND,1,UN
05004048,Biscoito Cast. Pará Cupulate 70% 150g,9990115001,SAQUINHO BIODEGRADAVEL COMPOSTAVEL,0.0033,KG
05004048,Biscoito Cast. Pará Cupulate 70% 150g,0050302010,Amêndoa de Cupuaçu Torrada - SAKAGUCHI,0.041867,KG
05004048,Biscoito Cast. Pará Cupulate 70% 150g,0050303010,LIQUOR DE CUPUAÇU -SAKAGUCHI,0.038061,KG
05004048,Biscoito Cast. Pará Cupulate 70% 150g,0140106004,Açúcar Demerara,0.011982,KG
05004048,Biscoito Cast. Pará Cupulate 70% 150g,9990107001,MANTEIGA DE CACAU desodorizada,0.02044,KG
05004048,Biscoito Cast. Pará Cupulate 70% 150g,0050308015,Biscoito 150 gr com Cupu,1,PC
05004048,Biscoito Cast. Pará Cupulate 70% 150g,0190213074,Caixa Biscoitos Fundo cupu,1,PC
05004048,Biscoito Cast. Pará Cupulate 70% 150g,0190213075,Caixa Biscoitos luva cupu,1,PC
05004048,Biscoito Cast. Pará Cupulate 70% 150g,019021424,CARTÃO QR,1,UN
05004048,Biscoito Cast. Pará Cupulate 70% 150g,9990712045,Etiqueta Lacre 2 - Adesivo transparente,1,PC
05004052,Caixa Presente a Granel | 100g,0190213066,Berço para caixa 18x12x4cm M,1,PC
05004056,Barra ES Leite Praliné de Pistache 80g,0050301007,Amêndoa de Cacau Seca Aprovada - Sakaguc,0.004633,KG
05004056,Barra ES Leite Praliné de Pistache 80g,0050302011,AMÊNDOA DE CACAU TORRADA - SAKAGUCHI  12,0.004633,KG
05004056,Barra ES Leite Praliné de Pistache 80g,0050303004,NIBS DE CACAU - SAKAGUCHI NT 120-35,0.004212,KG
05004056,Barra ES Leite Praliné de Pistache 80g,0050304005,LIQUOR DE CACAU - SAKAGUCHI  NT24,0.005418,KG
05004056,Barra ES Leite Praliné de Pistache 80g,0140106805,Açúcar refinado,0.015216,KG
05004056,Barra ES Leite Praliné de Pistache 80g,03001001,Leite em Pó integral,0.011287,KG
05004056,Barra ES Leite Praliné de Pistache 80g,9990107001,MANTEIGA DE CACAU desodorizada,0.013093,KG
05004056,Barra ES Leite Praliné de Pistache 80g,9990111005,Lecitina de Soja,0.000135,LT
05004056,Barra ES Leite Praliné de Pistache 80g,0050305006,MASSA DE CHOCOLATE -AO LEITE   NF24,0.0351,KG
05004056,Barra ES Leite Praliné de Pistache 80g,9990311031,Praliné Pistache colagem,0.0449,KG
05004056,Barra ES Leite Praliné de Pistache 80g,0050321011,Barras com recheios - 80g   Pistache,1,UN
05004056,Barra ES Leite Praliné de Pistache 80g,0190213056,Envelope plastico transparente,1,PC
05004056,Barra ES Leite Praliné de Pistache 80g,0190213166,Caixa ES Ao Leite Praliné de Pistache,1,PC
05004056,Barra ES Leite Praliné de Pistache 80g,019021424,CARTÃO QR,1,UN
05004056,Barra ES Leite Praliné de Pistache 80g,9990107001,MANTEIGA DE CACAU desodorizada,0.000471,KG
05004056,Barra ES Leite Praliné de Pistache 80g,0140106805,Açúcar refinado,0.012255,KG
05004056,Barra ES Leite Praliné de Pistache 80g,03001001,Leite em Pó integral,0.00082,KG
05004056,Barra ES Leite Praliné de Pistache 80g,9990111010,Pistache,0.01466,KG
05004056,Barra ES Leite Praliné de Pistache 80g,9990111031,Amêndoa,0.003664,KG
05004056,Barra ES Leite Praliné de Pistache 80g,0050305006,MASSA DE CHOCOLATE -AO LEITE   NF24,0.010049,KG
05004056,Barra ES Leite Praliné de Pistache 80g,9990107001,MANTEIGA DE CACAU desodorizada,0.002981,KG
05004056,Barra ES Leite Praliné de Pistache 80g,9990307008,Pomada de manteiga de cacau,0.000471,PC
05004056,Barra ES Leite Praliné de Pistache 80g,9990311004,Praliné Pistache,0.031399,KG
05004057,Barra ES ao Leite Praliné de Avelã 80g,0050301007,Amêndoa de Cacau Seca Aprovada - Sakaguc,0.004633,KG
05004057,Barra ES ao Leite Praliné de Avelã 80g,0050302011,AMÊNDOA DE CACAU TORRADA - SAKAGUCHI  12,0.004633,KG
05004057,Barra ES ao Leite Praliné de Avelã 80g,0050303004,NIBS DE CACAU - SAKAGUCHI NT 120-35,0.004212,KG
05004057,Barra ES ao Leite Praliné de Avelã 80g,0050304005,LIQUOR DE CACAU - SAKAGUCHI  NT24,0.005418,KG
05004057,Barra ES ao Leite Praliné de Avelã 80g,0140106805,Açúcar refinado,0.015216,KG
05004057,Barra ES ao Leite Praliné de Avelã 80g,03001001,Leite em Pó integral,0.011287,KG
05004057,Barra ES ao Leite Praliné de Avelã 80g,9990107001,MANTEIGA DE CACAU desodorizada,0.013093,KG
05004057,Barra ES ao Leite Praliné de Avelã 80g,9990111005,Lecitina de Soja,0.000135,LT
05004057,Barra ES ao Leite Praliné de Avelã 80g,0050305006,MASSA DE CHOCOLATE -AO LEITE   NF24,0.0351,KG
05004057,Barra ES ao Leite Praliné de Avelã 80g,9990311030,Praliné de Avelã colagem,0.0449,KG
05004057,Barra ES ao Leite Praliné de Avelã 80g,0050321013,Barras com recheios - 80g  com praliné,1,UN
05004057,Barra ES ao Leite Praliné de Avelã 80g,0190213056,Envelope plastico transparente,1,PC
05004057,Barra ES ao Leite Praliné de Avelã 80g,0190213164,Caixa ES Ao Leite Praliné Avelã,1,PC
05004057,Barra ES ao Leite Praliné de Avelã 80g,019021424,CARTÃO QR,1,UN
05004057,Barra ES ao Leite Praliné de Avelã 80g,9990107001,MANTEIGA DE CACAU desodorizada,0.000471,KG
05004057,Barra ES ao Leite Praliné de Avelã 80g,0050305006,MASSA DE CHOCOLATE -AO LEITE   NF24,0.010049,KG
05004057,Barra ES ao Leite Praliné de Avelã 80g,9990107001,MANTEIGA DE CACAU desodorizada,0.002981,KG
05004057,Barra ES ao Leite Praliné de Avelã 80g,9990307008,Pomada de manteiga de cacau,0.000471,PC
05004057,Barra ES ao Leite Praliné de Avelã 80g,9990311043,Praliné de Avelã,0.031399,PC
05004057,Barra ES ao Leite Praliné de Avelã 80g,0140106805,Açúcar refinado,0.01256,KG
05004057,Barra ES ao Leite Praliné de Avelã 80g,9990111020,Avelã,0.018839,KG
05004058,Barra ES Intenso Praliné de Avelã 80g,0020301006,Amêndoa de Cacau Seca Aprovada - Mocajub,0.021236,KG
05004058,Barra ES Intenso Praliné de Avelã 80g,0020302002,Amêndoa de Cacau Torrada - Mocajuba (PA),0.021236,KG
05004058,Barra ES Intenso Praliné de Avelã 80g,0020303003,Nibs de Cacau - Mocajuba (PA),0.019305,KG
05004058,Barra ES Intenso Praliné de Avelã 80g,0020304004,Liquor de Cacau - Mocajuba (PA),0.019305,KG
05004058,Barra ES Intenso Praliné de Avelã 80g,0140106004,Açúcar Demerara,0.012636,KG
05004058,Barra ES Intenso Praliné de Avelã 80g,9990107001,MANTEIGA DE CACAU desodorizada,0.002808,KG
05004058,Barra ES Intenso Praliné de Avelã 80g,9990111005,Lecitina de Soja,0.000105,LT
05004058,Barra ES Intenso Praliné de Avelã 80g,0050301007,Amêndoa de Cacau Seca Aprovada - Sakaguc,0.001327,KG
05004058,Barra ES Intenso Praliné de Avelã 80g,0050302011,AMÊNDOA DE CACAU TORRADA - SAKAGUCHI  12,0.001327,KG
05004058,Barra ES Intenso Praliné de Avelã 80g,0050303004,NIBS DE CACAU - SAKAGUCHI NT 120-35,0.001206,KG
05004058,Barra ES Intenso Praliné de Avelã 80g,0050304005,LIQUOR DE CACAU - SAKAGUCHI  NT24,0.001206,KG
05004058,Barra ES Intenso Praliné de Avelã 80g,0140106805,Açúcar refinado,0.003387,KG
05004058,Barra ES Intenso Praliné de Avelã 80g,03001001,Leite em Pó integral,0.002512,KG
05004058,Barra ES Intenso Praliné de Avelã 80g,9990107001,MANTEIGA DE CACAU desodorizada,0.002914,KG
05004058,Barra ES Intenso Praliné de Avelã 80g,9990111005,Lecitina de Soja,3e-05,LT
05004058,Barra ES Intenso Praliné de Avelã 80g,0020305008,Massa de Chocolate - Mocajuba Intenso,0.0351,KG
05004058,Barra ES Intenso Praliné de Avelã 80g,9990311030,Praliné de Avelã colagem,0.0449,KG
05004058,Barra ES Intenso Praliné de Avelã 80g,0050321014,Barras com recheios - 80g   amargo 70% c,1,PC
05004058,Barra ES Intenso Praliné de Avelã 80g,0190213056,Envelope plastico transparente,1,PC
05004058,Barra ES Intenso Praliné de Avelã 80g,0190213167,Caixa ES Intenso Praliné Avelã,1,PC
05004058,Barra ES Intenso Praliné de Avelã 80g,019021424,CARTÃO QR,1,UN
05004058,Barra ES Intenso Praliné de Avelã 80g,9990107001,MANTEIGA DE CACAU desodorizada,0.000471,KG
05004058,Barra ES Intenso Praliné de Avelã 80g,0050305006,MASSA DE CHOCOLATE -AO LEITE   NF24,0.010049,KG
05004058,Barra ES Intenso Praliné de Avelã 80g,9990107001,MANTEIGA DE CACAU desodorizada,0.002981,KG
05004058,Barra ES Intenso Praliné de Avelã 80g,9990307008,Pomada de manteiga de cacau,0.000471,PC
05004058,Barra ES Intenso Praliné de Avelã 80g,9990311043,Praliné de Avelã,0.031399,PC
05004058,Barra ES Intenso Praliné de Avelã 80g,0140106805,Açúcar refinado,0.01256,KG
05004058,Barra ES Intenso Praliné de Avelã 80g,9990111020,Avelã,0.018839,KG
05004059,Barras com recheio de pistache / coverin,0050301007,Amêndoa de Cacau Seca Aprovada - Sakaguc,0.001571,KG
05004059,Barras com recheio de pistache / coverin,0050302011,AMÊNDOA DE CACAU TORRADA - SAKAGUCHI  12,0.001571,KG
05004059,Barras com recheio de pistache / coverin,0050303004,NIBS DE CACAU - SAKAGUCHI NT 120-35,0.001428,KG
05004059,Barras com recheio de pistache / coverin,0050304005,LIQUOR DE CACAU - SAKAGUCHI  NT24,0.001428,KG
05004059,Barras com recheio de pistache / coverin,0140106805,Açúcar refinado,0.00401,KG
05004059,Barras com recheio de pistache / coverin,03001001,Leite em Pó integral,0.002975,KG
05004059,Barras com recheio de pistache / coverin,9990107001,MANTEIGA DE CACAU desodorizada,0.003451,KG
05004059,Barras com recheio de pistache / coverin,9990111005,Lecitina de Soja,3.6e-05,LT
05004059,Barras com recheio de pistache / coverin,0050305006,MASSA DE CHOCOLATE -AO LEITE   NF24,0.0119,KG
05004059,Barras com recheio de pistache / coverin,9990311004,Praliné Pistache,0.0081,KG
05004059,Barras com recheio de pistache / coverin,0050321016,Barras com recheios - 20g   com recheio,1,PC
05004059,Barras com recheio de pistache / coverin,0140106805,Açúcar refinado,0.003161,KG
05004059,Barras com recheio de pistache / coverin,03001001,Leite em Pó integral,0.000211,KG
05004059,Barras com recheio de pistache / coverin,9990111010,Pistache,0.003782,KG
05004059,Barras com recheio de pistache / coverin,9990111031,Amêndoa,0.000945,KG
05004060,Barras ao leite com praliné   20G,0050301007,Amêndoa de Cacau Seca Aprovada - Sakaguc,0.001571,KG
05004060,Barras ao leite com praliné   20G,0050302011,AMÊNDOA DE CACAU TORRADA - SAKAGUCHI  12,0.001571,KG
05004060,Barras ao leite com praliné   20G,0050303004,NIBS DE CACAU - SAKAGUCHI NT 120-35,0.001428,KG
05004060,Barras ao leite com praliné   20G,0050304005,LIQUOR DE CACAU - SAKAGUCHI  NT24,0.001646,KG
05004060,Barras ao leite com praliné   20G,0140106805,Açúcar refinado,0.004621,KG
05004060,Barras ao leite com praliné   20G,03001001,Leite em Pó integral,0.003428,KG
05004060,Barras ao leite com praliné   20G,9990107001,MANTEIGA DE CACAU desodorizada,0.003977,KG
05004060,Barras ao leite com praliné   20G,9990111005,Lecitina de Soja,4.1e-05,LT
05004060,Barras ao leite com praliné   20G,0050305006,MASSA DE CHOCOLATE -AO LEITE   NF24,0.0119,KG
05004060,Barras ao leite com praliné   20G,9990311030,Praliné de Avelã colagem,0.0081,KG
05004060,Barras ao leite com praliné   20G,0050321018,Barras com recheios - 20g   ao leite com,1,PC
05004060,Barras ao leite com praliné   20G,9990107001,MANTEIGA DE CACAU desodorizada,8.5e-05,KG
05004060,Barras ao leite com praliné   20G,0050305006,MASSA DE CHOCOLATE -AO LEITE   NF24,0.001813,KG
05004060,Barras ao leite com praliné   20G,9990107001,MANTEIGA DE CACAU desodorizada,0.000538,KG
05004060,Barras ao leite com praliné   20G,9990307008,Pomada de manteiga de cacau,8.5e-05,PC
05004060,Barras ao leite com praliné   20G,9990311043,Praliné de Avelã,0.005664,PC
05004060,Barras ao leite com praliné   20G,0140106805,Açúcar refinado,0.002266,KG
05004060,Barras ao leite com praliné   20G,9990111020,Avelã,0.003398,KG
05004061,Chocolate amargo 70% com praliné avelã,0020301006,Amêndoa de Cacau Seca Aprovada - Mocajub,0.0072,KG
05004061,Chocolate amargo 70% com praliné avelã,0020302002,Amêndoa de Cacau Torrada - Mocajuba (PA),0.0072,KG
05004061,Chocolate amargo 70% com praliné avelã,0020303003,Nibs de Cacau - Mocajuba (PA),0.006545,KG
05004061,Chocolate amargo 70% com praliné avelã,0020304004,Liquor de Cacau - Mocajuba (PA),0.006545,KG
05004061,Chocolate amargo 70% com praliné avelã,0140106004,Açúcar Demerara,0.004284,KG
05004061,Chocolate amargo 70% com praliné avelã,9990107001,MANTEIGA DE CACAU desodorizada,0.000952,KG
05004061,Chocolate amargo 70% com praliné avelã,9990111005,Lecitina de Soja,3.6e-05,LT
05004061,Chocolate amargo 70% com praliné avelã,0020305008,Massa de Chocolate - Mocajuba Intenso,0.0119,KG
05004061,Chocolate amargo 70% com praliné avelã,9990120001,Praliné agrimontana,0.0081,KG
05004061,Chocolate amargo 70% com praliné avelã,0050321019,Barras com recheios - 20g    amargo 70%,1,PC
05004062,Barra FF Choco Brazila 100g,0050301007,Amêndoa de Cacau Seca Aprovada - Sakaguc,0.01056,KG
05004062,Barra FF Choco Brazila 100g,0050302011,AMÊNDOA DE CACAU TORRADA - SAKAGUCHI  12,0.01056,KG
05004062,Barra FF Choco Brazila 100g,0050303004,NIBS DE CACAU - SAKAGUCHI NT 120-35,0.0096,KG
05004062,Barra FF Choco Brazila 100g,0050304005,LIQUOR DE CACAU - SAKAGUCHI  NT24,0.0096,KG
05004062,Barra FF Choco Brazila 100g,0140106805,Açúcar refinado,0.02696,KG
05004062,Barra FF Choco Brazila 100g,03001001,Leite em Pó integral,0.02,KG
05004062,Barra FF Choco Brazila 100g,9990107001,MANTEIGA DE CACAU desodorizada,0.0232,KG
05004062,Barra FF Choco Brazila 100g,9990111005,Lecitina de Soja,0.00024,LT
05004062,Barra FF Choco Brazila 100g,0050305006,MASSA DE CHOCOLATE -AO LEITE   NF24,0.08,KG
05004062,Barra FF Choco Brazila 100g,0110109014,Castanha do Pará - Acará-Açu (PA),0.01,KG
05004062,Barra FF Choco Brazila 100g,9990111033,Goiaba desidratada,0.005,KG
05004062,Barra FF Choco Brazila 100g,9990111035,Semente de abóbora,0.005,KG
05004062,Barra FF Choco Brazila 100g,0050321006,Barras 100g    Brazila,1,PC
05004062,Barra FF Choco Brazila 100g,0190213055,Caixa de papel com visor barra,1,PC
05004062,Barra FF Choco Brazila 100g,0190213056,Envelope plastico transparente,1,PC
05004062,Barra FF Choco Brazila 100g,9990712007,Etiqueta de diferenciação Brazila,1,PC
05004062,Barra FF Choco Brazila 100g,9990712016,Etiqueta branca Brazila,1,PC
05004063,Barra FF Chocolate Kakao Klasiko 100g,0050301007,Amêndoa de Cacau Seca Aprovada - Sakaguc,0.01067,KG
05004063,Barra FF Chocolate Kakao Klasiko 100g,0050301007,Amêndoa de Cacau Seca Aprovada - Sakaguc,0.01056,KG
05004063,Barra FF Chocolate Kakao Klasiko 100g,0050302002,Amêndoa de Cacau Torrada - Sakaguchi(PA),0.01067,KG
05004063,Barra FF Chocolate Kakao Klasiko 100g,0050302011,AMÊNDOA DE CACAU TORRADA - SAKAGUCHI  12,0.01056,KG
05004063,Barra FF Chocolate Kakao Klasiko 100g,0050303004,NIBS DE CACAU - SAKAGUCHI NT 120-35,0.0096,KG
05004063,Barra FF Chocolate Kakao Klasiko 100g,0050304005,LIQUOR DE CACAU - SAKAGUCHI  NT24,0.0096,KG
05004063,Barra FF Chocolate Kakao Klasiko 100g,0140106805,Açúcar refinado,0.02696,KG
05004063,Barra FF Chocolate Kakao Klasiko 100g,03001001,Leite em Pó integral,0.02,KG
05004063,Barra FF Chocolate Kakao Klasiko 100g,9990107001,MANTEIGA DE CACAU desodorizada,0.0232,KG
05004063,Barra FF Chocolate Kakao Klasiko 100g,9990111005,Lecitina de Soja,0.00024,LT
05004063,Barra FF Chocolate Kakao Klasiko 100g,0050303003,Nibs de Cacau - Sakaguchi(PA),0.0097,KG
05004063,Barra FF Chocolate Kakao Klasiko 100g,0050305006,MASSA DE CHOCOLATE -AO LEITE   NF24,0.08,KG
05004063,Barra FF Chocolate Kakao Klasiko 100g,9990111001,Flor de Sal,0.0003,KG
05004063,Barra FF Chocolate Kakao Klasiko 100g,9990111039,Avelã torrada,0.01,KG
05004063,Barra FF Chocolate Kakao Klasiko 100g,0050321009,Barras 100g  Kakao Klasiko,1,PC
05004063,Barra FF Chocolate Kakao Klasiko 100g,0190213055,Caixa de papel com visor barra,1,PC
05004063,Barra FF Chocolate Kakao Klasiko 100g,0190213056,Envelope plastico transparente,1,PC
05004063,Barra FF Chocolate Kakao Klasiko 100g,9990712010,Etiqueta de diferenciação Kakao Klasiko,1,PC
05004063,Barra FF Chocolate Kakao Klasiko 100g,9990712019,Etiqueta branca Kakao Klasiko,1,PC
05004088,Ovos 1 - 300g ao leite,0050301007,Amêndoa de Cacau Seca Aprovada - Sakaguc,0.033,KG
05004088,Ovos 1 - 300g ao leite,0050302011,AMÊNDOA DE CACAU TORRADA - SAKAGUCHI  12,0.033,KG
05004088,Ovos 1 - 300g ao leite,0050303004,NIBS DE CACAU - SAKAGUCHI NT 120-35,0.03,KG
05004088,Ovos 1 - 300g ao leite,0050304005,LIQUOR DE CACAU - SAKAGUCHI  NT24,0.033439,KG
05004088,Ovos 1 - 300g ao leite,0140106805,Açúcar refinado,0.093907,KG
05004088,Ovos 1 - 300g ao leite,03001001,Leite em Pó integral,0.069664,KG
05004088,Ovos 1 - 300g ao leite,9990107001,MANTEIGA DE CACAU desodorizada,0.08081,KG
05004088,Ovos 1 - 300g ao leite,9990111005,Lecitina de Soja,0.000836,LT
05004088,Ovos 1 - 300g ao leite,0050305006,MASSA DE CHOCOLATE -AO LEITE   NF24,0.25,KG
05004088,Ovos 1 - 300g ao leite,0050315003,Face Ovo 1 Saka ao leite,2,PC
05004088,Ovos 1 - 300g ao leite,05104001,Bombom SF Praliné ao leite 10g,5,PC
05004088,Ovos 1 - 300g ao leite,0050305006,MASSA DE CHOCOLATE -AO LEITE   NF24,0.0225,KG
05004088,Ovos 1 - 300g ao leite,9990311030,Praliné de Avelã colagem,0.0275,KG
05004088,Ovos 1 - 300g ao leite,9990107001,MANTEIGA DE CACAU desodorizada,0.000289,KG
05004088,Ovos 1 - 300g ao leite,0050305006,MASSA DE CHOCOLATE -AO LEITE   NF24,0.006155,KG
05004088,Ovos 1 - 300g ao leite,9990107001,MANTEIGA DE CACAU desodorizada,0.001826,KG
05004088,Ovos 1 - 300g ao leite,9990307008,Pomada de manteiga de cacau,0.000289,PC
05004088,Ovos 1 - 300g ao leite,9990311043,Praliné de Avelã,0.019231,PC
05004088,Ovos 1 - 300g ao leite,0140106805,Açúcar refinado,0.007692,KG
05004088,Ovos 1 - 300g ao leite,9990111020,Avelã,0.011539,KG
05004089,Ovos 2 - 300g  meio intenso meio branco,0050301007,Amêndoa de Cacau Seca Aprovada - Sakaguc,0.00297,KG
05004089,Ovos 2 - 300g  meio intenso meio branco,0050302011,AMÊNDOA DE CACAU TORRADA - SAKAGUCHI  12,0.00297,KG
05004089,Ovos 2 - 300g  meio intenso meio branco,0050303004,NIBS DE CACAU - SAKAGUCHI NT 120-35,0.0027,KG
05004089,Ovos 2 - 300g  meio intenso meio branco,0050304005,LIQUOR DE CACAU - SAKAGUCHI  NT24,0.003439,KG
05004089,Ovos 2 - 300g  meio intenso meio branco,0140106805,Açúcar refinado,0.009657,KG
05004089,Ovos 2 - 300g  meio intenso meio branco,03001001,Leite em Pó integral,0.007164,KG
05004089,Ovos 2 - 300g  meio intenso meio branco,9990107001,MANTEIGA DE CACAU desodorizada,0.00831,KG
05004089,Ovos 2 - 300g  meio intenso meio branco,9990111005,Lecitina de Soja,8.6e-05,LT
05004089,Ovos 2 - 300g  meio intenso meio branco,0140106004,Açúcar Demerara,0.045,KG
05004089,Ovos 2 - 300g  meio intenso meio branco,0250304004,Liquor de Cacau - Bom Jardim,0.06875,KG
05004089,Ovos 2 - 300g  meio intenso meio branco,9990107001,MANTEIGA DE CACAU desodorizada,0.0075,KG
05004089,Ovos 2 - 300g  meio intenso meio branco,9990111005,Lecitina de Soja,0.000125,LT
05004089,Ovos 2 - 300g  meio intenso meio branco,0250101006,Amêndoa de Cacau Seca Aprovada - Bom Jar,0.075625,KG
05004089,Ovos 2 - 300g  meio intenso meio branco,0250302002,Amêndoa de Cacau Torrada - Bom Jardim,0.075625,KG
05004089,Ovos 2 - 300g  meio intenso meio branco,0250303003,Nibs de Cacau - Bom Jardim,0.06875,KG
05004089,Ovos 2 - 300g  meio intenso meio branco,0050305008,MASSA DE CHOCOLATE -INTENSO NF24,0.125,KG
05004089,Ovos 2 - 300g  meio intenso meio branco,0050111003,Semente de Cumaru,0.00125,KG
05004089,Ovos 2 - 300g  meio intenso meio branco,0140106805,Açúcar refinado,0.04125,KG
05004089,Ovos 2 - 300g  meio intenso meio branco,03001001,Leite em Pó integral,0.035,KG
05004089,Ovos 2 - 300g  meio intenso meio branco,9990307005,Manteiga de Cacau Yanomami terc,0.0475,KG
05004089,Ovos 2 - 300g  meio intenso meio branco,0250315012,Face Ovo 2 Int,1,PC
05004089,Ovos 2 - 300g  meio intenso meio branco,05104001,Bombom SF Praliné ao leite 10g,5,PC
05004089,Ovos 2 - 300g  meio intenso meio branco,9990315001,Face Ovo 2 Branco,1,PC
05004089,Ovos 2 - 300g  meio intenso meio branco,0050305006,MASSA DE CHOCOLATE -AO LEITE   NF24,0.0225,KG
05004089,Ovos 2 - 300g  meio intenso meio branco,9990311030,Praliné de Avelã colagem,0.0275,KG
05004089,Ovos 2 - 300g  meio intenso meio branco,0070301006,Amêndoa de Cacau Seca Aprovada - Yanomam,0.056345,KG
05004089,Ovos 2 - 300g  meio intenso meio branco,9990107001,MANTEIGA DE CACAU desodorizada,0.000289,KG
05004089,Ovos 2 - 300g  meio intenso meio branco,0050305006,MASSA DE CHOCOLATE -AO LEITE   NF24,0.006155,KG
05004089,Ovos 2 - 300g  meio intenso meio branco,9990107001,MANTEIGA DE CACAU desodorizada,0.001826,KG
05004089,Ovos 2 - 300g  meio intenso meio branco,9990307008,Pomada de manteiga de cacau,0.000289,PC
05004089,Ovos 2 - 300g  meio intenso meio branco,9990311043,Praliné de Avelã,0.019231,PC
05004089,Ovos 2 - 300g  meio intenso meio branco,0140106805,Açúcar refinado,0.007692,KG
05004089,Ovos 2 - 300g  meio intenso meio branco,9990111020,Avelã,0.011539,KG
05004089,Ovos 2 - 300g  meio intenso meio branco,0500305001,Massa de Chocolate branco 2024,0.125,KG
05004091,Ovo Premium 1 - 390 g  praliné,0050301007,Amêndoa de Cacau Seca Aprovada - Sakaguc,0.004539,KG
05004091,Ovo Premium 1 - 390 g  praliné,0050302011,AMÊNDOA DE CACAU TORRADA - SAKAGUCHI  12,0.004539,KG
05004091,Ovo Premium 1 - 390 g  praliné,0050303004,NIBS DE CACAU - SAKAGUCHI NT 120-35,0.004126,KG
05004091,Ovo Premium 1 - 390 g  praliné,0050304005,LIQUOR DE CACAU - SAKAGUCHI  NT24,0.03299,KG
05004091,Ovo Premium 1 - 390 g  praliné,0140106805,Açúcar refinado,0.092648,KG
05004091,Ovo Premium 1 - 390 g  praliné,03001001,Leite em Pó integral,0.06873,KG
05004091,Ovo Premium 1 - 390 g  praliné,9990107001,MANTEIGA DE CACAU desodorizada,0.079727,KG
05004091,Ovo Premium 1 - 390 g  praliné,9990111005,Lecitina de Soja,0.000825,LT
05004091,Ovo Premium 1 - 390 g  praliné,0050305006,MASSA DE CHOCOLATE -AO LEITE   NF24,0.006534,KG
05004091,Ovo Premium 1 - 390 g  praliné,9990307008,Pomada de manteiga de cacau,6.6e-05,PC
05004091,Ovo Premium 1 - 390 g  praliné,9990311030,Praliné de Avelã colagem,0.0044,KG
05004091,Ovo Premium 1 - 390 g  praliné,05104001,Bombom SF Praliné ao leite 10g,6,PC
05004091,Ovo Premium 1 - 390 g  praliné,05104029,Língua de Onça Leite Praliné 11g,1,PC
05004091,Ovo Premium 1 - 390 g  praliné,9990315002,Face Ovo 1 Marajoara leite Praliné,2,PC
05004091,Ovo Premium 1 - 390 g  praliné,0050305006,MASSA DE CHOCOLATE -AO LEITE   NF24,0.027,KG
05004091,Ovo Premium 1 - 390 g  praliné,9990311030,Praliné de Avelã colagem,0.033,KG
05004091,Ovo Premium 1 - 390 g  praliné,0050305015,PP LÍNGUA DE ONÇA 11G PRALINÉ,1,PC
05004091,Ovo Premium 1 - 390 g  praliné,9990107001,MANTEIGA DE CACAU desodorizada,0.000459,KG
05004091,Ovo Premium 1 - 390 g  praliné,0050305006,MASSA DE CHOCOLATE -AO LEITE   NF24,0.00837,KG
05004091,Ovo Premium 1 - 390 g  praliné,9990107001,MANTEIGA DE CACAU desodorizada,0.002483,KG
05004091,Ovo Premium 1 - 390 g  praliné,9990307008,Pomada de manteiga de cacau,0.000393,PC
05004091,Ovo Premium 1 - 390 g  praliné,9990311043,Praliné de Avelã,0.026154,PC
05004091,Ovo Premium 1 - 390 g  praliné,0140106805,Açúcar refinado,0.010462,KG
05004091,Ovo Premium 1 - 390 g  praliné,9990111020,Avelã,0.015692,KG
05004091,Ovo Premium 1 - 390 g  praliné,0050305006,MASSA DE CHOCOLATE -AO LEITE   NF24,0.234,KG
05004091,Ovo Premium 1 - 390 g  praliné,9990120001,Praliné agrimontana,0.156,KG
05004092,Ovo Premium 2 - 390g   Pistache,0050301007,Amêndoa de Cacau Seca Aprovada - Sakaguc,0.004539,KG
05004092,Ovo Premium 2 - 390g   Pistache,0050302011,AMÊNDOA DE CACAU TORRADA - SAKAGUCHI  12,0.004539,KG
05004092,Ovo Premium 2 - 390g   Pistache,0050303004,NIBS DE CACAU - SAKAGUCHI NT 120-35,0.004126,KG
05004092,Ovo Premium 2 - 390g   Pistache,0050304005,LIQUOR DE CACAU - SAKAGUCHI  NT24,0.03299,KG
05004092,Ovo Premium 2 - 390g   Pistache,0140106805,Açúcar refinado,0.092648,KG
05004092,Ovo Premium 2 - 390g   Pistache,03001001,Leite em Pó integral,0.06873,KG
05004092,Ovo Premium 2 - 390g   Pistache,9990107001,MANTEIGA DE CACAU desodorizada,0.079727,KG
05004092,Ovo Premium 2 - 390g   Pistache,9990111005,Lecitina de Soja,0.000825,LT
05004092,Ovo Premium 2 - 390g   Pistache,0050305006,MASSA DE CHOCOLATE -AO LEITE   NF24,0.006534,KG
05004092,Ovo Premium 2 - 390g   Pistache,9990307008,Pomada de manteiga de cacau,6.6e-05,PC
05004092,Ovo Premium 2 - 390g   Pistache,9990311030,Praliné de Avelã colagem,0.0044,KG
05004092,Ovo Premium 2 - 390g   Pistache,05104001,Bombom SF Praliné ao leite 10g,6,PC
05004092,Ovo Premium 2 - 390g   Pistache,05104029,Língua de Onça Leite Praliné 11g,1,PC
05004092,Ovo Premium 2 - 390g   Pistache,9990315003,Face Ovo 2 Marajoara Leite Pistache,2,PC
05004092,Ovo Premium 2 - 390g   Pistache,0050305006,MASSA DE CHOCOLATE -AO LEITE   NF24,0.027,KG
05004092,Ovo Premium 2 - 390g   Pistache,9990311030,Praliné de Avelã colagem,0.033,KG
05004092,Ovo Premium 2 - 390g   Pistache,0050305015,PP LÍNGUA DE ONÇA 11G PRALINÉ,1,PC
05004092,Ovo Premium 2 - 390g   Pistache,9990107001,MANTEIGA DE CACAU desodorizada,0.000413,KG
05004092,Ovo Premium 2 - 390g   Pistache,0140106805,Açúcar refinado,0.060887,KG
05004092,Ovo Premium 2 - 390g   Pistache,03001001,Leite em Pó integral,0.004072,KG
05004092,Ovo Premium 2 - 390g   Pistache,9990111010,Pistache,0.072836,KG
05004092,Ovo Premium 2 - 390g   Pistache,9990111031,Amêndoa,0.018205,KG
05004092,Ovo Premium 2 - 390g   Pistache,0050305006,MASSA DE CHOCOLATE -AO LEITE   NF24,0.00837,KG
05004092,Ovo Premium 2 - 390g   Pistache,9990107001,MANTEIGA DE CACAU desodorizada,0.002483,KG
05004092,Ovo Premium 2 - 390g   Pistache,9990307008,Pomada de manteiga de cacau,0.000393,PC
05004092,Ovo Premium 2 - 390g   Pistache,9990311043,Praliné de Avelã,0.026154,PC
05004092,Ovo Premium 2 - 390g   Pistache,0140106805,Açúcar refinado,0.010462,KG
05004092,Ovo Premium 2 - 390g   Pistache,9990111020,Avelã,0.015692,KG
05004092,Ovo Premium 2 - 390g   Pistache,0050305006,MASSA DE CHOCOLATE -AO LEITE   NF24,0.234,KG
05004092,Ovo Premium 2 - 390g   Pistache,9990311004,Praliné Pistache,0.156,KG
05004093,Ovo Premium 1 - 390 g / Ovo Marajuara,0050301007,Amêndoa de Cacau Seca Aprovada - Sakaguc,0.004539,KG
05004093,Ovo Premium 1 - 390 g / Ovo Marajuara,0050302011,AMÊNDOA DE CACAU TORRADA - SAKAGUCHI  12,0.004539,KG
05004093,Ovo Premium 1 - 390 g / Ovo Marajuara,0050303004,NIBS DE CACAU - SAKAGUCHI NT 120-35,0.004126,KG
05004093,Ovo Premium 1 - 390 g / Ovo Marajuara,0050304005,LIQUOR DE CACAU - SAKAGUCHI  NT24,0.03299,KG
05004093,Ovo Premium 1 - 390 g / Ovo Marajuara,0140106805,Açúcar refinado,0.092648,KG
05004093,Ovo Premium 1 - 390 g / Ovo Marajuara,03001001,Leite em Pó integral,0.06873,KG
05004093,Ovo Premium 1 - 390 g / Ovo Marajuara,9990107001,MANTEIGA DE CACAU desodorizada,0.079727,KG
05004093,Ovo Premium 1 - 390 g / Ovo Marajuara,9990111005,Lecitina de Soja,0.000825,LT
05004093,Ovo Premium 1 - 390 g / Ovo Marajuara,0050305006,MASSA DE CHOCOLATE -AO LEITE   NF24,0.006534,KG
05004093,Ovo Premium 1 - 390 g / Ovo Marajuara,9990307008,Pomada de manteiga de cacau,6.6e-05,PC
05004093,Ovo Premium 1 - 390 g / Ovo Marajuara,9990311030,Praliné de Avelã colagem,0.0044,KG
05004093,Ovo Premium 1 - 390 g / Ovo Marajuara,05104001,Bombom SF Praliné ao leite 10g,6,PC
05004093,Ovo Premium 1 - 390 g / Ovo Marajuara,05104029,Língua de Onça Leite Praliné 11g,1,PC
05004093,Ovo Premium 1 - 390 g / Ovo Marajuara,9990315002,Face Ovo 1 Marajoara leite Praliné,2,PC
05004093,Ovo Premium 1 - 390 g / Ovo Marajuara,0050305006,MASSA DE CHOCOLATE -AO LEITE   NF24,0.027,KG
05004093,Ovo Premium 1 - 390 g / Ovo Marajuara,9990311030,Praliné de Avelã colagem,0.033,KG
05004093,Ovo Premium 1 - 390 g / Ovo Marajuara,0050305015,PP LÍNGUA DE ONÇA 11G PRALINÉ,1,PC
05004093,Ovo Premium 1 - 390 g / Ovo Marajuara,9990107001,MANTEIGA DE CACAU desodorizada,0.000459,KG
05004093,Ovo Premium 1 - 390 g / Ovo Marajuara,0050305006,MASSA DE CHOCOLATE -AO LEITE   NF24,0.00837,KG
05004093,Ovo Premium 1 - 390 g / Ovo Marajuara,9990107001,MANTEIGA DE CACAU desodorizada,0.002483,KG
05004093,Ovo Premium 1 - 390 g / Ovo Marajuara,9990307008,Pomada de manteiga de cacau,0.000393,PC
05004093,Ovo Premium 1 - 390 g / Ovo Marajuara,9990311043,Praliné de Avelã,0.026154,PC
05004093,Ovo Premium 1 - 390 g / Ovo Marajuara,0140106805,Açúcar refinado,0.010462,KG
05004093,Ovo Premium 1 - 390 g / Ovo Marajuara,9990111020,Avelã,0.015692,KG
05004093,Ovo Premium 1 - 390 g / Ovo Marajuara,0050305006,MASSA DE CHOCOLATE -AO LEITE   NF24,0.234,KG
05004093,Ovo Premium 1 - 390 g / Ovo Marajuara,9990120001,Praliné agrimontana,0.156,KG
05004094,Ovo Premium 2 - 390g / Ovo Marajuara,0050301007,Amêndoa de Cacau Seca Aprovada - Sakaguc,0.004539,KG
05004094,Ovo Premium 2 - 390g / Ovo Marajuara,0050302011,AMÊNDOA DE CACAU TORRADA - SAKAGUCHI  12,0.004539,KG
05004094,Ovo Premium 2 - 390g / Ovo Marajuara,0050303004,NIBS DE CACAU - SAKAGUCHI NT 120-35,0.004126,KG
05004094,Ovo Premium 2 - 390g / Ovo Marajuara,0050304005,LIQUOR DE CACAU - SAKAGUCHI  NT24,0.03299,KG
05004094,Ovo Premium 2 - 390g / Ovo Marajuara,0140106805,Açúcar refinado,0.092648,KG
05004094,Ovo Premium 2 - 390g / Ovo Marajuara,03001001,Leite em Pó integral,0.06873,KG
05004094,Ovo Premium 2 - 390g / Ovo Marajuara,9990107001,MANTEIGA DE CACAU desodorizada,0.079727,KG
05004094,Ovo Premium 2 - 390g / Ovo Marajuara,9990111005,Lecitina de Soja,0.000825,LT
05004094,Ovo Premium 2 - 390g / Ovo Marajuara,0050305006,MASSA DE CHOCOLATE -AO LEITE   NF24,0.006534,KG
05004094,Ovo Premium 2 - 390g / Ovo Marajuara,9990307008,Pomada de manteiga de cacau,6.6e-05,PC
05004094,Ovo Premium 2 - 390g / Ovo Marajuara,9990311030,Praliné de Avelã colagem,0.0044,KG
05004094,Ovo Premium 2 - 390g / Ovo Marajuara,05104001,Bombom SF Praliné ao leite 10g,6,PC
05004094,Ovo Premium 2 - 390g / Ovo Marajuara,05104029,Língua de Onça Leite Praliné 11g,1,PC
05004094,Ovo Premium 2 - 390g / Ovo Marajuara,9990315003,Face Ovo 2 Marajoara Leite Pistache,2,PC
05004094,Ovo Premium 2 - 390g / Ovo Marajuara,0050305006,MASSA DE CHOCOLATE -AO LEITE   NF24,0.027,KG
05004094,Ovo Premium 2 - 390g / Ovo Marajuara,9990311030,Praliné de Avelã colagem,0.033,KG
05004094,Ovo Premium 2 - 390g / Ovo Marajuara,0050305015,PP LÍNGUA DE ONÇA 11G PRALINÉ,1,PC
05004094,Ovo Premium 2 - 390g / Ovo Marajuara,9990107001,MANTEIGA DE CACAU desodorizada,0.000413,KG
05004094,Ovo Premium 2 - 390g / Ovo Marajuara,0140106805,Açúcar refinado,0.060887,KG
05004094,Ovo Premium 2 - 390g / Ovo Marajuara,03001001,Leite em Pó integral,0.004072,KG
05004094,Ovo Premium 2 - 390g / Ovo Marajuara,9990111010,Pistache,0.072836,KG
05004094,Ovo Premium 2 - 390g / Ovo Marajuara,9990111031,Amêndoa,0.018205,KG
05004094,Ovo Premium 2 - 390g / Ovo Marajuara,0050305006,MASSA DE CHOCOLATE -AO LEITE   NF24,0.00837,KG
05004094,Ovo Premium 2 - 390g / Ovo Marajuara,9990107001,MANTEIGA DE CACAU desodorizada,0.002483,KG
05004094,Ovo Premium 2 - 390g / Ovo Marajuara,9990307008,Pomada de manteiga de cacau,0.000393,PC
05004094,Ovo Premium 2 - 390g / Ovo Marajuara,9990311043,Praliné de Avelã,0.026154,PC
05004094,Ovo Premium 2 - 390g / Ovo Marajuara,0140106805,Açúcar refinado,0.010462,KG
05004094,Ovo Premium 2 - 390g / Ovo Marajuara,9990111020,Avelã,0.015692,KG
05004094,Ovo Premium 2 - 390g / Ovo Marajuara,0050305006,MASSA DE CHOCOLATE -AO LEITE   NF24,0.234,KG
05004094,Ovo Premium 2 - 390g / Ovo Marajuara,9990311004,Praliné Pistache,0.156,KG
05004097,Barra ES Leite com Avelã e Maracujá 80g,0050301007,Amêndoa de Cacau Seca Aprovada - Sakaguc,0.006283,KG
05004097,Barra ES Leite com Avelã e Maracujá 80g,0050302011,AMÊNDOA DE CACAU TORRADA - SAKAGUCHI  12,0.006283,KG
05004097,Barra ES Leite com Avelã e Maracujá 80g,0050303004,NIBS DE CACAU - SAKAGUCHI NT 120-35,0.005712,KG
05004097,Barra ES Leite com Avelã e Maracujá 80g,0050304005,LIQUOR DE CACAU - SAKAGUCHI  NT24,0.006212,KG
05004097,Barra ES Leite com Avelã e Maracujá 80g,0140106805,Açúcar refinado,0.017446,KG
05004097,Barra ES Leite com Avelã e Maracujá 80g,03001001,Leite em Pó integral,0.012942,KG
05004097,Barra ES Leite com Avelã e Maracujá 80g,9990107001,MANTEIGA DE CACAU desodorizada,0.015013,KG
05004097,Barra ES Leite com Avelã e Maracujá 80g,9990111005,Lecitina de Soja,0.000156,LT
05004097,Barra ES Leite com Avelã e Maracujá 80g,0050305006,MASSA DE CHOCOLATE -AO LEITE   NF24,0.0476,KG
05004097,Barra ES Leite com Avelã e Maracujá 80g,9990311030,Praliné de Avelã colagem,0.018624,KG
05004097,Barra ES Leite com Avelã e Maracujá 80g,9990311038,Recheio Caramelo Maracujá,0.013746,KG
05004097,Barra ES Leite com Avelã e Maracujá 80g,0050321024,Barra 80 GR  Caram de Maracujá+praliné,1,PC
05004097,Barra ES Leite com Avelã e Maracujá 80g,0190213056,Envelope plastico transparente,1,PC
05004097,Barra ES Leite com Avelã e Maracujá 80g,0190213165,Caixa ES Ao Leite com Praliné e Maracujá,1,PC
05004097,Barra ES Leite com Avelã e Maracujá 80g,019021424,CARTÃO QR,1,UN
05004097,Barra ES Leite com Avelã e Maracujá 80g,9990107001,MANTEIGA DE CACAU desodorizada,0.000196,KG
05004097,Barra ES Leite com Avelã e Maracujá 80g,0050305006,MASSA DE CHOCOLATE -AO LEITE   NF24,0.004168,KG
05004097,Barra ES Leite com Avelã e Maracujá 80g,9990107001,MANTEIGA DE CACAU desodorizada,0.001237,KG
05004097,Barra ES Leite com Avelã e Maracujá 80g,9990307008,Pomada de manteiga de cacau,0.000196,PC
05004097,Barra ES Leite com Avelã e Maracujá 80g,9990311043,Praliné de Avelã,0.013024,PC
05004097,Barra ES Leite com Avelã e Maracujá 80g,0140106805,Açúcar refinado,0.003999,KG
05004097,Barra ES Leite com Avelã e Maracujá 80g,9990111000,Agua Mineral sem gás,0.001223,LT
05004097,Barra ES Leite com Avelã e Maracujá 80g,9990111004,Baunilha em Fava,8e-06,KG
05004097,Barra ES Leite com Avelã e Maracujá 80g,9990111005,Lecitina de Soja,5.2e-05,LT
05004097,Barra ES Leite com Avelã e Maracujá 80g,9990111006,Manteiga de Leite,0.001068,KG
05004097,Barra ES Leite com Avelã e Maracujá 80g,9990111008,Xarope de glucose,0.002293,KG
05004097,Barra ES Leite com Avelã e Maracujá 80g,9990111015,Polpa Maracujá,0.005103,KG
05004097,Barra ES Leite com Avelã e Maracujá 80g,0140106805,Açúcar refinado,0.00521,KG
05004097,Barra ES Leite com Avelã e Maracujá 80g,9990111020,Avelã,0.007814,KG
05004098,Trufas Nativas Cx Sortimento 60G intenso,0020301006,Amêndoa de Cacau Seca Aprovada - Mocajub,0.00968,KG
05004098,Trufas Nativas Cx Sortimento 60G intenso,0020302002,Amêndoa de Cacau Torrada - Mocajuba (PA),0.00968,KG
05004098,Trufas Nativas Cx Sortimento 60G intenso,0020303003,Nibs de Cacau - Mocajuba (PA),0.0088,KG
05004098,Trufas Nativas Cx Sortimento 60G intenso,0020304004,Liquor de Cacau - Mocajuba (PA),0.03265,KG
05004098,Trufas Nativas Cx Sortimento 60G intenso,0140106004,Açúcar Demerara,0.021371,KG
05004098,Trufas Nativas Cx Sortimento 60G intenso,9990107001,MANTEIGA DE CACAU desodorizada,0.004749,KG
05004098,Trufas Nativas Cx Sortimento 60G intenso,9990111005,Lecitina de Soja,0.000178,LT
05004098,Trufas Nativas Cx Sortimento 60G intenso,05104020,Trufas Nativas de Chocolate Intenso  20G,4,PC
05004098,Trufas Nativas Cx Sortimento 60G intenso,0020305008,Massa de Chocolate - Mocajuba Intenso,0.016,KG
05004098,Trufas Nativas Cx Sortimento 60G intenso,9990117003,Cacau em Pó Alcalino,0.04,KG
05004098,Trufas Nativas Cx Sortimento 60G intenso,9990315022,Massa de trufa Intenso,0.068,KG
05004098,Trufas Nativas Cx Sortimento 60G intenso,0020305008,Massa de Chocolate - Mocajuba Intenso,0.043364,KG
05004098,Trufas Nativas Cx Sortimento 60G intenso,0140106804,Açúcar invertido,0.003182,KG
05004098,Trufas Nativas Cx Sortimento 60G intenso,9990111003,Creme de Leite UHT 25%,0.017,KG
05004098,Trufas Nativas Cx Sortimento 60G intenso,9990111006,Manteiga de Leite,0.002441,KG
05004098,Trufas Nativas Cx Sortimento 60G intenso,9990111023,Sorbitol em Pó,0.002013,KG
05004099,"Trufas Nativas Cx Sortimen 120G 4I,2L,2B",0020301006,Amêndoa de Cacau Seca Aprovada - Mocajub,0.00968,KG
05004099,"Trufas Nativas Cx Sortimen 120G 4I,2L,2B",0020302002,Amêndoa de Cacau Torrada - Mocajuba (PA),0.00968,KG
05004099,"Trufas Nativas Cx Sortimen 120G 4I,2L,2B",0020303003,Nibs de Cacau - Mocajuba (PA),0.0088,KG
05004099,"Trufas Nativas Cx Sortimen 120G 4I,2L,2B",0020304004,Liquor de Cacau - Mocajuba (PA),0.03265,KG
05004099,"Trufas Nativas Cx Sortimen 120G 4I,2L,2B",0140106004,Açúcar Demerara,0.021371,KG
05004099,"Trufas Nativas Cx Sortimen 120G 4I,2L,2B",9990107001,MANTEIGA DE CACAU desodorizada,0.004749,KG
05004099,"Trufas Nativas Cx Sortimen 120G 4I,2L,2B",9990111005,Lecitina de Soja,0.000178,LT
05004099,"Trufas Nativas Cx Sortimen 120G 4I,2L,2B",0050301007,Amêndoa de Cacau Seca Aprovada - Sakaguc,0.001056,KG
05004099,"Trufas Nativas Cx Sortimen 120G 4I,2L,2B",0050302011,AMÊNDOA DE CACAU TORRADA - SAKAGUCHI  12,0.001056,KG
05004099,"Trufas Nativas Cx Sortimen 120G 4I,2L,2B",0050303004,NIBS DE CACAU - SAKAGUCHI NT 120-35,0.00096,KG
05004099,"Trufas Nativas Cx Sortimen 120G 4I,2L,2B",0050304005,LIQUOR DE CACAU - SAKAGUCHI  NT24,0.00096,KG
05004099,"Trufas Nativas Cx Sortimen 120G 4I,2L,2B",0140106805,Açúcar refinado,0.002695,KG
05004099,"Trufas Nativas Cx Sortimen 120G 4I,2L,2B",03001001,Leite em Pó integral,0.002,KG
05004099,"Trufas Nativas Cx Sortimen 120G 4I,2L,2B",9990107001,MANTEIGA DE CACAU desodorizada,0.002319,KG
05004099,"Trufas Nativas Cx Sortimen 120G 4I,2L,2B",9990111005,Lecitina de Soja,2.4e-05,LT
05004099,"Trufas Nativas Cx Sortimen 120G 4I,2L,2B",0140106004,Açúcar Demerara,0.003555,KG
05004099,"Trufas Nativas Cx Sortimen 120G 4I,2L,2B",0250304004,Liquor de Cacau - Bom Jardim,0.005432,KG
05004099,"Trufas Nativas Cx Sortimen 120G 4I,2L,2B",9990107001,MANTEIGA DE CACAU desodorizada,0.000593,KG
05004099,"Trufas Nativas Cx Sortimen 120G 4I,2L,2B",9990111005,Lecitina de Soja,1e-05,LT
05004099,"Trufas Nativas Cx Sortimen 120G 4I,2L,2B",0250101006,Amêndoa de Cacau Seca Aprovada - Bom Jar,0.005975,KG
05004099,"Trufas Nativas Cx Sortimen 120G 4I,2L,2B",0250302002,Amêndoa de Cacau Torrada - Bom Jardim,0.005975,KG
05004099,"Trufas Nativas Cx Sortimen 120G 4I,2L,2B",0250303003,Nibs de Cacau - Bom Jardim,0.005432,KG
05004099,"Trufas Nativas Cx Sortimen 120G 4I,2L,2B",0050111003,Semente de Cumaru,0.013562,KG
05004099,"Trufas Nativas Cx Sortimen 120G 4I,2L,2B",0140106805,Açúcar refinado,0.447546,KG
05004099,"Trufas Nativas Cx Sortimen 120G 4I,2L,2B",03001001,Leite em Pó integral,0.379736,KG
05004099,"Trufas Nativas Cx Sortimen 120G 4I,2L,2B",9990107002,MANTEIGA DE CACAU IBC ORGÂNICA,0.515356,KG
05004099,"Trufas Nativas Cx Sortimen 120G 4I,2L,2B",05104019,Trufas Nativas de Chocolate Branco 15g,2,PC
05004099,"Trufas Nativas Cx Sortimen 120G 4I,2L,2B",05104020,Trufas Nativas de Chocolate Intenso  20G,4,PC
05004099,"Trufas Nativas Cx Sortimen 120G 4I,2L,2B",05104057,Trufas ao leite,2,PC
05004099,"Trufas Nativas Cx Sortimen 120G 4I,2L,2B",0140106804,Açúcar invertido,0.0718,KG
05004099,"Trufas Nativas Cx Sortimen 120G 4I,2L,2B",0410305001,MASSA DE CHOCOLATE BRANCO ALTAMIRA,1.3562,KG
05004099,"Trufas Nativas Cx Sortimen 120G 4I,2L,2B",9990111003,Creme de Leite UHT 25%,0.452,KG
05004099,"Trufas Nativas Cx Sortimen 120G 4I,2L,2B",9990111006,Manteiga de Leite,0.0656,KG
05004099,"Trufas Nativas Cx Sortimen 120G 4I,2L,2B",9990111023,Sorbitol em Pó,0.0542,KG
05004099,"Trufas Nativas Cx Sortimen 120G 4I,2L,2B",0020305008,Massa de Chocolate - Mocajuba Intenso,0.016,KG
05004099,"Trufas Nativas Cx Sortimen 120G 4I,2L,2B",9990117003,Cacau em Pó Alcalino,0.04,KG
05004099,"Trufas Nativas Cx Sortimen 120G 4I,2L,2B",9990315022,Massa de trufa Intenso,0.068,KG
05004099,"Trufas Nativas Cx Sortimen 120G 4I,2L,2B",0050305006,MASSA DE CHOCOLATE -AO LEITE   NF24,0.007998,KG
05004099,"Trufas Nativas Cx Sortimen 120G 4I,2L,2B",0050305008,MASSA DE CHOCOLATE -INTENSO NF24,0.009876,KG
05004099,"Trufas Nativas Cx Sortimen 120G 4I,2L,2B",0140106804,Açúcar invertido,0.001582,KG
05004099,"Trufas Nativas Cx Sortimen 120G 4I,2L,2B",9990111003,Creme de Leite UHT 25%,0.008334,KG
05004099,"Trufas Nativas Cx Sortimen 120G 4I,2L,2B",9990111006,Manteiga de Leite,0.001212,KG
05004099,"Trufas Nativas Cx Sortimen 120G 4I,2L,2B",9990111023,Sorbitol em Pó,0.001,KG
05004099,"Trufas Nativas Cx Sortimen 120G 4I,2L,2B",0020305008,Massa de Chocolate - Mocajuba Intenso,0.043364,KG
05004099,"Trufas Nativas Cx Sortimen 120G 4I,2L,2B",0140106804,Açúcar invertido,0.003182,KG
05004099,"Trufas Nativas Cx Sortimen 120G 4I,2L,2B",9990111003,Creme de Leite UHT 25%,0.017,KG
05004099,"Trufas Nativas Cx Sortimen 120G 4I,2L,2B",9990111006,Manteiga de Leite,0.002441,KG
05004099,"Trufas Nativas Cx Sortimen 120G 4I,2L,2B",9990111023,Sorbitol em Pó,0.002013,KG
05004100,Trufas Nativas Cx Sortimento 60 G Br,0050111003,Semente de Cumaru,0.027124,KG
05004100,Trufas Nativas Cx Sortimento 60 G Br,0140106805,Açúcar refinado,0.895092,KG
05004100,Trufas Nativas Cx Sortimento 60 G Br,03001001,Leite em Pó integral,0.759472,KG
05004100,Trufas Nativas Cx Sortimento 60 G Br,9990107002,MANTEIGA DE CACAU IBC ORGÂNICA,1.030712,KG
05004100,Trufas Nativas Cx Sortimento 60 G Br,05104019,Trufas Nativas de Chocolate Branco 15g,4,PC
05004100,Trufas Nativas Cx Sortimento 60 G Br,0140106804,Açúcar invertido,0.1436,KG
05004100,Trufas Nativas Cx Sortimento 60 G Br,0410305001,MASSA DE CHOCOLATE BRANCO ALTAMIRA,2.7124,KG
05004100,Trufas Nativas Cx Sortimento 60 G Br,9990111003,Creme de Leite UHT 25%,0.904,KG
05004100,Trufas Nativas Cx Sortimento 60 G Br,9990111006,Manteiga de Leite,0.1312,KG
05004100,Trufas Nativas Cx Sortimento 60 G Br,9990111023,Sorbitol em Pó,0.1084,KG
05004101,Trufas Nativas Cx Sortimento 60g Pist,0050301007,Amêndoa de Cacau Seca Aprovada - Sakaguc,0.00132,KG
05004101,Trufas Nativas Cx Sortimento 60g Pist,0050302011,AMÊNDOA DE CACAU TORRADA - SAKAGUCHI  12,0.00132,KG
05004101,Trufas Nativas Cx Sortimento 60g Pist,0050303004,NIBS DE CACAU - SAKAGUCHI NT 120-35,0.0012,KG
05004101,Trufas Nativas Cx Sortimento 60g Pist,0050304005,LIQUOR DE CACAU - SAKAGUCHI  NT24,0.004732,KG
05004101,Trufas Nativas Cx Sortimento 60g Pist,0140106805,Açúcar refinado,0.013289,KG
05004101,Trufas Nativas Cx Sortimento 60g Pist,03001001,Leite em Pó integral,0.009858,KG
05004101,Trufas Nativas Cx Sortimento 60g Pist,9990107001,MANTEIGA DE CACAU desodorizada,0.011436,KG
05004101,Trufas Nativas Cx Sortimento 60g Pist,9990111005,Lecitina de Soja,0.000118,LT
05004101,Trufas Nativas Cx Sortimento 60g Pist,05104022,Trufas Nativas Pistache 20g,4,PC
05004101,Trufas Nativas Cx Sortimento 60g Pist,0050305006,MASSA DE CHOCOLATE -AO LEITE   NF24,0.01,KG
05004101,Trufas Nativas Cx Sortimento 60g Pist,9990111010,Pistache,0.0024,KG
05004101,Trufas Nativas Cx Sortimento 60g Pist,9990315024,Massa de trufa de Pistache,0.0676,KG
05004101,Trufas Nativas Cx Sortimento 60g Pist,0140106805,Açúcar refinado,0.009477,KG
05004101,Trufas Nativas Cx Sortimento 60g Pist,03001001,Leite em Pó integral,0.000634,KG
05004101,Trufas Nativas Cx Sortimento 60g Pist,9990111010,Pistache,0.011337,KG
05004101,Trufas Nativas Cx Sortimento 60g Pist,9990111031,Amêndoa,0.002834,KG
05004101,Trufas Nativas Cx Sortimento 60g Pist,0050305006,MASSA DE CHOCOLATE -AO LEITE   NF24,0.029433,KG
05004101,Trufas Nativas Cx Sortimento 60g Pist,0140106804,Açúcar invertido,0.001555,KG
05004101,Trufas Nativas Cx Sortimento 60g Pist,9990111003,Creme de Leite UHT 25%,0.009816,KG
05004101,Trufas Nativas Cx Sortimento 60g Pist,9990111006,Manteiga de Leite,0.001359,KG
05004101,Trufas Nativas Cx Sortimento 60g Pist,9990111023,Sorbitol em Pó,0.001169,KG
05004101,Trufas Nativas Cx Sortimento 60g Pist,9990311004,Praliné Pistache,0.024282,KG
05004102,Lua Cheia Minis Chocolate ao Leite 100g,0050301007,Amêndoa de Cacau Seca Aprovada - Sakaguc,0.008672,KG
05004102,Lua Cheia Minis Chocolate ao Leite 100g,0050302011,AMÊNDOA DE CACAU TORRADA - SAKAGUCHI  12,0.008672,KG
05004102,Lua Cheia Minis Chocolate ao Leite 100g,0050303004,NIBS DE CACAU - SAKAGUCHI NT 120-35,0.007883,KG
05004102,Lua Cheia Minis Chocolate ao Leite 100g,0050304005,LIQUOR DE CACAU - SAKAGUCHI  NT24,0.007883,KG
05004102,Lua Cheia Minis Chocolate ao Leite 100g,0140106805,Açúcar refinado,0.022138,KG
05004102,Lua Cheia Minis Chocolate ao Leite 100g,03001001,Leite em Pó integral,0.016422,KG
05004102,Lua Cheia Minis Chocolate ao Leite 100g,9990107001,MANTEIGA DE CACAU desodorizada,0.01905,KG
05004102,Lua Cheia Minis Chocolate ao Leite 100g,9990111005,Lecitina de Soja,0.000197,LT
05004102,Lua Cheia Minis Chocolate ao Leite 100g,0050305006,MASSA DE CHOCOLATE -AO LEITE   NF24,0.0118,KG
05004102,Lua Cheia Minis Chocolate ao Leite 100g,9990111042,Xerem de Castanha de Caju,0.0066,KG
05004102,Lua Cheia Minis Chocolate ao Leite 100g,9990311040,Colagem praliné para lua cheia,0.0816,PC
05004102,Lua Cheia Minis Chocolate ao Leite 100g,0050305026,Mini Lua Cheia Ao Leite 10g,10,UN
05004102,Lua Cheia Minis Chocolate ao Leite 100g,0190213056,Envelope plastico transparente,1,PC
05004102,Lua Cheia Minis Chocolate ao Leite 100g,0190213107,Caixa mini Lua Cheia ao Leite 100g,1,PC
05004102,Lua Cheia Minis Chocolate ao Leite 100g,019021424,CARTÃO QR,1,UN
05004102,Lua Cheia Minis Chocolate ao Leite 100g,9990712045,Etiqueta Lacre 2 - Adesivo transparente,2,PC
05004102,Lua Cheia Minis Chocolate ao Leite 100g,9990107001,MANTEIGA DE CACAU desodorizada,0.000808,KG
05004102,Lua Cheia Minis Chocolate ao Leite 100g,0050305006,MASSA DE CHOCOLATE -AO LEITE   NF24,0.053889,KG
05004102,Lua Cheia Minis Chocolate ao Leite 100g,9990107001,MANTEIGA DE CACAU desodorizada,0.004525,KG
05004102,Lua Cheia Minis Chocolate ao Leite 100g,9990307008,Pomada de manteiga de cacau,0.000808,PC
05004102,Lua Cheia Minis Chocolate ao Leite 100g,9990311043,Praliné de Avelã,0.02238,PC
05004102,Lua Cheia Minis Chocolate ao Leite 100g,0140106805,Açúcar refinado,0.008952,KG
05004102,Lua Cheia Minis Chocolate ao Leite 100g,9990111020,Avelã,0.013428,KG
05004103,"Lua Cheia Cx Sortimento 135g ,3I,3L,3B",0020301006,Amêndoa de Cacau Seca Aprovada - Mocajub,0.006045,KG
05004103,"Lua Cheia Cx Sortimento 135g ,3I,3L,3B",0020302002,Amêndoa de Cacau Torrada - Mocajuba (PA),0.006045,KG
05004103,"Lua Cheia Cx Sortimento 135g ,3I,3L,3B",0020303003,Nibs de Cacau - Mocajuba (PA),0.005495,KG
05004103,"Lua Cheia Cx Sortimento 135g ,3I,3L,3B",0020304004,Liquor de Cacau - Mocajuba (PA),0.005495,KG
05004103,"Lua Cheia Cx Sortimento 135g ,3I,3L,3B",0140106004,Açúcar Demerara,0.003596,KG
05004103,"Lua Cheia Cx Sortimento 135g ,3I,3L,3B",9990107001,MANTEIGA DE CACAU desodorizada,0.000799,KG
05004103,"Lua Cheia Cx Sortimento 135g ,3I,3L,3B",9990111005,Lecitina de Soja,3e-05,LT
05004103,"Lua Cheia Cx Sortimento 135g ,3I,3L,3B",0050301007,Amêndoa de Cacau Seca Aprovada - Sakaguc,0.001319,KG
05004103,"Lua Cheia Cx Sortimento 135g ,3I,3L,3B",0050302011,AMÊNDOA DE CACAU TORRADA - SAKAGUCHI  12,0.001319,KG
05004103,"Lua Cheia Cx Sortimento 135g ,3I,3L,3B",0050303004,NIBS DE CACAU - SAKAGUCHI NT 120-35,0.001199,KG
05004103,"Lua Cheia Cx Sortimento 135g ,3I,3L,3B",0050304005,LIQUOR DE CACAU - SAKAGUCHI  NT24,0.004765,KG
05004103,"Lua Cheia Cx Sortimento 135g ,3I,3L,3B",0140106805,Açúcar refinado,0.013382,KG
05004103,"Lua Cheia Cx Sortimento 135g ,3I,3L,3B",03001001,Leite em Pó integral,0.009928,KG
05004103,"Lua Cheia Cx Sortimento 135g ,3I,3L,3B",9990107001,MANTEIGA DE CACAU desodorizada,0.011515,KG
05004103,"Lua Cheia Cx Sortimento 135g ,3I,3L,3B",9990111005,Lecitina de Soja,0.000119,LT
05004103,"Lua Cheia Cx Sortimento 135g ,3I,3L,3B",0050111003,Semente de Cumaru,0.0004,KG
05004103,"Lua Cheia Cx Sortimento 135g ,3I,3L,3B",0140106805,Açúcar refinado,0.0132,KG
05004103,"Lua Cheia Cx Sortimento 135g ,3I,3L,3B",03001001,Leite em Pó integral,0.0112,KG
05004103,"Lua Cheia Cx Sortimento 135g ,3I,3L,3B",9990107002,MANTEIGA DE CACAU IBC ORGÂNICA,0.0152,KG
05004103,"Lua Cheia Cx Sortimento 135g ,3I,3L,3B",05104003,Lua Cheia Chocolate Ao Leite 20g,3,PC
05004103,"Lua Cheia Cx Sortimento 135g ,3I,3L,3B",05104004,Lua Cheia Chocolate Branco 20g,3,PC
05004103,"Lua Cheia Cx Sortimento 135g ,3I,3L,3B",05104005,Lua Cheia Chocolate Intenso 20g,3,PC
05004103,"Lua Cheia Cx Sortimento 135g ,3I,3L,3B",0050305006,MASSA DE CHOCOLATE -AO LEITE   NF24,0.00999,KG
05004103,"Lua Cheia Cx Sortimento 135g ,3I,3L,3B",9990111042,Xerem de Castanha de Caju,0.00501,KG
05004103,"Lua Cheia Cx Sortimento 135g ,3I,3L,3B",9990311040,Colagem praliné para lua cheia,0.045,PC
05004103,"Lua Cheia Cx Sortimento 135g ,3I,3L,3B",0410305001,MASSA DE CHOCOLATE BRANCO ALTAMIRA,0.039999,KG
05004103,"Lua Cheia Cx Sortimento 135g ,3I,3L,3B",9990111042,Xerem de Castanha de Caju,0.008001,KG
05004103,"Lua Cheia Cx Sortimento 135g ,3I,3L,3B",9990311040,Colagem praliné para lua cheia,0.012,PC
05004103,"Lua Cheia Cx Sortimento 135g ,3I,3L,3B",0020305008,Massa de Chocolate - Mocajuba Intenso,0.00999,KG
05004103,"Lua Cheia Cx Sortimento 135g ,3I,3L,3B",9990111042,Xerem de Castanha de Caju,0.00501,KG
05004103,"Lua Cheia Cx Sortimento 135g ,3I,3L,3B",9990311040,Colagem praliné para lua cheia,0.045,PC
05004103,"Lua Cheia Cx Sortimento 135g ,3I,3L,3B",9990107001,MANTEIGA DE CACAU desodorizada,0.000446,KG
05004103,"Lua Cheia Cx Sortimento 135g ,3I,3L,3B",0050305006,MASSA DE CHOCOLATE -AO LEITE   NF24,0.067361,KG
05004103,"Lua Cheia Cx Sortimento 135g ,3I,3L,3B",9990107001,MANTEIGA DE CACAU desodorizada,0.005655,KG
05004103,"Lua Cheia Cx Sortimento 135g ,3I,3L,3B",9990307008,Pomada de manteiga de cacau,0.001011,PC
05004103,"Lua Cheia Cx Sortimento 135g ,3I,3L,3B",9990311043,Praliné de Avelã,0.027975,PC
05004103,"Lua Cheia Cx Sortimento 135g ,3I,3L,3B",0140106805,Açúcar refinado,0.01119,KG
05004103,"Lua Cheia Cx Sortimento 135g ,3I,3L,3B",9990111020,Avelã,0.016785,KG
05004104,Ovo de Choco ao Leite 250g +50g,0190213077,Caixa Papel Ovo P,1,PC
05004104,Ovo de Choco ao Leite 250g +50g,0190213079,Blister Termoformado Ovo P,1,PC
05004104,Ovo de Choco ao Leite 250g +50g,9990712047,Etiqueta de dif Ovo Choco ao leite,1,PC
05004104,Ovo de Choco ao Leite 250g +50g,9990712051,Etiqueta Branca Ovo Choco ao leite,1,PC
05004105,Ovo Choco mestiço L/B 250g +50g,0190213077,Caixa Papel Ovo P,1,PC
05004105,Ovo Choco mestiço L/B 250g +50g,0190213079,Blister Termoformado Ovo P,1,PC
05004105,Ovo Choco mestiço L/B 250g +50g,9990712048,Etiqueta de dif Ovo Choco mestiço,1,PC
05004105,Ovo Choco mestiço L/B 250g +50g,9990712052,Etiqueta Branca Ovo Choco mestiço,1,PC
05004106,Ovo de Choco praliné maracuja 400g,0190213078,Caixa Papel Ovo G,1,PC
05004106,Ovo de Choco praliné maracuja 400g,0190213080,Blister Termoformado Ovo G,1,PC
05004106,Ovo de Choco praliné maracuja 400g,9990712049,Etiqueta de dif Ovo Choco praliné maracu,1,PC
05004106,Ovo de Choco praliné maracuja 400g,9990712053,Etiqueta Branca Ovo Choco praliné maracu,1,PC
05004107,Ovo de choco praliné de pistache 400g,0190213078,Caixa Papel Ovo G,1,PC
05004107,Ovo de choco praliné de pistache 400g,0190213080,Blister Termoformado Ovo G,1,PC
05004107,Ovo de choco praliné de pistache 400g,9990712050,Etiqueta de dif Ovo Choco praliné pistac,1,PC
05004107,Ovo de choco praliné de pistache 400g,9990712054,Etiqueta Branca Ovo Choco praliné pistac,1,PC
05004108,Ovo de Choco Leite - 5 x bomb prali 250g,0190213081,Cerâmica Marajoara,1,PC
05004108,Ovo de Choco Leite - 5 x bomb prali 250g,0190213082,1 Folha Papel Chumbo,1,PC
05004109,Ovo de Choco Int - 5 x bomb prali 250g,0190213081,Cerâmica Marajoara,1,PC
05004109,Ovo de Choco Int - 5 x bomb prali 250g,0190213082,1 Folha Papel Chumbo,1,PC
05004113,Mini Ovo de Chocoao Leite praliné 10g,0050301007,Amêndoa de Cacau Seca Aprovada - Sakaguc,0.000594,KG
05004113,Mini Ovo de Chocoao Leite praliné 10g,0050302011,AMÊNDOA DE CACAU TORRADA - SAKAGUCHI  12,0.000594,KG
05004113,Mini Ovo de Chocoao Leite praliné 10g,0050303004,NIBS DE CACAU - SAKAGUCHI NT 120-35,0.00054,KG
05004113,Mini Ovo de Chocoao Leite praliné 10g,0050304005,LIQUOR DE CACAU - SAKAGUCHI  NT24,0.000688,KG
05004113,Mini Ovo de Chocoao Leite praliné 10g,0140106805,Açúcar refinado,0.001932,KG
05004113,Mini Ovo de Chocoao Leite praliné 10g,03001001,Leite em Pó integral,0.001433,KG
05004113,Mini Ovo de Chocoao Leite praliné 10g,9990107001,MANTEIGA DE CACAU desodorizada,0.001662,KG
05004113,Mini Ovo de Chocoao Leite praliné 10g,9990111005,Lecitina de Soja,1.8e-05,LT
05004113,Mini Ovo de Chocoao Leite praliné 10g,0200216011,"Papel Chumbo - Cromus - 43,5cm x 59cm",0.2,UN
05004113,Mini Ovo de Chocoao Leite praliné 10g,05104070,Ovo 10 gr ao leite com recheio Praliné,1,PC
05004113,Mini Ovo de Chocoao Leite praliné 10g,0050305006,MASSA DE CHOCOLATE -AO LEITE   NF24,0.0045,KG
05004113,Mini Ovo de Chocoao Leite praliné 10g,9990311030,Praliné de Avelã colagem,0.0055,KG
05004113,Mini Ovo de Chocoao Leite praliné 10g,9990107001,MANTEIGA DE CACAU desodorizada,5.8e-05,KG
05004113,Mini Ovo de Chocoao Leite praliné 10g,0050305006,MASSA DE CHOCOLATE -AO LEITE   NF24,0.001231,KG
05004113,Mini Ovo de Chocoao Leite praliné 10g,9990107001,MANTEIGA DE CACAU desodorizada,0.000365,KG
05004113,Mini Ovo de Chocoao Leite praliné 10g,9990307008,Pomada de manteiga de cacau,5.8e-05,PC
05004113,Mini Ovo de Chocoao Leite praliné 10g,9990311043,Praliné de Avelã,0.003846,PC
05004113,Mini Ovo de Chocoao Leite praliné 10g,0140106805,Açúcar refinado,0.001538,KG
05004113,Mini Ovo de Chocoao Leite praliné 10g,9990111020,Avelã,0.002308,KG
05004114,Mini Ovo de Choco Intenso praliné 10g,0050301007,Amêndoa de Cacau Seca Aprovada - Sakaguc,0.000163,KG
05004114,Mini Ovo de Choco Intenso praliné 10g,0050302011,AMÊNDOA DE CACAU TORRADA - SAKAGUCHI  12,0.000163,KG
05004114,Mini Ovo de Choco Intenso praliné 10g,0050303004,NIBS DE CACAU - SAKAGUCHI NT 120-35,0.000148,KG
05004114,Mini Ovo de Choco Intenso praliné 10g,0050304005,LIQUOR DE CACAU - SAKAGUCHI  NT24,0.000148,KG
05004114,Mini Ovo de Choco Intenso praliné 10g,0140106805,Açúcar refinado,0.000415,KG
05004114,Mini Ovo de Choco Intenso praliné 10g,03001001,Leite em Pó integral,0.000308,KG
05004114,Mini Ovo de Choco Intenso praliné 10g,9990107001,MANTEIGA DE CACAU desodorizada,0.000357,KG
05004114,Mini Ovo de Choco Intenso praliné 10g,9990111005,Lecitina de Soja,4e-06,LT
05004114,Mini Ovo de Choco Intenso praliné 10g,0140106004,Açúcar Demerara,0.00162,KG
05004114,Mini Ovo de Choco Intenso praliné 10g,0250304004,Liquor de Cacau - Bom Jardim,0.002475,KG
05004114,Mini Ovo de Choco Intenso praliné 10g,9990107001,MANTEIGA DE CACAU desodorizada,0.00027,KG
05004114,Mini Ovo de Choco Intenso praliné 10g,9990111005,Lecitina de Soja,5e-06,LT
05004114,Mini Ovo de Choco Intenso praliné 10g,0250101006,Amêndoa de Cacau Seca Aprovada - Bom Jar,0.002723,KG
05004114,Mini Ovo de Choco Intenso praliné 10g,0250302002,Amêndoa de Cacau Torrada - Bom Jardim,0.002723,KG
05004114,Mini Ovo de Choco Intenso praliné 10g,0250303003,Nibs de Cacau - Bom Jardim,0.002475,KG
05004114,Mini Ovo de Choco Intenso praliné 10g,0200216011,"Papel Chumbo - Cromus - 43,5cm x 59cm",0.2,UN
05004114,Mini Ovo de Choco Intenso praliné 10g,05104069,Ovo 10 gr intenso com recheio Praliné,1,PC
05004114,Mini Ovo de Choco Intenso praliné 10g,0050305008,MASSA DE CHOCOLATE -INTENSO NF24,0.0045,KG
05004114,Mini Ovo de Choco Intenso praliné 10g,9990311030,Praliné de Avelã colagem,0.0055,KG
05004114,Mini Ovo de Choco Intenso praliné 10g,9990107001,MANTEIGA DE CACAU desodorizada,5.8e-05,KG
05004114,Mini Ovo de Choco Intenso praliné 10g,0050305006,MASSA DE CHOCOLATE -AO LEITE   NF24,0.001231,KG
05004114,Mini Ovo de Choco Intenso praliné 10g,9990107001,MANTEIGA DE CACAU desodorizada,0.000365,KG
05004114,Mini Ovo de Choco Intenso praliné 10g,9990307008,Pomada de manteiga de cacau,5.8e-05,PC
05004114,Mini Ovo de Choco Intenso praliné 10g,9990311043,Praliné de Avelã,0.003846,PC
05004114,Mini Ovo de Choco Intenso praliné 10g,0140106805,Açúcar refinado,0.001538,KG
05004114,Mini Ovo de Choco Intenso praliné 10g,9990111020,Avelã,0.002308,KG
05004117,Coelho pequeno ao leite com 3 ovos int,0050301007,Amêndoa de Cacau Seca Aprovada - Sakaguc,0.0198,KG
05004117,Coelho pequeno ao leite com 3 ovos int,0050302011,AMÊNDOA DE CACAU TORRADA - SAKAGUCHI  12,0.0198,KG
05004117,Coelho pequeno ao leite com 3 ovos int,0050303004,NIBS DE CACAU - SAKAGUCHI NT 120-35,0.018,KG
05004117,Coelho pequeno ao leite com 3 ovos int,0050304005,LIQUOR DE CACAU - SAKAGUCHI  NT24,0.018,KG
05004117,Coelho pequeno ao leite com 3 ovos int,0140106805,Açúcar refinado,0.05055,KG
05004117,Coelho pequeno ao leite com 3 ovos int,03001001,Leite em Pó integral,0.0375,KG
05004117,Coelho pequeno ao leite com 3 ovos int,9990107001,MANTEIGA DE CACAU desodorizada,0.0435,KG
05004117,Coelho pequeno ao leite com 3 ovos int,9990111005,Lecitina de Soja,0.00045,LT
05004117,Coelho pequeno ao leite com 3 ovos int,0140106004,Açúcar Demerara,0.0108,KG
05004117,Coelho pequeno ao leite com 3 ovos int,0250304004,Liquor de Cacau - Bom Jardim,0.0165,KG
05004117,Coelho pequeno ao leite com 3 ovos int,9990107001,MANTEIGA DE CACAU desodorizada,0.0018,KG
05004117,Coelho pequeno ao leite com 3 ovos int,9990111005,Lecitina de Soja,3e-05,LT
05004117,Coelho pequeno ao leite com 3 ovos int,0250101006,Amêndoa de Cacau Seca Aprovada - Bom Jar,0.01815,KG
05004117,Coelho pequeno ao leite com 3 ovos int,0250302002,Amêndoa de Cacau Torrada - Bom Jardim,0.01815,KG
05004117,Coelho pequeno ao leite com 3 ovos int,0250303003,Nibs de Cacau - Bom Jardim,0.0165,KG
05004117,Coelho pequeno ao leite com 3 ovos int,0190213083,Fita para fechamento de celofane,0.3,PC
05004117,Coelho pequeno ao leite com 3 ovos int,0200216012,Papel Celofane,0.2,PC
05004117,Coelho pequeno ao leite com 3 ovos int,05104067,OVO 10G INTENSO,3,PC
05004117,Coelho pequeno ao leite com 3 ovos int,9990112001,Etiqueta TE 05004117,1,PC
05004117,Coelho pequeno ao leite com 3 ovos int,9990315008,Face Coelho pequeno ao leite,2,PC
05004117,Coelho pequeno ao leite com 3 ovos int,0050305008,MASSA DE CHOCOLATE -INTENSO NF24,0.03,KG
05004117,Coelho pequeno ao leite com 3 ovos int,0050305006,MASSA DE CHOCOLATE -AO LEITE   NF24,0.15,KG
05004118,Coelho pequeno intenso com 3 ovos leite,0050301007,Amêndoa de Cacau Seca Aprovada - Sakaguc,0.00396,KG
05004118,Coelho pequeno intenso com 3 ovos leite,0050302011,AMÊNDOA DE CACAU TORRADA - SAKAGUCHI  12,0.00396,KG
05004118,Coelho pequeno intenso com 3 ovos leite,0050303004,NIBS DE CACAU - SAKAGUCHI NT 120-35,0.0036,KG
05004118,Coelho pequeno intenso com 3 ovos leite,0050304005,LIQUOR DE CACAU - SAKAGUCHI  NT24,0.0036,KG
05004118,Coelho pequeno intenso com 3 ovos leite,0140106805,Açúcar refinado,0.01011,KG
05004118,Coelho pequeno intenso com 3 ovos leite,03001001,Leite em Pó integral,0.0075,KG
05004118,Coelho pequeno intenso com 3 ovos leite,9990107001,MANTEIGA DE CACAU desodorizada,0.0087,KG
05004118,Coelho pequeno intenso com 3 ovos leite,9990111005,Lecitina de Soja,9e-05,LT
05004118,Coelho pequeno intenso com 3 ovos leite,0140106004,Açúcar Demerara,0.054,KG
05004118,Coelho pequeno intenso com 3 ovos leite,0250304004,Liquor de Cacau - Bom Jardim,0.0825,KG
05004118,Coelho pequeno intenso com 3 ovos leite,9990107001,MANTEIGA DE CACAU desodorizada,0.009,KG
05004118,Coelho pequeno intenso com 3 ovos leite,9990111005,Lecitina de Soja,0.00015,LT
05004118,Coelho pequeno intenso com 3 ovos leite,0250101006,Amêndoa de Cacau Seca Aprovada - Bom Jar,0.09075,KG
05004118,Coelho pequeno intenso com 3 ovos leite,0250302002,Amêndoa de Cacau Torrada - Bom Jardim,0.09075,KG
05004118,Coelho pequeno intenso com 3 ovos leite,0250303003,Nibs de Cacau - Bom Jardim,0.0825,KG
05004118,Coelho pequeno intenso com 3 ovos leite,0190213083,Fita para fechamento de celofane,0.3,PC
05004118,Coelho pequeno intenso com 3 ovos leite,0200216012,Papel Celofane,0.2,PC
05004118,Coelho pequeno intenso com 3 ovos leite,05104068,OVO 10G ao leite,3,PC
05004118,Coelho pequeno intenso com 3 ovos leite,9990112002,Etiqueta TE 05004118,1,PC
05004118,Coelho pequeno intenso com 3 ovos leite,9990315009,Face Coelho pequeno intenso,2,PC
05004118,Coelho pequeno intenso com 3 ovos leite,0050305006,MASSA DE CHOCOLATE -AO LEITE   NF24,0.03,KG
05004118,Coelho pequeno intenso com 3 ovos leite,0050305008,MASSA DE CHOCOLATE -INTENSO NF24,0.15,KG
05004119,Coelho pequeno com recheio Brigadeiro,0050301007,Amêndoa de Cacau Seca Aprovada - Sakaguc,0.0099,KG
05004119,Coelho pequeno com recheio Brigadeiro,0050302011,AMÊNDOA DE CACAU TORRADA - SAKAGUCHI  12,0.0099,KG
05004119,Coelho pequeno com recheio Brigadeiro,0050303004,NIBS DE CACAU - SAKAGUCHI NT 120-35,0.009,KG
05004119,Coelho pequeno com recheio Brigadeiro,0050304005,LIQUOR DE CACAU - SAKAGUCHI  NT24,0.018,KG
05004119,Coelho pequeno com recheio Brigadeiro,0140106805,Açúcar refinado,0.05055,KG
05004119,Coelho pequeno com recheio Brigadeiro,03001001,Leite em Pó integral,0.0375,KG
05004119,Coelho pequeno com recheio Brigadeiro,9990107001,MANTEIGA DE CACAU desodorizada,0.0435,KG
05004119,Coelho pequeno com recheio Brigadeiro,9990111005,Lecitina de Soja,0.00045,LT
05004119,Coelho pequeno com recheio Brigadeiro,0140106004,Açúcar Demerara,0.00972,KG
05004119,Coelho pequeno com recheio Brigadeiro,0250304004,Liquor de Cacau - Bom Jardim,0.01485,KG
05004119,Coelho pequeno com recheio Brigadeiro,9990107001,MANTEIGA DE CACAU desodorizada,0.00162,KG
05004119,Coelho pequeno com recheio Brigadeiro,9990111005,Lecitina de Soja,2.7e-05,LT
05004119,Coelho pequeno com recheio Brigadeiro,0250101006,Amêndoa de Cacau Seca Aprovada - Bom Jar,0.016335,KG
05004119,Coelho pequeno com recheio Brigadeiro,0250302002,Amêndoa de Cacau Torrada - Bom Jardim,0.016335,KG
05004119,Coelho pequeno com recheio Brigadeiro,0250303003,Nibs de Cacau - Bom Jardim,0.01485,KG
05004119,Coelho pequeno com recheio Brigadeiro,0190213083,Fita para fechamento de celofane,0.3,PC
05004119,Coelho pequeno com recheio Brigadeiro,0200216012,Papel Celofane,0.2,PC
05004119,Coelho pequeno com recheio Brigadeiro,9990112003,Etiqueta TE 05004119,1,PC
05004119,Coelho pequeno com recheio Brigadeiro,9990315008,Face Coelho pequeno ao leite,1,PC
05004119,Coelho pequeno com recheio Brigadeiro,9990315010,Face coelho pequeno recheio brigadeiro,1,PC
05004119,Coelho pequeno com recheio Brigadeiro,0050305008,MASSA DE CHOCOLATE -INTENSO NF24,0.027,KG
05004119,Coelho pequeno com recheio Brigadeiro,9990111003,Creme de Leite UHT 25%,0.014,KG
05004119,Coelho pequeno com recheio Brigadeiro,9990111006,Manteiga de Leite,0.002,KG
05004119,Coelho pequeno com recheio Brigadeiro,9990111008,Xarope de glucose,0.003,KG
05004119,Coelho pequeno com recheio Brigadeiro,9990115802,Leite condensado,0.054,PC
05004119,Coelho pequeno com recheio Brigadeiro,0050305006,MASSA DE CHOCOLATE -AO LEITE   NF24,0.075,KG
05004119,Coelho pequeno com recheio Brigadeiro,0050305006,MASSA DE CHOCOLATE -AO LEITE   NF24,0.075,KG
05004119,Coelho pequeno com recheio Brigadeiro,9990311039,Recheio Brigadeiro,0.1,KG
05004120,Coelho pequeno trufado,0020301006,Amêndoa de Cacau Seca Aprovada - Mocajub,0.000242,KG
05004120,Coelho pequeno trufado,0020302002,Amêndoa de Cacau Torrada - Mocajuba (PA),0.000242,KG
05004120,Coelho pequeno trufado,0020303003,Nibs de Cacau - Mocajuba (PA),0.00022,KG
05004120,Coelho pequeno trufado,0020304004,Liquor de Cacau - Mocajuba (PA),0.000816,KG
05004120,Coelho pequeno trufado,0140106004,Açúcar Demerara,0.000534,KG
05004120,Coelho pequeno trufado,9990107001,MANTEIGA DE CACAU desodorizada,0.000119,KG
05004120,Coelho pequeno trufado,9990111005,Lecitina de Soja,4e-06,LT
05004120,Coelho pequeno trufado,0050301007,Amêndoa de Cacau Seca Aprovada - Sakaguc,0.0099,KG
05004120,Coelho pequeno trufado,0050302011,AMÊNDOA DE CACAU TORRADA - SAKAGUCHI  12,0.0099,KG
05004120,Coelho pequeno trufado,0050303004,NIBS DE CACAU - SAKAGUCHI NT 120-35,0.009,KG
05004120,Coelho pequeno trufado,0050304005,LIQUOR DE CACAU - SAKAGUCHI  NT24,0.018,KG
05004120,Coelho pequeno trufado,0140106805,Açúcar refinado,0.05055,KG
05004120,Coelho pequeno trufado,03001001,Leite em Pó integral,0.0375,KG
05004120,Coelho pequeno trufado,9990107001,MANTEIGA DE CACAU desodorizada,0.0435,KG
05004120,Coelho pequeno trufado,9990111005,Lecitina de Soja,0.00045,LT
05004120,Coelho pequeno trufado,0190213083,Fita para fechamento de celofane,0.3,PC
05004120,Coelho pequeno trufado,0200216012,Papel Celofane,0.2,PC
05004120,Coelho pequeno trufado,9990112004,Etiqueta TE 05004120,1,PC
05004120,Coelho pequeno trufado,9990315008,Face Coelho pequeno ao leite,1,PC
05004120,Coelho pequeno trufado,9990315011,Face coelho pequeno recheio trufado,1,PC
05004120,Coelho pequeno trufado,0020305008,Massa de Chocolate - Mocajuba Intenso,0.0004,KG
05004120,Coelho pequeno trufado,9990117003,Cacau em Pó Alcalino,0.001,KG
05004120,Coelho pequeno trufado,9990315022,Massa de trufa Intenso,0.0017,KG
05004120,Coelho pequeno trufado,0050305006,MASSA DE CHOCOLATE -AO LEITE   NF24,0.075,KG
05004120,Coelho pequeno trufado,0050305006,MASSA DE CHOCOLATE -AO LEITE   NF24,0.075,KG
05004120,Coelho pequeno trufado,05104020,Trufas Nativas de Chocolate Intenso  20G,0.1,PC
05004120,Coelho pequeno trufado,0020305008,Massa de Chocolate - Mocajuba Intenso,0.001084,KG
05004120,Coelho pequeno trufado,0140106804,Açúcar invertido,8e-05,KG
05004120,Coelho pequeno trufado,9990111003,Creme de Leite UHT 25%,0.000425,KG
05004120,Coelho pequeno trufado,9990111006,Manteiga de Leite,6.1e-05,KG
05004120,Coelho pequeno trufado,9990111023,Sorbitol em Pó,5e-05,KG
05004121,coelho pequeno com praliné e maracujá,0050301007,Amêndoa de Cacau Seca Aprovada - Sakaguc,0.026907,KG
05004121,coelho pequeno com praliné e maracujá,0050302011,AMÊNDOA DE CACAU TORRADA - SAKAGUCHI  12,0.026907,KG
05004121,coelho pequeno com praliné e maracujá,0050303004,NIBS DE CACAU - SAKAGUCHI NT 120-35,0.024461,KG
05004121,coelho pequeno com praliné e maracujá,0050304005,LIQUOR DE CACAU - SAKAGUCHI  NT24,0.024461,KG
05004121,coelho pequeno com praliné e maracujá,0140106805,Açúcar refinado,0.068695,KG
05004121,coelho pequeno com praliné e maracujá,03001001,Leite em Pó integral,0.050961,KG
05004121,coelho pequeno com praliné e maracujá,9990107001,MANTEIGA DE CACAU desodorizada,0.059114,KG
05004121,coelho pequeno com praliné e maracujá,9990111005,Lecitina de Soja,0.000612,LT
05004121,coelho pequeno com praliné e maracujá,0190213083,Fita para fechamento de celofane,0.3,PC
05004121,coelho pequeno com praliné e maracujá,0200216012,Papel Celofane,0.2,PC
05004121,coelho pequeno com praliné e maracujá,9990112004,Etiqueta TE 05004120,1,PC
05004121,coelho pequeno com praliné e maracujá,9990315013,Face de coelho pequeno caramelo maracujá,1,PC
05004121,coelho pequeno com praliné e maracujá,9990107001,MANTEIGA DE CACAU desodorizada,0.006045,KG
05004121,coelho pequeno com praliné e maracujá,0050305006,MASSA DE CHOCOLATE -AO LEITE   NF24,0.128842,KG
05004121,coelho pequeno com praliné e maracujá,9990107001,MANTEIGA DE CACAU desodorizada,0.038226,KG
05004121,coelho pequeno com praliné e maracujá,9990307008,Pomada de manteiga de cacau,0.006045,PC
05004121,coelho pequeno com praliné e maracujá,9990311043,Praliné de Avelã,0.402587,PC
05004121,coelho pequeno com praliné e maracujá,0140106805,Açúcar refinado,0.01234,KG
05004121,coelho pequeno com praliné e maracujá,9990111000,Agua Mineral sem gás,0.003775,LT
05004121,coelho pequeno com praliné e maracujá,9990111004,Baunilha em Fava,2.5e-05,KG
05004121,coelho pequeno com praliné e maracujá,9990111005,Lecitina de Soja,0.000161,LT
05004121,coelho pequeno com praliné e maracujá,9990111006,Manteiga de Leite,0.003296,KG
05004121,coelho pequeno com praliné e maracujá,9990111008,Xarope de glucose,0.007076,KG
05004121,coelho pequeno com praliné e maracujá,9990111015,Polpa Maracujá,0.015746,KG
05004121,coelho pequeno com praliné e maracujá,0140106805,Açúcar refinado,0.161035,KG
05004121,coelho pequeno com praliné e maracujá,9990111020,Avelã,0.241552,KG
05004121,coelho pequeno com praliné e maracujá,0050305006,MASSA DE CHOCOLATE -AO LEITE   NF24,0.075,KG
05004121,coelho pequeno com praliné e maracujá,9990311030,Praliné de Avelã colagem,0.5757,KG
05004121,coelho pequeno com praliné e maracujá,9990311038,Recheio Caramelo Maracujá,0.04242,KG
05004122,Coelho Grande ao leite maciço,0050301007,Amêndoa de Cacau Seca Aprovada - Sakaguc,0.033,KG
05004122,Coelho Grande ao leite maciço,0050302011,AMÊNDOA DE CACAU TORRADA - SAKAGUCHI  12,0.033,KG
05004122,Coelho Grande ao leite maciço,0050303004,NIBS DE CACAU - SAKAGUCHI NT 120-35,0.03,KG
05004122,Coelho Grande ao leite maciço,0050304005,LIQUOR DE CACAU - SAKAGUCHI  NT24,0.030739,KG
05004122,Coelho Grande ao leite maciço,0140106805,Açúcar refinado,0.086324,KG
05004122,Coelho Grande ao leite maciço,03001001,Leite em Pó integral,0.064039,KG
05004122,Coelho Grande ao leite maciço,9990107001,MANTEIGA DE CACAU desodorizada,0.074285,KG
05004122,Coelho Grande ao leite maciço,9990111005,Lecitina de Soja,0.000768,LT
05004122,Coelho Grande ao leite maciço,0140106004,Açúcar Demerara,0.0081,KG
05004122,Coelho Grande ao leite maciço,0250304004,Liquor de Cacau - Bom Jardim,0.012375,KG
05004122,Coelho Grande ao leite maciço,9990107001,MANTEIGA DE CACAU desodorizada,0.00135,KG
05004122,Coelho Grande ao leite maciço,9990111005,Lecitina de Soja,2.3e-05,LT
05004122,Coelho Grande ao leite maciço,0250101006,Amêndoa de Cacau Seca Aprovada - Bom Jar,0.013613,KG
05004122,Coelho Grande ao leite maciço,0250302002,Amêndoa de Cacau Torrada - Bom Jardim,0.013613,KG
05004122,Coelho Grande ao leite maciço,0250303003,Nibs de Cacau - Bom Jardim,0.012375,KG
05004122,Coelho Grande ao leite maciço,0190213083,Fita para fechamento de celofane,0.35,PC
05004122,Coelho Grande ao leite maciço,0200216012,Papel Celofane,0.25,PC
05004122,Coelho Grande ao leite maciço,05104069,Ovo 10 gr intenso com recheio Praliné,5,PC
05004122,Coelho Grande ao leite maciço,9990112006,Etiqueta TE 05004122,1,PC
05004122,Coelho Grande ao leite maciço,9990315004,Face Coelho grande ao leite,2,PC
05004122,Coelho Grande ao leite maciço,0050305008,MASSA DE CHOCOLATE -INTENSO NF24,0.0225,KG
05004122,Coelho Grande ao leite maciço,9990311030,Praliné de Avelã colagem,0.0275,KG
05004122,Coelho Grande ao leite maciço,9990107001,MANTEIGA DE CACAU desodorizada,0.000289,KG
05004122,Coelho Grande ao leite maciço,0050305006,MASSA DE CHOCOLATE -AO LEITE   NF24,0.006155,KG
05004122,Coelho Grande ao leite maciço,9990107001,MANTEIGA DE CACAU desodorizada,0.001826,KG
05004122,Coelho Grande ao leite maciço,9990307008,Pomada de manteiga de cacau,0.000289,PC
05004122,Coelho Grande ao leite maciço,9990311043,Praliné de Avelã,0.019231,PC
05004122,Coelho Grande ao leite maciço,0140106805,Açúcar refinado,0.007692,KG
05004122,Coelho Grande ao leite maciço,9990111020,Avelã,0.011539,KG
05004122,Coelho Grande ao leite maciço,0050305006,MASSA DE CHOCOLATE -AO LEITE   NF24,0.25,KG
05004123,Coelho grande intenso com ovos ao leite,0050301007,Amêndoa de Cacau Seca Aprovada - Sakaguc,0.00297,KG
05004123,Coelho grande intenso com ovos ao leite,0050302011,AMÊNDOA DE CACAU TORRADA - SAKAGUCHI  12,0.00297,KG
05004123,Coelho grande intenso com ovos ao leite,0050303004,NIBS DE CACAU - SAKAGUCHI NT 120-35,0.0027,KG
05004123,Coelho grande intenso com ovos ao leite,0050304005,LIQUOR DE CACAU - SAKAGUCHI  NT24,0.003439,KG
05004123,Coelho grande intenso com ovos ao leite,0140106805,Açúcar refinado,0.009657,KG
05004123,Coelho grande intenso com ovos ao leite,03001001,Leite em Pó integral,0.007164,KG
05004123,Coelho grande intenso com ovos ao leite,9990107001,MANTEIGA DE CACAU desodorizada,0.00831,KG
05004123,Coelho grande intenso com ovos ao leite,9990111005,Lecitina de Soja,8.6e-05,LT
05004123,Coelho grande intenso com ovos ao leite,0140106004,Açúcar Demerara,0.09,KG
05004123,Coelho grande intenso com ovos ao leite,0250304004,Liquor de Cacau - Bom Jardim,0.1375,KG
05004123,Coelho grande intenso com ovos ao leite,9990107001,MANTEIGA DE CACAU desodorizada,0.015,KG
05004123,Coelho grande intenso com ovos ao leite,9990111005,Lecitina de Soja,0.00025,LT
05004123,Coelho grande intenso com ovos ao leite,0250101006,Amêndoa de Cacau Seca Aprovada - Bom Jar,0.15125,KG
05004123,Coelho grande intenso com ovos ao leite,0250302002,Amêndoa de Cacau Torrada - Bom Jardim,0.15125,KG
05004123,Coelho grande intenso com ovos ao leite,0250303003,Nibs de Cacau - Bom Jardim,0.1375,KG
05004123,Coelho grande intenso com ovos ao leite,0200216011,"Papel Chumbo - Cromus - 43,5cm x 59cm",1,UN
05004123,Coelho grande intenso com ovos ao leite,05104070,Ovo 10 gr ao leite com recheio Praliné,5,PC
05004123,Coelho grande intenso com ovos ao leite,0190213083,Fita para fechamento de celofane,0.35,PC
05004123,Coelho grande intenso com ovos ao leite,0200216012,Papel Celofane,0.25,PC
05004123,Coelho grande intenso com ovos ao leite,05004113,Mini Ovo de Chocoao Leite praliné 10g,5,PC
05004123,Coelho grande intenso com ovos ao leite,9990112007,Etiqueta TE 05004123,1,PC
05004123,Coelho grande intenso com ovos ao leite,9990315005,Face Coelho grande intenso,2,PC
05004123,Coelho grande intenso com ovos ao leite,0050305006,MASSA DE CHOCOLATE -AO LEITE   NF24,0.0225,KG
05004123,Coelho grande intenso com ovos ao leite,9990311030,Praliné de Avelã colagem,0.0275,KG
05004123,Coelho grande intenso com ovos ao leite,9990107001,MANTEIGA DE CACAU desodorizada,0.000289,KG
05004123,Coelho grande intenso com ovos ao leite,0050305006,MASSA DE CHOCOLATE -AO LEITE   NF24,0.006155,KG
05004123,Coelho grande intenso com ovos ao leite,9990107001,MANTEIGA DE CACAU desodorizada,0.001826,KG
05004123,Coelho grande intenso com ovos ao leite,9990307008,Pomada de manteiga de cacau,0.000289,PC
05004123,Coelho grande intenso com ovos ao leite,9990311043,Praliné de Avelã,0.019231,PC
05004123,Coelho grande intenso com ovos ao leite,0140106805,Açúcar refinado,0.007692,KG
05004123,Coelho grande intenso com ovos ao leite,9990111020,Avelã,0.011539,KG
05004123,Coelho grande intenso com ovos ao leite,0050305008,MASSA DE CHOCOLATE -INTENSO NF24,0.25,KG
05004124,Coelho grande recheio praline e maracujá,0050301007,Amêndoa de Cacau Seca Aprovada - Sakaguc,0.019902,KG
05004124,Coelho grande recheio praline e maracujá,0050302011,AMÊNDOA DE CACAU TORRADA - SAKAGUCHI  12,0.019902,KG
05004124,Coelho grande recheio praline e maracujá,0050303004,NIBS DE CACAU - SAKAGUCHI NT 120-35,0.018093,KG
05004124,Coelho grande recheio praline e maracujá,0050304005,LIQUOR DE CACAU - SAKAGUCHI  NT24,0.033093,KG
05004124,Coelho grande recheio praline e maracujá,0140106805,Açúcar refinado,0.092935,KG
05004124,Coelho grande recheio praline e maracujá,03001001,Leite em Pó integral,0.068943,KG
05004124,Coelho grande recheio praline e maracujá,9990107001,MANTEIGA DE CACAU desodorizada,0.079974,KG
05004124,Coelho grande recheio praline e maracujá,9990111005,Lecitina de Soja,0.000827,LT
05004124,Coelho grande recheio praline e maracujá,0190213083,Fita para fechamento de celofane,0.35,PC
05004124,Coelho grande recheio praline e maracujá,0200216012,Papel Celofane,0.25,PC
05004124,Coelho grande recheio praline e maracujá,9990112008,Etiqueta TE 05004124,1,PC
05004124,Coelho grande recheio praline e maracujá,9990315004,Face Coelho grande ao leite,1,PC
05004124,Coelho grande recheio praline e maracujá,9990315007,Face Coelho grande leit  Caramelo+pralin,1,PC
05004124,Coelho grande recheio praline e maracujá,9990107001,MANTEIGA DE CACAU desodorizada,0.001209,KG
05004124,Coelho grande recheio praline e maracujá,0050305006,MASSA DE CHOCOLATE -AO LEITE   NF24,0.025771,KG
05004124,Coelho grande recheio praline e maracujá,9990107001,MANTEIGA DE CACAU desodorizada,0.007646,KG
05004124,Coelho grande recheio praline e maracujá,9990307008,Pomada de manteiga de cacau,0.001209,PC
05004124,Coelho grande recheio praline e maracujá,9990311043,Praliné de Avelã,0.080524,PC
05004124,Coelho grande recheio praline e maracujá,0140106805,Açúcar refinado,0.024683,KG
05004124,Coelho grande recheio praline e maracujá,9990111000,Agua Mineral sem gás,0.007552,LT
05004124,Coelho grande recheio praline e maracujá,9990111004,Baunilha em Fava,5.1e-05,KG
05004124,Coelho grande recheio praline e maracujá,9990111005,Lecitina de Soja,0.000322,LT
05004124,Coelho grande recheio praline e maracujá,9990111006,Manteiga de Leite,0.006593,KG
05004124,Coelho grande recheio praline e maracujá,9990111008,Xarope de glucose,0.014153,KG
05004124,Coelho grande recheio praline e maracujá,9990111015,Polpa Maracujá,0.031496,KG
05004124,Coelho grande recheio praline e maracujá,0140106805,Açúcar refinado,0.03221,KG
05004124,Coelho grande recheio praline e maracujá,9990111020,Avelã,0.048314,KG
05004124,Coelho grande recheio praline e maracujá,0050305006,MASSA DE CHOCOLATE -AO LEITE   NF24,0.125,KG
05004124,Coelho grande recheio praline e maracujá,0050305006,MASSA DE CHOCOLATE -AO LEITE   NF24,0.125,KG
05004124,Coelho grande recheio praline e maracujá,9990311030,Praliné de Avelã colagem,0.11515,KG
05004124,Coelho grande recheio praline e maracujá,9990311038,Recheio Caramelo Maracujá,0.08485,KG
05004125,Coelho G int recheio praliné e maracujá,0050301007,Amêndoa de Cacau Seca Aprovada - Sakaguc,0.003413,KG
05004125,Coelho G int recheio praliné e maracujá,0050302011,AMÊNDOA DE CACAU TORRADA - SAKAGUCHI  12,0.003413,KG
05004125,Coelho G int recheio praliné e maracujá,0050303004,NIBS DE CACAU - SAKAGUCHI NT 120-35,0.003103,KG
05004125,Coelho G int recheio praliné e maracujá,0050304005,LIQUOR DE CACAU - SAKAGUCHI  NT24,0.003103,KG
05004125,Coelho G int recheio praliné e maracujá,0140106805,Açúcar refinado,0.008715,KG
05004125,Coelho G int recheio praliné e maracujá,03001001,Leite em Pó integral,0.006465,KG
05004125,Coelho G int recheio praliné e maracujá,9990107001,MANTEIGA DE CACAU desodorizada,0.007499,KG
05004125,Coelho G int recheio praliné e maracujá,9990111005,Lecitina de Soja,7.8e-05,LT
05004125,Coelho G int recheio praliné e maracujá,0140106004,Açúcar Demerara,0.09,KG
05004125,Coelho G int recheio praliné e maracujá,0250304004,Liquor de Cacau - Bom Jardim,0.1375,KG
05004125,Coelho G int recheio praliné e maracujá,9990107001,MANTEIGA DE CACAU desodorizada,0.015,KG
05004125,Coelho G int recheio praliné e maracujá,9990111005,Lecitina de Soja,0.00025,LT
05004125,Coelho G int recheio praliné e maracujá,0250101006,Amêndoa de Cacau Seca Aprovada - Bom Jar,0.075625,KG
05004125,Coelho G int recheio praliné e maracujá,0250302002,Amêndoa de Cacau Torrada - Bom Jardim,0.075625,KG
05004125,Coelho G int recheio praliné e maracujá,0250303003,Nibs de Cacau - Bom Jardim,0.06875,KG
05004125,Coelho G int recheio praliné e maracujá,0190213083,Fita para fechamento de celofane,0.35,PC
05004125,Coelho G int recheio praliné e maracujá,0200216012,Papel Celofane,0.25,PC
05004125,Coelho G int recheio praliné e maracujá,9990112009,Etiqueta TE 05004125,1,PC
05004125,Coelho G int recheio praliné e maracujá,9990315005,Face Coelho grande intenso,1,PC
05004125,Coelho G int recheio praliné e maracujá,9990315016,face coelho G int recheio maracujá+prali,1,PC
05004125,Coelho G int recheio praliné e maracujá,9990107001,MANTEIGA DE CACAU desodorizada,0.001213,KG
05004125,Coelho G int recheio praliné e maracujá,0050305006,MASSA DE CHOCOLATE -AO LEITE   NF24,0.02586,KG
05004125,Coelho G int recheio praliné e maracujá,9990107001,MANTEIGA DE CACAU desodorizada,0.007673,KG
05004125,Coelho G int recheio praliné e maracujá,9990307008,Pomada de manteiga de cacau,0.001213,PC
05004125,Coelho G int recheio praliné e maracujá,9990311043,Praliné de Avelã,0.080804,PC
05004125,Coelho G int recheio praliné e maracujá,0140106805,Açúcar refinado,0.024683,KG
05004125,Coelho G int recheio praliné e maracujá,9990111000,Agua Mineral sem gás,0.007552,LT
05004125,Coelho G int recheio praliné e maracujá,9990111004,Baunilha em Fava,5.1e-05,KG
05004125,Coelho G int recheio praliné e maracujá,9990111005,Lecitina de Soja,0.000322,LT
05004125,Coelho G int recheio praliné e maracujá,9990111006,Manteiga de Leite,0.006593,KG
05004125,Coelho G int recheio praliné e maracujá,9990111008,Xarope de glucose,0.014153,KG
05004125,Coelho G int recheio praliné e maracujá,9990111015,Polpa Maracujá,0.031496,KG
05004125,Coelho G int recheio praliné e maracujá,0140106805,Açúcar refinado,0.032322,KG
05004125,Coelho G int recheio praliné e maracujá,9990111020,Avelã,0.048482,KG
05004125,Coelho G int recheio praliné e maracujá,0050305008,MASSA DE CHOCOLATE -INTENSO NF24,0.125,KG
05004125,Coelho G int recheio praliné e maracujá,0050305008,MASSA DE CHOCOLATE -INTENSO NF24,0.125,KG
05004125,Coelho G int recheio praliné e maracujá,9990311030,Praliné de Avelã colagem,0.11555,KG
05004125,Coelho G int recheio praliné e maracujá,9990311038,Recheio Caramelo Maracujá,0.08485,KG
05004126,Pack ovos 10 gr,0050301007,Amêndoa de Cacau Seca Aprovada - Sakaguc,0.00297,KG
05004126,Pack ovos 10 gr,0050302011,AMÊNDOA DE CACAU TORRADA - SAKAGUCHI  12,0.00297,KG
05004126,Pack ovos 10 gr,0050303004,NIBS DE CACAU - SAKAGUCHI NT 120-35,0.0027,KG
05004126,Pack ovos 10 gr,0050304005,LIQUOR DE CACAU - SAKAGUCHI  NT24,0.003439,KG
05004126,Pack ovos 10 gr,0140106805,Açúcar refinado,0.009657,KG
05004126,Pack ovos 10 gr,03001001,Leite em Pó integral,0.007164,KG
05004126,Pack ovos 10 gr,9990107001,MANTEIGA DE CACAU desodorizada,0.00831,KG
05004126,Pack ovos 10 gr,9990111005,Lecitina de Soja,8.6e-05,LT
05004126,Pack ovos 10 gr,0140106004,Açúcar Demerara,0.0081,KG
05004126,Pack ovos 10 gr,0250304004,Liquor de Cacau - Bom Jardim,0.012375,KG
05004126,Pack ovos 10 gr,9990107001,MANTEIGA DE CACAU desodorizada,0.00135,KG
05004126,Pack ovos 10 gr,9990111005,Lecitina de Soja,2.3e-05,LT
05004126,Pack ovos 10 gr,0250101006,Amêndoa de Cacau Seca Aprovada - Bom Jar,0.013613,KG
05004126,Pack ovos 10 gr,0250302002,Amêndoa de Cacau Torrada - Bom Jardim,0.013613,KG
05004126,Pack ovos 10 gr,0250303003,Nibs de Cacau - Bom Jardim,0.012375,KG
05004126,Pack ovos 10 gr,0190213084,embalagem transporte 25x25 Niagara,1,PC
05004126,Pack ovos 10 gr,05104069,Ovo 10 gr intenso com recheio Praliné,5,PC
05004126,Pack ovos 10 gr,05104070,Ovo 10 gr ao leite com recheio Praliné,5,PC
05004126,Pack ovos 10 gr,9990112010,Etiqueta TE 05004126,1,PC
05004126,Pack ovos 10 gr,0050305008,MASSA DE CHOCOLATE -INTENSO NF24,0.0225,KG
05004126,Pack ovos 10 gr,9990311030,Praliné de Avelã colagem,0.0275,KG
05004126,Pack ovos 10 gr,0050305006,MASSA DE CHOCOLATE -AO LEITE   NF24,0.0225,KG
05004126,Pack ovos 10 gr,9990311030,Praliné de Avelã colagem,0.0275,KG
05004126,Pack ovos 10 gr,9990107001,MANTEIGA DE CACAU desodorizada,0.000289,KG
05004126,Pack ovos 10 gr,0050305006,MASSA DE CHOCOLATE -AO LEITE   NF24,0.01231,KG
05004126,Pack ovos 10 gr,9990107001,MANTEIGA DE CACAU desodorizada,0.003652,KG
05004126,Pack ovos 10 gr,9990307008,Pomada de manteiga de cacau,0.000578,PC
05004126,Pack ovos 10 gr,9990311043,Praliné de Avelã,0.038462,PC
05004126,Pack ovos 10 gr,0140106805,Açúcar refinado,0.015384,KG
05004126,Pack ovos 10 gr,9990111020,Avelã,0.023078,KG
05004127,Ovo Choco Intenso 250g + 5x Bomb leite,0050301007,Amêndoa de Cacau Seca Aprovada - Sakaguc,0.003783,KG
05004127,Ovo Choco Intenso 250g + 5x Bomb leite,0050302011,AMÊNDOA DE CACAU TORRADA - SAKAGUCHI  12,0.003783,KG
05004127,Ovo Choco Intenso 250g + 5x Bomb leite,0050303004,NIBS DE CACAU - SAKAGUCHI NT 120-35,0.003439,KG
05004127,Ovo Choco Intenso 250g + 5x Bomb leite,0050304005,LIQUOR DE CACAU - SAKAGUCHI  NT24,0.003439,KG
05004127,Ovo Choco Intenso 250g + 5x Bomb leite,0140106805,Açúcar refinado,0.009657,KG
05004127,Ovo Choco Intenso 250g + 5x Bomb leite,03001001,Leite em Pó integral,0.007164,KG
05004127,Ovo Choco Intenso 250g + 5x Bomb leite,9990107001,MANTEIGA DE CACAU desodorizada,0.00831,KG
05004127,Ovo Choco Intenso 250g + 5x Bomb leite,9990111005,Lecitina de Soja,8.6e-05,LT
05004127,Ovo Choco Intenso 250g + 5x Bomb leite,0140106004,Açúcar Demerara,0.0612,KG
05004127,Ovo Choco Intenso 250g + 5x Bomb leite,0250304004,Liquor de Cacau - Bom Jardim,0.0935,KG
05004127,Ovo Choco Intenso 250g + 5x Bomb leite,9990107001,MANTEIGA DE CACAU desodorizada,0.0102,KG
05004127,Ovo Choco Intenso 250g + 5x Bomb leite,9990111005,Lecitina de Soja,0.00017,LT
05004127,Ovo Choco Intenso 250g + 5x Bomb leite,0250101006,Amêndoa de Cacau Seca Aprovada - Bom Jar,0.10285,KG
05004127,Ovo Choco Intenso 250g + 5x Bomb leite,0250302002,Amêndoa de Cacau Torrada - Bom Jardim,0.10285,KG
05004127,Ovo Choco Intenso 250g + 5x Bomb leite,0250303003,Nibs de Cacau - Bom Jardim,0.0935,KG
05004127,Ovo Choco Intenso 250g + 5x Bomb leite,0190213085,Cerâmica Marajoara,1,PC
05004127,Ovo Choco Intenso 250g + 5x Bomb leite,0190213086,Tampa Cerâmica marajoara,1,PC
05004127,Ovo Choco Intenso 250g + 5x Bomb leite,05104070,Ovo 10 gr ao leite com recheio Praliné,5,PC
05004127,Ovo Choco Intenso 250g + 5x Bomb leite,9990315018,Face  Marajoara Intenso,2,PC
05004127,Ovo Choco Intenso 250g + 5x Bomb leite,0050305006,MASSA DE CHOCOLATE -AO LEITE   NF24,0.0225,KG
05004127,Ovo Choco Intenso 250g + 5x Bomb leite,9990311030,Praliné de Avelã colagem,0.0275,KG
05004127,Ovo Choco Intenso 250g + 5x Bomb leite,9990107001,MANTEIGA DE CACAU desodorizada,0.000289,KG
05004127,Ovo Choco Intenso 250g + 5x Bomb leite,0050305006,MASSA DE CHOCOLATE -AO LEITE   NF24,0.006155,KG
05004127,Ovo Choco Intenso 250g + 5x Bomb leite,9990107001,MANTEIGA DE CACAU desodorizada,0.001826,KG
05004127,Ovo Choco Intenso 250g + 5x Bomb leite,9990307008,Pomada de manteiga de cacau,0.000289,PC
05004127,Ovo Choco Intenso 250g + 5x Bomb leite,9990311043,Praliné de Avelã,0.019231,PC
05004127,Ovo Choco Intenso 250g + 5x Bomb leite,0140106805,Açúcar refinado,0.007692,KG
05004127,Ovo Choco Intenso 250g + 5x Bomb leite,9990111020,Avelã,0.011539,KG
05004127,Ovo Choco Intenso 250g + 5x Bomb leite,0050305008,MASSA DE CHOCOLATE -INTENSO NF24,0.17,KG
05004128,Ovo Ao Leite com Praliné de Avelã 420g,0050301007,Amêndoa de Cacau Seca Aprovada - Sakaguc,0.034948,KG
05004128,Ovo Ao Leite com Praliné de Avelã 420g,0050302011,AMÊNDOA DE CACAU TORRADA - SAKAGUCHI  12,0.034948,KG
05004128,Ovo Ao Leite com Praliné de Avelã 420g,0050303004,NIBS DE CACAU - SAKAGUCHI NT 120-35,0.031771,KG
05004128,Ovo Ao Leite com Praliné de Avelã 420g,0050304005,LIQUOR DE CACAU - SAKAGUCHI  NT24,0.031771,KG
05004128,Ovo Ao Leite com Praliné de Avelã 420g,0140106805,Açúcar refinado,0.089224,KG
05004128,Ovo Ao Leite com Praliné de Avelã 420g,03001001,Leite em Pó integral,0.06619,KG
05004128,Ovo Ao Leite com Praliné de Avelã 420g,9990107001,MANTEIGA DE CACAU desodorizada,0.07678,KG
05004128,Ovo Ao Leite com Praliné de Avelã 420g,9990111005,Lecitina de Soja,0.000794,LT
05004128,Ovo Ao Leite com Praliné de Avelã 420g,0190213085,Cerâmica Marajoara,1,PC
05004128,Ovo Ao Leite com Praliné de Avelã 420g,9990315020,Face Marajoara ao leite praliná avelã,2,PC
05004128,Ovo Ao Leite com Praliné de Avelã 420g,9990107001,MANTEIGA DE CACAU desodorizada,0.0021,KG
05004128,Ovo Ao Leite com Praliné de Avelã 420g,0050305006,MASSA DE CHOCOLATE -AO LEITE   NF24,0.04476,KG
05004128,Ovo Ao Leite com Praliné de Avelã 420g,9990107001,MANTEIGA DE CACAU desodorizada,0.01328,KG
05004128,Ovo Ao Leite com Praliné de Avelã 420g,9990307008,Pomada de manteiga de cacau,0.0021,PC
05004128,Ovo Ao Leite com Praliné de Avelã 420g,9990311043,Praliné de Avelã,0.13986,PC
05004128,Ovo Ao Leite com Praliné de Avelã 420g,0140106805,Açúcar refinado,0.055944,KG
05004128,Ovo Ao Leite com Praliné de Avelã 420g,9990111020,Avelã,0.083916,KG
05004128,Ovo Ao Leite com Praliné de Avelã 420g,0050305006,MASSA DE CHOCOLATE -AO LEITE   NF24,0.22,KG
05004128,Ovo Ao Leite com Praliné de Avelã 420g,9990311030,Praliné de Avelã colagem,0.2,KG
05004129,Ovo ao Leite 170g + 10 Bombons Avelã 10g,0050301007,Amêndoa de Cacau Seca Aprovada - Sakaguc,0.02244,KG
05004129,Ovo ao Leite 170g + 10 Bombons Avelã 10g,0050302011,AMÊNDOA DE CACAU TORRADA - SAKAGUCHI  12,0.02244,KG
05004129,Ovo ao Leite 170g + 10 Bombons Avelã 10g,0050303004,NIBS DE CACAU - SAKAGUCHI NT 120-35,0.0204,KG
05004129,Ovo ao Leite 170g + 10 Bombons Avelã 10g,0050304005,LIQUOR DE CACAU - SAKAGUCHI  NT24,0.027277,KG
05004129,Ovo ao Leite 170g + 10 Bombons Avelã 10g,0140106805,Açúcar refinado,0.076603,KG
05004129,Ovo ao Leite 170g + 10 Bombons Avelã 10g,03001001,Leite em Pó integral,0.056827,KG
05004129,Ovo ao Leite 170g + 10 Bombons Avelã 10g,9990107001,MANTEIGA DE CACAU desodorizada,0.06592,KG
05004129,Ovo ao Leite 170g + 10 Bombons Avelã 10g,9990111005,Lecitina de Soja,0.000682,LT
05004129,Ovo ao Leite 170g + 10 Bombons Avelã 10g,0200216011,"Papel Chumbo - Cromus - 43,5cm x 59cm",2,UN
05004129,Ovo ao Leite 170g + 10 Bombons Avelã 10g,05104070,Ovo 10 gr ao leite com recheio Praliné,10,PC
05004129,Ovo ao Leite 170g + 10 Bombons Avelã 10g,0190213085,Cerâmica Marajoara,1,PC
05004129,Ovo ao Leite 170g + 10 Bombons Avelã 10g,05004113,Mini Ovo de Chocoao Leite praliné 10g,10,PC
05004129,Ovo ao Leite 170g + 10 Bombons Avelã 10g,9990315017,Face Marajoara ao leite,2,PC
05004129,Ovo ao Leite 170g + 10 Bombons Avelã 10g,0050305006,MASSA DE CHOCOLATE -AO LEITE   NF24,0.045,KG
05004129,Ovo ao Leite 170g + 10 Bombons Avelã 10g,9990311030,Praliné de Avelã colagem,0.055,KG
05004129,Ovo ao Leite 170g + 10 Bombons Avelã 10g,9990107001,MANTEIGA DE CACAU desodorizada,0.000578,KG
05004129,Ovo ao Leite 170g + 10 Bombons Avelã 10g,0050305006,MASSA DE CHOCOLATE -AO LEITE   NF24,0.012309,KG
05004129,Ovo ao Leite 170g + 10 Bombons Avelã 10g,9990107001,MANTEIGA DE CACAU desodorizada,0.003652,KG
05004129,Ovo ao Leite 170g + 10 Bombons Avelã 10g,9990307008,Pomada de manteiga de cacau,0.000578,PC
05004129,Ovo ao Leite 170g + 10 Bombons Avelã 10g,9990311043,Praliné de Avelã,0.038462,PC
05004129,Ovo ao Leite 170g + 10 Bombons Avelã 10g,0140106805,Açúcar refinado,0.015385,KG
05004129,Ovo ao Leite 170g + 10 Bombons Avelã 10g,9990111020,Avelã,0.023077,KG
05004129,Ovo ao Leite 170g + 10 Bombons Avelã 10g,0050305006,MASSA DE CHOCOLATE -AO LEITE   NF24,0.17,KG
05004130,Ovo Ao Leite com Praliné de Pistache 420,0050301007,Amêndoa de Cacau Seca Aprovada - Sakaguc,0.034948,KG
05004130,Ovo Ao Leite com Praliné de Pistache 420,0050302011,AMÊNDOA DE CACAU TORRADA - SAKAGUCHI  12,0.034948,KG
05004130,Ovo Ao Leite com Praliné de Pistache 420,0050303004,NIBS DE CACAU - SAKAGUCHI NT 120-35,0.031771,KG
05004130,Ovo Ao Leite com Praliné de Pistache 420,0050304005,LIQUOR DE CACAU - SAKAGUCHI  NT24,0.031771,KG
05004130,Ovo Ao Leite com Praliné de Pistache 420,0140106805,Açúcar refinado,0.089224,KG
05004130,Ovo Ao Leite com Praliné de Pistache 420,03001001,Leite em Pó integral,0.06619,KG
05004130,Ovo Ao Leite com Praliné de Pistache 420,9990107001,MANTEIGA DE CACAU desodorizada,0.07678,KG
05004130,Ovo Ao Leite com Praliné de Pistache 420,9990111005,Lecitina de Soja,0.000794,LT
05004130,Ovo Ao Leite com Praliné de Pistache 420,0190213085,Cerâmica Marajoara,1,PC
05004130,Ovo Ao Leite com Praliné de Pistache 420,9990315019,Face marajoara ao leite praliné pistache,2,PC
05004130,Ovo Ao Leite com Praliné de Pistache 420,9990107001,MANTEIGA DE CACAU desodorizada,0.0021,KG
05004130,Ovo Ao Leite com Praliné de Pistache 420,0140106805,Açúcar refinado,0.054587,KG
05004130,Ovo Ao Leite com Praliné de Pistache 420,03001001,Leite em Pó integral,0.00365,KG
05004130,Ovo Ao Leite com Praliné de Pistache 420,9990111010,Pistache,0.065301,KG
05004130,Ovo Ao Leite com Praliné de Pistache 420,9990111031,Amêndoa,0.016322,KG
05004130,Ovo Ao Leite com Praliné de Pistache 420,0050305006,MASSA DE CHOCOLATE -AO LEITE   NF24,0.04476,KG
05004130,Ovo Ao Leite com Praliné de Pistache 420,9990107001,MANTEIGA DE CACAU desodorizada,0.01328,KG
05004130,Ovo Ao Leite com Praliné de Pistache 420,9990307008,Pomada de manteiga de cacau,0.0021,PC
05004130,Ovo Ao Leite com Praliné de Pistache 420,9990311004,Praliné Pistache,0.13986,KG
05004130,Ovo Ao Leite com Praliné de Pistache 420,0050305006,MASSA DE CHOCOLATE -AO LEITE   NF24,0.22,KG
05004130,Ovo Ao Leite com Praliné de Pistache 420,9990311031,Praliné Pistache colagem,0.2,KG
05004131,Ovo Ao Leite com Avelã e Maracujá 590g,0050301007,Amêndoa de Cacau Seca Aprovada - Sakaguc,0.039933,KG
05004131,Ovo Ao Leite com Avelã e Maracujá 590g,0050302011,AMÊNDOA DE CACAU TORRADA - SAKAGUCHI  12,0.039933,KG
05004131,Ovo Ao Leite com Avelã e Maracujá 590g,0050303004,NIBS DE CACAU - SAKAGUCHI NT 120-35,0.036303,KG
05004131,Ovo Ao Leite com Avelã e Maracujá 590g,0050304005,LIQUOR DE CACAU - SAKAGUCHI  NT24,0.036303,KG
05004131,Ovo Ao Leite com Avelã e Maracujá 590g,0140106805,Açúcar refinado,0.10195,KG
05004131,Ovo Ao Leite com Avelã e Maracujá 590g,03001001,Leite em Pó integral,0.075631,KG
05004131,Ovo Ao Leite com Avelã e Maracujá 590g,9990107001,MANTEIGA DE CACAU desodorizada,0.087731,KG
05004131,Ovo Ao Leite com Avelã e Maracujá 590g,9990111005,Lecitina de Soja,0.000908,LT
05004131,Ovo Ao Leite com Avelã e Maracujá 590g,0190213085,Cerâmica Marajoara,1,PC
05004131,Ovo Ao Leite com Avelã e Maracujá 590g,9990315021,Face Marajoara leite praline+maracujá,2,PC
05004131,Ovo Ao Leite com Avelã e Maracujá 590g,9990107001,MANTEIGA DE CACAU desodorizada,0.001995,KG
05004131,Ovo Ao Leite com Avelã e Maracujá 590g,0050305006,MASSA DE CHOCOLATE -AO LEITE   NF24,0.042522,KG
05004131,Ovo Ao Leite com Avelã e Maracujá 590g,9990107001,MANTEIGA DE CACAU desodorizada,0.012616,KG
05004131,Ovo Ao Leite com Avelã e Maracujá 590g,9990307008,Pomada de manteiga de cacau,0.001995,PC
05004131,Ovo Ao Leite com Avelã e Maracujá 590g,9990311043,Praliné de Avelã,0.132867,PC
05004131,Ovo Ao Leite com Avelã e Maracujá 590g,0140106805,Açúcar refinado,0.040726,KG
05004131,Ovo Ao Leite com Avelã e Maracujá 590g,9990111000,Agua Mineral sem gás,0.01246,LT
05004131,Ovo Ao Leite com Avelã e Maracujá 590g,9990111004,Baunilha em Fava,8.4e-05,KG
05004131,Ovo Ao Leite com Avelã e Maracujá 590g,9990111005,Lecitina de Soja,0.000532,LT
05004131,Ovo Ao Leite com Avelã e Maracujá 590g,9990111006,Manteiga de Leite,0.010878,KG
05004131,Ovo Ao Leite com Avelã e Maracujá 590g,9990111008,Xarope de glucose,0.023352,KG
05004131,Ovo Ao Leite com Avelã e Maracujá 590g,9990111015,Polpa Maracujá,0.051968,KG
05004131,Ovo Ao Leite com Avelã e Maracujá 590g,0140106805,Açúcar refinado,0.053147,KG
05004131,Ovo Ao Leite com Avelã e Maracujá 590g,9990111020,Avelã,0.07972,KG
05004131,Ovo Ao Leite com Avelã e Maracujá 590g,0050305006,MASSA DE CHOCOLATE -AO LEITE   NF24,0.26,KG
05004131,Ovo Ao Leite com Avelã e Maracujá 590g,9990311030,Praliné de Avelã colagem,0.19,KG
05004131,Ovo Ao Leite com Avelã e Maracujá 590g,9990311038,Recheio Caramelo Maracujá,0.14,KG
05004132,Ovo Choco Leite Praline Avelã 420g sc,0190213083,Fita para fechamento de celofane,0.3,PC
05004132,Ovo Choco Leite Praline Avelã 420g sc,0190213086,Tampa Cerâmica marajoara,1,PC
05004132,Ovo Choco Leite Praline Avelã 420g sc,0200216012,Papel Celofane,1,PC
05004133, Ovo de Choco ao Leite com 10x bombons s,0050301007,Amêndoa de Cacau Seca Aprovada - Sakaguc,0.02244,KG
05004133, Ovo de Choco ao Leite com 10x bombons s,0050302011,AMÊNDOA DE CACAU TORRADA - SAKAGUCHI  12,0.02244,KG
05004133, Ovo de Choco ao Leite com 10x bombons s,0050303004,NIBS DE CACAU - SAKAGUCHI NT 120-35,0.0204,KG
05004133, Ovo de Choco ao Leite com 10x bombons s,0050304005,LIQUOR DE CACAU - SAKAGUCHI  NT24,0.027277,KG
05004133, Ovo de Choco ao Leite com 10x bombons s,0140106805,Açúcar refinado,0.076603,KG
05004133, Ovo de Choco ao Leite com 10x bombons s,03001001,Leite em Pó integral,0.056827,KG
05004133, Ovo de Choco ao Leite com 10x bombons s,9990107001,MANTEIGA DE CACAU desodorizada,0.06592,KG
05004133, Ovo de Choco ao Leite com 10x bombons s,9990111005,Lecitina de Soja,0.000682,LT
05004133, Ovo de Choco ao Leite com 10x bombons s,0200216011,"Papel Chumbo - Cromus - 43,5cm x 59cm",2,UN
05004133, Ovo de Choco ao Leite com 10x bombons s,05104070,Ovo 10 gr ao leite com recheio Praliné,10,PC
05004133, Ovo de Choco ao Leite com 10x bombons s,0190213083,Fita para fechamento de celofane,0.3,PC
05004133, Ovo de Choco ao Leite com 10x bombons s,0200216012,Papel Celofane,1,PC
05004133, Ovo de Choco ao Leite com 10x bombons s,05004113,Mini Ovo de Chocoao Leite praliné 10g,10,PC
05004133, Ovo de Choco ao Leite com 10x bombons s,9990315017,Face Marajoara ao leite,2,PC
05004133, Ovo de Choco ao Leite com 10x bombons s,0050305006,MASSA DE CHOCOLATE -AO LEITE   NF24,0.045,KG
05004133, Ovo de Choco ao Leite com 10x bombons s,9990311030,Praliné de Avelã colagem,0.055,KG
05004133, Ovo de Choco ao Leite com 10x bombons s,9990107001,MANTEIGA DE CACAU desodorizada,0.000578,KG
05004133, Ovo de Choco ao Leite com 10x bombons s,0050305006,MASSA DE CHOCOLATE -AO LEITE   NF24,0.012309,KG
05004133, Ovo de Choco ao Leite com 10x bombons s,9990107001,MANTEIGA DE CACAU desodorizada,0.003652,KG
05004133, Ovo de Choco ao Leite com 10x bombons s,9990307008,Pomada de manteiga de cacau,0.000578,PC
05004133, Ovo de Choco ao Leite com 10x bombons s,9990311043,Praliné de Avelã,0.038462,PC
05004133, Ovo de Choco ao Leite com 10x bombons s,0140106805,Açúcar refinado,0.015385,KG
05004133, Ovo de Choco ao Leite com 10x bombons s,9990111020,Avelã,0.023077,KG
05004133, Ovo de Choco ao Leite com 10x bombons s,0050305006,MASSA DE CHOCOLATE -AO LEITE   NF24,0.17,KG
05004134, Ovo de Choco ao Leite Praliné Pist sc,0050301007,Amêndoa de Cacau Seca Aprovada - Sakaguc,0.034948,KG
05004134, Ovo de Choco ao Leite Praliné Pist sc,0050302011,AMÊNDOA DE CACAU TORRADA - SAKAGUCHI  12,0.034948,KG
05004134, Ovo de Choco ao Leite Praliné Pist sc,0050303004,NIBS DE CACAU - SAKAGUCHI NT 120-35,0.031771,KG
05004134, Ovo de Choco ao Leite Praliné Pist sc,0050304005,LIQUOR DE CACAU - SAKAGUCHI  NT24,0.031771,KG
05004134, Ovo de Choco ao Leite Praliné Pist sc,0140106805,Açúcar refinado,0.089224,KG
05004134, Ovo de Choco ao Leite Praliné Pist sc,03001001,Leite em Pó integral,0.06619,KG
05004134, Ovo de Choco ao Leite Praliné Pist sc,9990107001,MANTEIGA DE CACAU desodorizada,0.07678,KG
05004134, Ovo de Choco ao Leite Praliné Pist sc,9990111005,Lecitina de Soja,0.000794,LT
05004134, Ovo de Choco ao Leite Praliné Pist sc,0190213083,Fita para fechamento de celofane,0.3,PC
05004134, Ovo de Choco ao Leite Praliné Pist sc,0200216012,Papel Celofane,1,PC
05004134, Ovo de Choco ao Leite Praliné Pist sc,9990315019,Face marajoara ao leite praliné pistache,2,PC
05004134, Ovo de Choco ao Leite Praliné Pist sc,9990107001,MANTEIGA DE CACAU desodorizada,0.0021,KG
05004134, Ovo de Choco ao Leite Praliné Pist sc,0140106805,Açúcar refinado,0.054587,KG
05004134, Ovo de Choco ao Leite Praliné Pist sc,03001001,Leite em Pó integral,0.00365,KG
05004134, Ovo de Choco ao Leite Praliné Pist sc,9990111010,Pistache,0.065301,KG
05004134, Ovo de Choco ao Leite Praliné Pist sc,9990111031,Amêndoa,0.016322,KG
05004134, Ovo de Choco ao Leite Praliné Pist sc,0050305006,MASSA DE CHOCOLATE -AO LEITE   NF24,0.04476,KG
05004134, Ovo de Choco ao Leite Praliné Pist sc,9990107001,MANTEIGA DE CACAU desodorizada,0.01328,KG
05004134, Ovo de Choco ao Leite Praliné Pist sc,9990307008,Pomada de manteiga de cacau,0.0021,PC
05004134, Ovo de Choco ao Leite Praliné Pist sc,9990311004,Praliné Pistache,0.13986,KG
05004134, Ovo de Choco ao Leite Praliné Pist sc,0050305006,MASSA DE CHOCOLATE -AO LEITE   NF24,0.22,KG
05004134, Ovo de Choco ao Leite Praliné Pist sc,9990311031,Praliné Pistache colagem,0.2,KG
05004135,Ovo Marajoara - Avelã e Maracujá 590g sc,0050301007,Amêndoa de Cacau Seca Aprovada - Sakaguc,0.039933,KG
05004135,Ovo Marajoara - Avelã e Maracujá 590g sc,0050302011,AMÊNDOA DE CACAU TORRADA - SAKAGUCHI  12,0.039933,KG
05004135,Ovo Marajoara - Avelã e Maracujá 590g sc,0050303004,NIBS DE CACAU - SAKAGUCHI NT 120-35,0.036303,KG
05004135,Ovo Marajoara - Avelã e Maracujá 590g sc,0050304005,LIQUOR DE CACAU - SAKAGUCHI  NT24,0.036303,KG
05004135,Ovo Marajoara - Avelã e Maracujá 590g sc,0140106805,Açúcar refinado,0.10195,KG
05004135,Ovo Marajoara - Avelã e Maracujá 590g sc,03001001,Leite em Pó integral,0.075631,KG
05004135,Ovo Marajoara - Avelã e Maracujá 590g sc,9990107001,MANTEIGA DE CACAU desodorizada,0.087731,KG
05004135,Ovo Marajoara - Avelã e Maracujá 590g sc,9990111005,Lecitina de Soja,0.000908,LT
05004135,Ovo Marajoara - Avelã e Maracujá 590g sc,0190213083,Fita para fechamento de celofane,0.3,PC
05004135,Ovo Marajoara - Avelã e Maracujá 590g sc,0200216012,Papel Celofane,1,PC
05004135,Ovo Marajoara - Avelã e Maracujá 590g sc,9990315021,Face Marajoara leite praline+maracujá,2,PC
05004135,Ovo Marajoara - Avelã e Maracujá 590g sc,9990107001,MANTEIGA DE CACAU desodorizada,0.001995,KG
05004135,Ovo Marajoara - Avelã e Maracujá 590g sc,0050305006,MASSA DE CHOCOLATE -AO LEITE   NF24,0.042522,KG
05004135,Ovo Marajoara - Avelã e Maracujá 590g sc,9990107001,MANTEIGA DE CACAU desodorizada,0.012616,KG
05004135,Ovo Marajoara - Avelã e Maracujá 590g sc,9990307008,Pomada de manteiga de cacau,0.001995,PC
05004135,Ovo Marajoara - Avelã e Maracujá 590g sc,9990311043,Praliné de Avelã,0.132867,PC
05004135,Ovo Marajoara - Avelã e Maracujá 590g sc,0140106805,Açúcar refinado,0.040726,KG
05004135,Ovo Marajoara - Avelã e Maracujá 590g sc,9990111000,Agua Mineral sem gás,0.01246,LT
05004135,Ovo Marajoara - Avelã e Maracujá 590g sc,9990111004,Baunilha em Fava,8.4e-05,KG
05004135,Ovo Marajoara - Avelã e Maracujá 590g sc,9990111005,Lecitina de Soja,0.000532,LT
05004135,Ovo Marajoara - Avelã e Maracujá 590g sc,9990111006,Manteiga de Leite,0.010878,KG
05004135,Ovo Marajoara - Avelã e Maracujá 590g sc,9990111008,Xarope de glucose,0.023352,KG
05004135,Ovo Marajoara - Avelã e Maracujá 590g sc,9990111015,Polpa Maracujá,0.051968,KG
05004135,Ovo Marajoara - Avelã e Maracujá 590g sc,0140106805,Açúcar refinado,0.053147,KG
05004135,Ovo Marajoara - Avelã e Maracujá 590g sc,9990111020,Avelã,0.07972,KG
05004135,Ovo Marajoara - Avelã e Maracujá 590g sc,0050305006,MASSA DE CHOCOLATE -AO LEITE   NF24,0.26,KG
05004135,Ovo Marajoara - Avelã e Maracujá 590g sc,9990311030,Praliné de Avelã colagem,0.19,KG
05004135,Ovo Marajoara - Avelã e Maracujá 590g sc,9990311038,Recheio Caramelo Maracujá,0.14,KG
05004136,Cesta Magio 01 - Dia dos namorados,0210101001,Amêndoa de Cupuaçu - Sakaguchi (PA),0.03564,KG
05004136,Cesta Magio 01 - Dia dos namorados,0050301007,Amêndoa de Cacau Seca Aprovada - Sakaguc,0.009247,KG
05004136,Cesta Magio 01 - Dia dos namorados,0050302011,AMÊNDOA DE CACAU TORRADA - SAKAGUCHI  12,0.009247,KG
05004136,Cesta Magio 01 - Dia dos namorados,0210303001,Nibs de Cupuaçu - Sakaguchi,0.0324,KG
05004136,Cesta Magio 01 - Dia dos namorados,0050303004,NIBS DE CACAU - SAKAGUCHI NT 120-35,0.008406,KG
05004136,Cesta Magio 01 - Dia dos namorados,0050304005,LIQUOR DE CACAU - SAKAGUCHI  NT24,0.024939,KG
05004136,Cesta Magio 01 - Dia dos namorados,0140106805,Açúcar refinado,0.07004,KG
05004136,Cesta Magio 01 - Dia dos namorados,03001001,Leite em Pó integral,0.051958,KG
05004136,Cesta Magio 01 - Dia dos namorados,9990107001,MANTEIGA DE CACAU desodorizada,0.060271,KG
05004136,Cesta Magio 01 - Dia dos namorados,9990111005,Lecitina de Soja,0.000623,LT
05004136,Cesta Magio 01 - Dia dos namorados,0050305006,MASSA DE CHOCOLATE -AO LEITE   NF24,0.04752,KG
05004136,Cesta Magio 01 - Dia dos namorados,9990307008,Pomada de manteiga de cacau,0.00048,PC
05004136,Cesta Magio 01 - Dia dos namorados,9990311030,Praliné de Avelã colagem,0.032,KG
05004136,Cesta Magio 01 - Dia dos namorados,0050305006,MASSA DE CHOCOLATE -AO LEITE   NF24,0.048,KG
05004136,Cesta Magio 01 - Dia dos namorados,9990311009,Recheio Yara Maracujá,0.019,KG
05004136,Cesta Magio 01 - Dia dos namorados,9990311038,Recheio Caramelo Maracujá,0.013,KG
05004136,Cesta Magio 01 - Dia dos namorados,0050305006,MASSA DE CHOCOLATE -AO LEITE   NF24,0.06,KG
05004136,Cesta Magio 01 - Dia dos namorados,02104013,Sakaguchi Cupulate 50g,1.2,UN
05004136,Cesta Magio 01 - Dia dos namorados,0050305006,MASSA DE CHOCOLATE -AO LEITE   NF24,0.0351,KG
05004136,Cesta Magio 01 - Dia dos namorados,9990311031,Praliné Pistache colagem,0.0449,KG
05004136,Cesta Magio 01 - Dia dos namorados,0050302010,Amêndoa de Cupuaçu Torrada - SAKAGUCHI,0.03564,KG
05004136,Cesta Magio 01 - Dia dos namorados,0050303010,LIQUOR DE CUPUAÇU -SAKAGUCHI,0.0324,KG
05004136,Cesta Magio 01 - Dia dos namorados,0140106004,Açúcar Demerara,0.0102,KG
05004136,Cesta Magio 01 - Dia dos namorados,9990107001,MANTEIGA DE CACAU desodorizada,0.0174,KG
05004136,Cesta Magio 01 - Dia dos namorados,0190213030,Embalagem - Barra de Cupulate - Sakaguch,1.2,UN
05004136,Cesta Magio 01 - Dia dos namorados,0190214016,Cartão Surpresa - Prima Stampa,1.2,UN
05004136,Cesta Magio 01 - Dia dos namorados,0200216011,"Papel Chumbo - Cromus - 43,5cm x 59cm",0.192,UN
05004136,Cesta Magio 01 - Dia dos namorados,0210305004,Massa  de Cupuaçu - Sakaguchi,0.06,KG
05004136,Cesta Magio 01 - Dia dos namorados,9970212003,ETIQ ADESIVA | PAPEL COUCHE A20-C | 30X3,1.2,UN
05004136,Cesta Magio 01 - Dia dos namorados,9970212004,ETIQ PIMACO A4348 LASER 100F 9600UND,1.2,UN
05004136,Cesta Magio 01 - Dia dos namorados,9990712002,ETIQUETA PARA QR CODE 40x40mm,1.2,UN
05004136,Cesta Magio 01 - Dia dos namorados,0050321001,Barra 60g Terroir da Amazonia Saka ao le,1,PC
05004136,Cesta Magio 01 - Dia dos namorados,0190213057,Embalagem – mod. Envelope p/ barra,1,PC
05004136,Cesta Magio 01 - Dia dos namorados,0190213104,Folha papel barrado Mágio,1,UN
05004136,Cesta Magio 01 - Dia dos namorados,019021424,CARTÃO QR,1,UN
05004136,Cesta Magio 01 - Dia dos namorados,9990712025,Etiqueta dif PF Sakaguchi ao Leite 6x12,1,PC
05004136,Cesta Magio 01 - Dia dos namorados,9990712035,Etiqueta Bra PF Sakaguchi ao Leite verso,1,PC
05004136,Cesta Magio 01 - Dia dos namorados,9990712045,Etiqueta Lacre 2 - Adesivo transparente,1,PC
05004136,Cesta Magio 01 - Dia dos namorados,9990712046,Etiqueta Lacre 1  - Adesivo com hot stam,1,PC
05004136,Cesta Magio 01 - Dia dos namorados,9990712056,Etiqueta alto teor de açúcar e gordura,1,PC
05004136,Cesta Magio 01 - Dia dos namorados,0050321003,Barra 60g Terroir da Amazonia SAKA CUPU,1,PC
05004136,Cesta Magio 01 - Dia dos namorados,0190213057,Embalagem – mod. Envelope p/ barra,1,PC
05004136,Cesta Magio 01 - Dia dos namorados,0190213104,Folha papel barrado Mágio,1,UN
05004136,Cesta Magio 01 - Dia dos namorados,019021424,CARTÃO QR,1,UN
05004136,Cesta Magio 01 - Dia dos namorados,9990712030,Etiqueta de dif PF Sakaguchi Cupu 6x12,1,PC
05004136,Cesta Magio 01 - Dia dos namorados,9990712040,Etiqueta Branca Povos Sakaguchi Cupu,1,PC
05004136,Cesta Magio 01 - Dia dos namorados,9990712045,Etiqueta Lacre 2 - Adesivo transparente,1,PC
05004136,Cesta Magio 01 - Dia dos namorados,9990712046,Etiqueta Lacre 1  - Adesivo com hot stam,1,PC
05004136,Cesta Magio 01 - Dia dos namorados,9990712055,Etiqueta alto teor de açúcar 1.3x1.8,1,PC
05004136,Cesta Magio 01 - Dia dos namorados,0050305010,PP LÍNGUA DE ONÇA 5G PRALINÉ,16,PC
05004136,Cesta Magio 01 - Dia dos namorados,0190213051,Caixa Base  LO 80g,1,PC
05004136,Cesta Magio 01 - Dia dos namorados,0190213052,Luva LO 80GR ao leite com Praliné,1,PC
05004136,Cesta Magio 01 - Dia dos namorados,0190213060,Berço termoformado LO,1,PC
05004136,Cesta Magio 01 - Dia dos namorados,019021424,CARTÃO QR,1,UN
05004136,Cesta Magio 01 - Dia dos namorados,9990712045,Etiqueta Lacre 2 - Adesivo transparente,1,PC
05004136,Cesta Magio 01 - Dia dos namorados,0050305025,FORMIGUEIRO MARACUJÁ 16g,5,UN
05004136,Cesta Magio 01 - Dia dos namorados,0190213072,Caixa formigueiro Maracuja,1,PC
05004136,Cesta Magio 01 - Dia dos namorados,019021424,CARTÃO QR,1,UN
05004136,Cesta Magio 01 - Dia dos namorados,9990712045,Etiqueta Lacre 2 - Adesivo transparente,1,PC
05004136,Cesta Magio 01 - Dia dos namorados,0050321011,Barras com recheios - 80g   Pistache,1,UN
05004136,Cesta Magio 01 - Dia dos namorados,0190213056,Envelope plastico transparente,1,PC
05004136,Cesta Magio 01 - Dia dos namorados,0190213166,Caixa ES Ao Leite Praliné de Pistache,1,PC
05004136,Cesta Magio 01 - Dia dos namorados,019021424,CARTÃO QR,1,UN
05004136,Cesta Magio 01 - Dia dos namorados,05004003,MAGIO Povos Sakaguchi ao Leite 41% 60g,1,PC
05004136,Cesta Magio 01 - Dia dos namorados,05004008,MAGIO Povos Sakaguchi Cupulate 58% 60g,1,PC
05004136,Cesta Magio 01 - Dia dos namorados,05004016,MAGIO Lg de Onça Lt Praliné Avelã Cx80g,1,PC
05004136,Cesta Magio 01 - Dia dos namorados,05004043,Formigueiro Caramelo de Maracujá Cx 80g,1,UN
05004136,Cesta Magio 01 - Dia dos namorados,05004056,Barra ES Leite Praliné de Pistache 80g,1,PC
05004136,Cesta Magio 01 - Dia dos namorados,9990107001,MANTEIGA DE CACAU desodorizada,0.001287,KG
05004136,Cesta Magio 01 - Dia dos namorados,0140106805,Açúcar refinado,0.012255,KG
05004136,Cesta Magio 01 - Dia dos namorados,03001001,Leite em Pó integral,0.00082,KG
05004136,Cesta Magio 01 - Dia dos namorados,9990111010,Pistache,0.01466,KG
05004136,Cesta Magio 01 - Dia dos namorados,9990111031,Amêndoa,0.003664,KG
05004136,Cesta Magio 01 - Dia dos namorados,0140106805,Açúcar refinado,0.005426,KG
05004136,Cesta Magio 01 - Dia dos namorados,9990111000,Agua Mineral sem gás,0.006623,LT
05004136,Cesta Magio 01 - Dia dos namorados,9990111004,Baunilha em Fava,8e-06,KG
05004136,Cesta Magio 01 - Dia dos namorados,9990111007,Clara em Pó,0.000258,KG
05004136,Cesta Magio 01 - Dia dos namorados,9990111008,Xarope de glucose,0.006088,KG
05004136,Cesta Magio 01 - Dia dos namorados,9990111009,Gelatina incolor,0.000274,KG
05004136,Cesta Magio 01 - Dia dos namorados,9990311038,Recheio Caramelo Maracujá,0.000893,KG
05004136,Cesta Magio 01 - Dia dos namorados,0050305006,MASSA DE CHOCOLATE -AO LEITE   NF24,0.007162,KG
05004136,Cesta Magio 01 - Dia dos namorados,9990107001,MANTEIGA DE CACAU desodorizada,0.002125,KG
05004136,Cesta Magio 01 - Dia dos namorados,9990307008,Pomada de manteiga de cacau,0.000336,PC
05004136,Cesta Magio 01 - Dia dos namorados,9990311043,Praliné de Avelã,0.022378,PC
05004136,Cesta Magio 01 - Dia dos namorados,0050305006,MASSA DE CHOCOLATE -AO LEITE   NF24,0.010049,KG
05004136,Cesta Magio 01 - Dia dos namorados,9990107001,MANTEIGA DE CACAU desodorizada,0.002981,KG
05004136,Cesta Magio 01 - Dia dos namorados,9990307008,Pomada de manteiga de cacau,0.000471,PC
05004136,Cesta Magio 01 - Dia dos namorados,9990311004,Praliné Pistache,0.031399,KG
05004136,Cesta Magio 01 - Dia dos namorados,0140106805,Açúcar refinado,0.004042,KG
05004136,Cesta Magio 01 - Dia dos namorados,9990111000,Agua Mineral sem gás,0.001236,LT
05004136,Cesta Magio 01 - Dia dos namorados,9990111004,Baunilha em Fava,9e-06,KG
05004136,Cesta Magio 01 - Dia dos namorados,9990111005,Lecitina de Soja,5.2e-05,LT
05004136,Cesta Magio 01 - Dia dos namorados,9990111006,Manteiga de Leite,0.001079,KG
05004136,Cesta Magio 01 - Dia dos namorados,9990111008,Xarope de glucose,0.002317,KG
05004136,Cesta Magio 01 - Dia dos namorados,9990111015,Polpa Maracujá,0.005157,KG
05004136,Cesta Magio 01 - Dia dos namorados,0140106805,Açúcar refinado,0.008951,KG
05004136,Cesta Magio 01 - Dia dos namorados,9990111020,Avelã,0.013427,KG
05004137,Cesta Magio Tamanho 01,0050301007,Amêndoa de Cacau Seca Aprovada - Sakaguc,0.046236,KG
05004137,Cesta Magio Tamanho 01,0050301007,Amêndoa de Cacau Seca Aprovada - Sakaguc,0.00792,KG
05004137,Cesta Magio Tamanho 01,0050302002,Amêndoa de Cacau Torrada - Sakaguchi(PA),0.046236,KG
05004137,Cesta Magio Tamanho 01,0050302011,AMÊNDOA DE CACAU TORRADA - SAKAGUCHI  12,0.00792,KG
05004137,Cesta Magio Tamanho 01,0050303003,Nibs de Cacau - Sakaguchi(PA),0.042033,KG
05004137,Cesta Magio Tamanho 01,0050303004,NIBS DE CACAU - SAKAGUCHI NT 120-35,0.0072,KG
05004137,Cesta Magio Tamanho 01,0050304005,LIQUOR DE CACAU - SAKAGUCHI  NT24,0.029025,KG
05004137,Cesta Magio Tamanho 01,0140106805,Açúcar refinado,0.081514,KG
05004137,Cesta Magio Tamanho 01,03001001,Leite em Pó integral,0.060471,KG
05004137,Cesta Magio Tamanho 01,9990107001,MANTEIGA DE CACAU desodorizada,0.070146,KG
05004137,Cesta Magio Tamanho 01,9990111005,Lecitina de Soja,0.000726,LT
05004137,Cesta Magio Tamanho 01,0050304004,Liquor de Cacau - Sakaguchi (PA),0.042033,KG
05004137,Cesta Magio Tamanho 01,0140106004,Açúcar Demerara,0.021017,KG
05004137,Cesta Magio Tamanho 01,9990307005,Manteiga de Cacau Yanomami terc,0.009808,KG
05004137,Cesta Magio Tamanho 01,0050305006,MASSA DE CHOCOLATE -AO LEITE   NF24,0.04752,KG
05004137,Cesta Magio Tamanho 01,9990307008,Pomada de manteiga de cacau,0.00048,PC
05004137,Cesta Magio Tamanho 01,9990311030,Praliné de Avelã colagem,0.032,KG
05004137,Cesta Magio Tamanho 01,0050305006,MASSA DE CHOCOLATE -AO LEITE   NF24,0.0792,KG
05004137,Cesta Magio Tamanho 01,9990307008,Pomada de manteiga de cacau,0.0008,PC
05004137,Cesta Magio Tamanho 01,0050305006,MASSA DE CHOCOLATE -AO LEITE   NF24,0.048,KG
05004137,Cesta Magio Tamanho 01,9990311009,Recheio Yara Maracujá,0.019,KG
05004137,Cesta Magio Tamanho 01,9990311038,Recheio Caramelo Maracujá,0.013,KG
05004137,Cesta Magio Tamanho 01,0050108008,Biscoito de castanha do Pará,0.079645,KG
05004137,Cesta Magio Tamanho 01,0050111002,Aromatizante Puxuri,3e-05,KG
05004137,Cesta Magio Tamanho 01,0050305009,Massa de Chocolate - Chocolate 60% - Sak,0.070055,KG
05004137,Cesta Magio Tamanho 01,9990111001,Flor de Sal,0.00027,KG
05004137,Cesta Magio Tamanho 01,0050308011,Biscoito de castanha do Pará banhado com,0.15,KG
05004137,Cesta Magio Tamanho 01,9970212004,ETIQ PIMACO A4348 LASER 100F 9600UND,1,UN
05004137,Cesta Magio Tamanho 01,9990115001,SAQUINHO BIODEGRADAVEL COMPOSTAVEL,0.0033,KG
05004137,Cesta Magio Tamanho 01,0050305006,MASSA DE CHOCOLATE -AO LEITE   NF24,0.06,KG
05004137,Cesta Magio Tamanho 01,0050321001,Barra 60g Terroir da Amazonia Saka ao le,1,PC
05004137,Cesta Magio Tamanho 01,0190213057,Embalagem – mod. Envelope p/ barra,1,PC
05004137,Cesta Magio Tamanho 01,0190213104,Folha papel barrado Mágio,1,UN
05004137,Cesta Magio Tamanho 01,019021424,CARTÃO QR,1,UN
05004137,Cesta Magio Tamanho 01,9990712025,Etiqueta dif PF Sakaguchi ao Leite 6x12,1,PC
05004137,Cesta Magio Tamanho 01,9990712035,Etiqueta Bra PF Sakaguchi ao Leite verso,1,PC
05004137,Cesta Magio Tamanho 01,9990712045,Etiqueta Lacre 2 - Adesivo transparente,1,PC
05004137,Cesta Magio Tamanho 01,9990712046,Etiqueta Lacre 1  - Adesivo com hot stam,1,PC
05004137,Cesta Magio Tamanho 01,9990712056,Etiqueta alto teor de açúcar e gordura,1,PC
05004137,Cesta Magio Tamanho 01,0050305013,PP LÍNGUA DE ONÇA 5G AO LEITE,16,PC
05004137,Cesta Magio Tamanho 01,0190213051,Caixa Base  LO 80g,1,PC
05004137,Cesta Magio Tamanho 01,0190213054,Luva LO 80GR ao leite,1,PC
05004137,Cesta Magio Tamanho 01,0190213060,Berço termoformado LO,1,PC
05004137,Cesta Magio Tamanho 01,019021424,CARTÃO QR,1,UN
05004137,Cesta Magio Tamanho 01,9990712045,Etiqueta Lacre 2 - Adesivo transparente,1,PC
05004137,Cesta Magio Tamanho 01,0050305010,PP LÍNGUA DE ONÇA 5G PRALINÉ,16,PC
05004137,Cesta Magio Tamanho 01,0190213051,Caixa Base  LO 80g,1,PC
05004137,Cesta Magio Tamanho 01,0190213052,Luva LO 80GR ao leite com Praliné,1,PC
05004137,Cesta Magio Tamanho 01,0190213060,Berço termoformado LO,1,PC
05004137,Cesta Magio Tamanho 01,019021424,CARTÃO QR,1,UN
05004137,Cesta Magio Tamanho 01,9990712045,Etiqueta Lacre 2 - Adesivo transparente,1,PC
05004137,Cesta Magio Tamanho 01,0050305025,FORMIGUEIRO MARACUJÁ 16g,5,UN
05004137,Cesta Magio Tamanho 01,0190213072,Caixa formigueiro Maracuja,1,PC
05004137,Cesta Magio Tamanho 01,019021424,CARTÃO QR,1,UN
05004137,Cesta Magio Tamanho 01,9990712045,Etiqueta Lacre 2 - Adesivo transparente,1,PC
05004137,Cesta Magio Tamanho 01,0050308014,Biscoito 150 gr com choco,1,PC
05004137,Cesta Magio Tamanho 01,0190213062,Caixa Biscoitos Fundo choco,1,PC
05004137,Cesta Magio Tamanho 01,0190213063,Caixa Biscoitos luva choco,1,PC
05004137,Cesta Magio Tamanho 01,019021424,CARTÃO QR,1,UN
05004137,Cesta Magio Tamanho 01,9990712045,Etiqueta Lacre 2 - Adesivo transparente,1,PC
05004137,Cesta Magio Tamanho 01,0190213108,Cesta palha com alça,1,UN
05004137,Cesta Magio Tamanho 01,05004003,MAGIO Povos Sakaguchi ao Leite 41% 60g,1,PC
05004137,Cesta Magio Tamanho 01,05004015,MAGIO Língua de Onça ao Leite Cx80g,1,PC
05004137,Cesta Magio Tamanho 01,05004016,MAGIO Lg de Onça Lt Praliné Avelã Cx80g,1,PC
05004137,Cesta Magio Tamanho 01,05004043,Formigueiro Caramelo de Maracujá Cx 80g,1,UN
05004137,Cesta Magio Tamanho 01,05004047,Biscoito Cast. Pará Chocolate 60% 150g,1,PC
05004137,Cesta Magio Tamanho 01,0070301006,Amêndoa de Cacau Seca Aprovada - Yanomam,0.011634,KG
05004137,Cesta Magio Tamanho 01,9990107001,MANTEIGA DE CACAU desodorizada,0.001616,KG
05004137,Cesta Magio Tamanho 01,0140106805,Açúcar refinado,0.005426,KG
05004137,Cesta Magio Tamanho 01,9990111000,Agua Mineral sem gás,0.006623,LT
05004137,Cesta Magio Tamanho 01,9990111004,Baunilha em Fava,8e-06,KG
05004137,Cesta Magio Tamanho 01,9990111007,Clara em Pó,0.000258,KG
05004137,Cesta Magio Tamanho 01,9990111008,Xarope de glucose,0.006088,KG
05004137,Cesta Magio Tamanho 01,9990111009,Gelatina incolor,0.000274,KG
05004137,Cesta Magio Tamanho 01,9990311038,Recheio Caramelo Maracujá,0.000893,KG
05004137,Cesta Magio Tamanho 01,0050305006,MASSA DE CHOCOLATE -AO LEITE   NF24,0.007162,KG
05004137,Cesta Magio Tamanho 01,9990107001,MANTEIGA DE CACAU desodorizada,0.002125,KG
05004137,Cesta Magio Tamanho 01,9990307008,Pomada de manteiga de cacau,0.000336,PC
05004137,Cesta Magio Tamanho 01,9990311043,Praliné de Avelã,0.022378,PC
05004137,Cesta Magio Tamanho 01,0140106805,Açúcar refinado,0.004042,KG
05004137,Cesta Magio Tamanho 01,9990111000,Agua Mineral sem gás,0.001236,LT
05004137,Cesta Magio Tamanho 01,9990111004,Baunilha em Fava,9e-06,KG
05004137,Cesta Magio Tamanho 01,9990111005,Lecitina de Soja,5.2e-05,LT
05004137,Cesta Magio Tamanho 01,9990111006,Manteiga de Leite,0.001079,KG
05004137,Cesta Magio Tamanho 01,9990111008,Xarope de glucose,0.002317,KG
05004137,Cesta Magio Tamanho 01,9990111015,Polpa Maracujá,0.005157,KG
05004137,Cesta Magio Tamanho 01,0140106805,Açúcar refinado,0.008951,KG
05004137,Cesta Magio Tamanho 01,9990111020,Avelã,0.013427,KG
05004138,Língua de Onça Int Praliné Flowpack 11g,0020301006,Amêndoa de Cacau Seca Aprovada - Mocajub,0.004312,KG
05004138,Língua de Onça Int Praliné Flowpack 11g,0020302002,Amêndoa de Cacau Torrada - Mocajuba (PA),0.004312,KG
05004138,Língua de Onça Int Praliné Flowpack 11g,0020303003,Nibs de Cacau - Mocajuba (PA),0.00392,KG
05004138,Língua de Onça Int Praliné Flowpack 11g,0020304004,Liquor de Cacau - Mocajuba (PA),0.00392,KG
05004138,Língua de Onça Int Praliné Flowpack 11g,0140106004,Açúcar Demerara,0.002566,KG
05004138,Língua de Onça Int Praliné Flowpack 11g,9990107001,MANTEIGA DE CACAU desodorizada,0.00057,KG
05004138,Língua de Onça Int Praliné Flowpack 11g,9990111005,Lecitina de Soja,2.1e-05,LT
05004138,Língua de Onça Int Praliné Flowpack 11g,0050301007,Amêndoa de Cacau Seca Aprovada - Sakaguc,0.000142,KG
05004138,Língua de Onça Int Praliné Flowpack 11g,0050302011,AMÊNDOA DE CACAU TORRADA - SAKAGUCHI  12,0.000142,KG
05004138,Língua de Onça Int Praliné Flowpack 11g,0050303004,NIBS DE CACAU - SAKAGUCHI NT 120-35,0.000129,KG
05004138,Língua de Onça Int Praliné Flowpack 11g,0050304005,LIQUOR DE CACAU - SAKAGUCHI  NT24,0.000129,KG
05004138,Língua de Onça Int Praliné Flowpack 11g,0140106805,Açúcar refinado,0.000362,KG
05004138,Língua de Onça Int Praliné Flowpack 11g,03001001,Leite em Pó integral,0.000269,KG
05004138,Língua de Onça Int Praliné Flowpack 11g,9990107001,MANTEIGA DE CACAU desodorizada,0.000311,KG
05004138,Língua de Onça Int Praliné Flowpack 11g,9990111005,Lecitina de Soja,3e-06,LT
05004138,Língua de Onça Int Praliné Flowpack 11g,0020305008,Massa de Chocolate - Mocajuba Intenso,0.007128,KG
05004138,Língua de Onça Int Praliné Flowpack 11g,9990307008,Pomada de manteiga de cacau,7.2e-05,PC
05004138,Língua de Onça Int Praliné Flowpack 11g,9990311030,Praliné de Avelã colagem,0.0048,KG
05004138,Língua de Onça Int Praliné Flowpack 11g,0050305021,PP Língua de Onça intenso Praliné 11G,1,UN
05004138,Língua de Onça Int Praliné Flowpack 11g,0190213093,Flowpack LO Intenso c/ Praliné,1,PC
05004138,Língua de Onça Int Praliné Flowpack 11g,9990107001,MANTEIGA DE CACAU desodorizada,0.000122,KG
05004138,Língua de Onça Int Praliné Flowpack 11g,0050305006,MASSA DE CHOCOLATE -AO LEITE   NF24,0.001074,KG
05004138,Língua de Onça Int Praliné Flowpack 11g,9990107001,MANTEIGA DE CACAU desodorizada,0.000319,KG
05004138,Língua de Onça Int Praliné Flowpack 11g,9990307008,Pomada de manteiga de cacau,5e-05,PC
05004138,Língua de Onça Int Praliné Flowpack 11g,9990311043,Praliné de Avelã,0.003357,PC
05004138,Língua de Onça Int Praliné Flowpack 11g,0140106805,Açúcar refinado,0.001343,KG
05004138,Língua de Onça Int Praliné Flowpack 11g,9990111020,Avelã,0.002014,KG
05004139,Língua de Onça Leite Flowpack 11g,0050301007,Amêndoa de Cacau Seca Aprovada - Sakaguc,0.001438,KG
05004139,Língua de Onça Leite Flowpack 11g,0050302011,AMÊNDOA DE CACAU TORRADA - SAKAGUCHI  12,0.001438,KG
05004139,Língua de Onça Leite Flowpack 11g,0050303004,NIBS DE CACAU - SAKAGUCHI NT 120-35,0.001307,KG
05004139,Língua de Onça Leite Flowpack 11g,0050304005,LIQUOR DE CACAU - SAKAGUCHI  NT24,0.001307,KG
05004139,Língua de Onça Leite Flowpack 11g,0140106805,Açúcar refinado,0.00367,KG
05004139,Língua de Onça Leite Flowpack 11g,03001001,Leite em Pó integral,0.002723,KG
05004139,Língua de Onça Leite Flowpack 11g,9990107001,MANTEIGA DE CACAU desodorizada,0.003158,KG
05004139,Língua de Onça Leite Flowpack 11g,9990111005,Lecitina de Soja,3.3e-05,LT
05004139,Língua de Onça Leite Flowpack 11g,0050305006,MASSA DE CHOCOLATE -AO LEITE   NF24,0.01089,KG
05004139,Língua de Onça Leite Flowpack 11g,9990307008,Pomada de manteiga de cacau,0.00011,PC
05004139,Língua de Onça Leite Flowpack 11g,0050305014,PP LÍNGUA DE ONÇA 11G AO LEITE,1,PC
05004139,Língua de Onça Leite Flowpack 11g,0190213090,Flowpack LO Leite,1,PC
05004139,Língua de Onça Leite Flowpack 11g,9990107001,MANTEIGA DE CACAU desodorizada,0.00011,KG
05004140,Língua de Onça Intenso Flowpack 11g,0020301006,Amêndoa de Cacau Seca Aprovada - Mocajub,0.006589,KG
05004140,Língua de Onça Intenso Flowpack 11g,0020302002,Amêndoa de Cacau Torrada - Mocajuba (PA),0.006589,KG
05004140,Língua de Onça Intenso Flowpack 11g,0020303003,Nibs de Cacau - Mocajuba (PA),0.00599,KG
05004140,Língua de Onça Intenso Flowpack 11g,0020304004,Liquor de Cacau - Mocajuba (PA),0.00599,KG
05004140,Língua de Onça Intenso Flowpack 11g,0140106004,Açúcar Demerara,0.00392,KG
05004140,Língua de Onça Intenso Flowpack 11g,9990107001,MANTEIGA DE CACAU desodorizada,0.000871,KG
05004140,Língua de Onça Intenso Flowpack 11g,9990111005,Lecitina de Soja,3.3e-05,LT
05004140,Língua de Onça Intenso Flowpack 11g,0020305008,Massa de Chocolate - Mocajuba Intenso,0.01089,KG
05004140,Língua de Onça Intenso Flowpack 11g,9990307008,Pomada de manteiga de cacau,0.00011,PC
05004140,Língua de Onça Intenso Flowpack 11g,0050305017,PP LÍNGUA DE ONÇA 11G INTENSO,1,PC
05004140,Língua de Onça Intenso Flowpack 11g,0190213092,Flowpack LO Intenso,1,PC
05004140,Língua de Onça Intenso Flowpack 11g,9990107001,MANTEIGA DE CACAU desodorizada,0.00011,KG
05004141,Língua de Onça Cupulate Flowpack 11g,0210101001,Amêndoa de Cupuaçu - Sakaguchi (PA),0.006534,KG
05004141,Língua de Onça Cupulate Flowpack 11g,0210303001,Nibs de Cupuaçu - Sakaguchi,0.00594,KG
05004141,Língua de Onça Cupulate Flowpack 11g,02104013,Sakaguchi Cupulate 50g,0.22,UN
05004141,Língua de Onça Cupulate Flowpack 11g,0050302010,Amêndoa de Cupuaçu Torrada - SAKAGUCHI,0.006534,KG
05004141,Língua de Onça Cupulate Flowpack 11g,0050303010,LIQUOR DE CUPUAÇU -SAKAGUCHI,0.00594,KG
05004141,Língua de Onça Cupulate Flowpack 11g,0140106004,Açúcar Demerara,0.00187,KG
05004141,Língua de Onça Cupulate Flowpack 11g,9990107001,MANTEIGA DE CACAU desodorizada,0.00319,KG
05004141,Língua de Onça Cupulate Flowpack 11g,0190213030,Embalagem - Barra de Cupulate - Sakaguch,0.22,UN
05004141,Língua de Onça Cupulate Flowpack 11g,0190214016,Cartão Surpresa - Prima Stampa,0.22,UN
05004141,Língua de Onça Cupulate Flowpack 11g,0200216011,"Papel Chumbo - Cromus - 43,5cm x 59cm",0.0352,UN
05004141,Língua de Onça Cupulate Flowpack 11g,0210305004,Massa  de Cupuaçu - Sakaguchi,0.011,KG
05004141,Língua de Onça Cupulate Flowpack 11g,9970212003,ETIQ ADESIVA | PAPEL COUCHE A20-C | 30X3,0.22,UN
05004141,Língua de Onça Cupulate Flowpack 11g,9970212004,ETIQ PIMACO A4348 LASER 100F 9600UND,0.22,UN
05004141,Língua de Onça Cupulate Flowpack 11g,9990712002,ETIQUETA PARA QR CODE 40x40mm,0.22,UN
05004141,Língua de Onça Cupulate Flowpack 11g,0050305019,PP LÍNGUA DE ONÇA CUPUAÇU 11G,1,PC
05004141,Língua de Onça Cupulate Flowpack 11g,0190213094,Flowpack LO Cupulate,1,PC
05004142,Barra ES Chocolate Lt Maracujá 29g,0050301007,Amêndoa de Cacau Seca Aprovada - Sakaguc,0.000893,KG
05004142,Barra ES Chocolate Lt Maracujá 29g,0050302011,AMÊNDOA DE CACAU TORRADA - SAKAGUCHI  12,0.000893,KG
05004142,Barra ES Chocolate Lt Maracujá 29g,0050303004,NIBS DE CACAU - SAKAGUCHI NT 120-35,0.000812,KG
05004142,Barra ES Chocolate Lt Maracujá 29g,0050304005,LIQUOR DE CACAU - SAKAGUCHI  NT24,0.001149,KG
05004142,Barra ES Chocolate Lt Maracujá 29g,0140106805,Açúcar refinado,0.003229,KG
05004142,Barra ES Chocolate Lt Maracujá 29g,03001001,Leite em Pó integral,0.002395,KG
05004142,Barra ES Chocolate Lt Maracujá 29g,9990107001,MANTEIGA DE CACAU desodorizada,0.002778,KG
05004142,Barra ES Chocolate Lt Maracujá 29g,9990111005,Lecitina de Soja,2.8e-05,LT
05004142,Barra ES Chocolate Lt Maracujá 29g,0050305006,MASSA DE CHOCOLATE -AO LEITE   NF24,0.006769,KG
05004142,Barra ES Chocolate Lt Maracujá 29g,9990311030,Praliné de Avelã colagem,0.012566,KG
05004142,Barra ES Chocolate Lt Maracujá 29g,9990311038,Recheio Caramelo Maracujá,0.009666,KG
05004142,Barra ES Chocolate Lt Maracujá 29g,0050305032,Barra Recheada Maracujá 29g,1,PC
05004142,Barra ES Chocolate Lt Maracujá 29g,0190213101,Flowpack ES Chocolate Lt Maracujá 29g,1,PC
05004142,Barra ES Chocolate Lt Maracujá 29g,9990107001,MANTEIGA DE CACAU desodorizada,0.000132,KG
05004142,Barra ES Chocolate Lt Maracujá 29g,0050305006,MASSA DE CHOCOLATE -AO LEITE   NF24,0.002812,KG
05004142,Barra ES Chocolate Lt Maracujá 29g,9990107001,MANTEIGA DE CACAU desodorizada,0.000834,KG
05004142,Barra ES Chocolate Lt Maracujá 29g,9990307008,Pomada de manteiga de cacau,0.000132,PC
05004142,Barra ES Chocolate Lt Maracujá 29g,9990311043,Praliné de Avelã,0.008787,PC
05004142,Barra ES Chocolate Lt Maracujá 29g,0140106805,Açúcar refinado,0.002812,KG
05004142,Barra ES Chocolate Lt Maracujá 29g,9990111000,Agua Mineral sem gás,0.00086,LT
05004142,Barra ES Chocolate Lt Maracujá 29g,9990111004,Baunilha em Fava,6e-06,KG
05004142,Barra ES Chocolate Lt Maracujá 29g,9990111005,Lecitina de Soja,3.7e-05,LT
05004142,Barra ES Chocolate Lt Maracujá 29g,9990111006,Manteiga de Leite,0.000751,KG
05004142,Barra ES Chocolate Lt Maracujá 29g,9990111008,Xarope de glucose,0.001612,KG
05004142,Barra ES Chocolate Lt Maracujá 29g,9990111015,Polpa Maracujá,0.003588,KG
05004142,Barra ES Chocolate Lt Maracujá 29g,0140106805,Açúcar refinado,0.003515,KG
05004142,Barra ES Chocolate Lt Maracujá 29g,9990111020,Avelã,0.005272,KG
05004143,Barra ES Chocolate Lt Pistache 29g,0050301007,Amêndoa de Cacau Seca Aprovada - Sakaguc,0.001531,KG
05004143,Barra ES Chocolate Lt Pistache 29g,0050302011,AMÊNDOA DE CACAU TORRADA - SAKAGUCHI  12,0.001531,KG
05004143,Barra ES Chocolate Lt Pistache 29g,0050303004,NIBS DE CACAU - SAKAGUCHI NT 120-35,0.001392,KG
05004143,Barra ES Chocolate Lt Pistache 29g,0050304005,LIQUOR DE CACAU - SAKAGUCHI  NT24,0.001859,KG
05004143,Barra ES Chocolate Lt Pistache 29g,0140106805,Açúcar refinado,0.005221,KG
05004143,Barra ES Chocolate Lt Pistache 29g,03001001,Leite em Pó integral,0.003874,KG
05004143,Barra ES Chocolate Lt Pistache 29g,9990107001,MANTEIGA DE CACAU desodorizada,0.004493,KG
05004143,Barra ES Chocolate Lt Pistache 29g,9990111005,Lecitina de Soja,4.7e-05,LT
05004143,Barra ES Chocolate Lt Pistache 29g,0050305006,MASSA DE CHOCOLATE -AO LEITE   NF24,0.0116,KG
05004143,Barra ES Chocolate Lt Pistache 29g,9990311031,Praliné Pistache colagem,0.0174,KG
05004143,Barra ES Chocolate Lt Pistache 29g,0050305034,Barra Recheada Pistache 29g,1,PC
05004143,Barra ES Chocolate Lt Pistache 29g,0190213102,Flowpack ES Chocolate Lt Pistache 29g,1,PC
05004143,Barra ES Chocolate Lt Pistache 29g,9990107001,MANTEIGA DE CACAU desodorizada,0.000183,KG
05004143,Barra ES Chocolate Lt Pistache 29g,0140106805,Açúcar refinado,0.004749,KG
05004143,Barra ES Chocolate Lt Pistache 29g,03001001,Leite em Pó integral,0.000318,KG
05004143,Barra ES Chocolate Lt Pistache 29g,9990111010,Pistache,0.005681,KG
05004143,Barra ES Chocolate Lt Pistache 29g,9990111031,Amêndoa,0.00142,KG
05004143,Barra ES Chocolate Lt Pistache 29g,0050305006,MASSA DE CHOCOLATE -AO LEITE   NF24,0.003894,KG
05004143,Barra ES Chocolate Lt Pistache 29g,9990107001,MANTEIGA DE CACAU desodorizada,0.001155,KG
05004143,Barra ES Chocolate Lt Pistache 29g,9990307008,Pomada de manteiga de cacau,0.000183,PC
05004143,Barra ES Chocolate Lt Pistache 29g,9990311004,Praliné Pistache,0.012168,KG
05004144,Barra ES Chocolate Lt Cupuaçu 29g,0050305033,Barra Recheada Cupuaçu 29g,1,PC
05004144,Barra ES Chocolate Lt Cupuaçu 29g,0190213103,Flowpack ES Chocolate Lt Cupuaçu 29g,1,PC
05004146,"Panettone com gotas de chocolate 600g
",0050305029,Chocotone 550g,1,PC
05004146,"Panettone com gotas de chocolate 600g
",0190213111,Caixa Panettone com gotas de chocolate,1,UN
05004146,"Panettone com gotas de chocolate 600g
",019021424,CARTÃO QR,1,UN
05004146,"Panettone com gotas de chocolate 600g
",9990712045,Etiqueta Lacre 2 - Adesivo transparente,1,PC
05004147,Caixa de Bombons P (4 bombons),0190213115,Caixa natal 4 bombons,1,PC
05004148,Caixa de Bombons M (14 bombons),0020301006,Amêndoa de Cacau Seca Aprovada - Mocajub,0.002451,KG
05004148,Caixa de Bombons M (14 bombons),0020302002,Amêndoa de Cacau Torrada - Mocajuba (PA),0.002451,KG
05004148,Caixa de Bombons M (14 bombons),0020303003,Nibs de Cacau - Mocajuba (PA),0.002228,KG
05004148,Caixa de Bombons M (14 bombons),0020304004,Liquor de Cacau - Mocajuba (PA),0.014092,KG
05004148,Caixa de Bombons M (14 bombons),0140106004,Açúcar Demerara,0.009223,KG
05004148,Caixa de Bombons M (14 bombons),9990107001,MANTEIGA DE CACAU desodorizada,0.002049,KG
05004148,Caixa de Bombons M (14 bombons),9990111005,Lecitina de Soja,7.7e-05,LT
05004148,Caixa de Bombons M (14 bombons),0050301007,Amêndoa de Cacau Seca Aprovada - Sakaguc,0.001957,KG
05004148,Caixa de Bombons M (14 bombons),0050302011,AMÊNDOA DE CACAU TORRADA - SAKAGUCHI  12,0.001957,KG
05004148,Caixa de Bombons M (14 bombons),0050303004,NIBS DE CACAU - SAKAGUCHI NT 120-35,0.001779,KG
05004148,Caixa de Bombons M (14 bombons),0050304005,LIQUOR DE CACAU - SAKAGUCHI  NT24,0.008361,KG
05004148,Caixa de Bombons M (14 bombons),0140106805,Açúcar refinado,0.023481,KG
05004148,Caixa de Bombons M (14 bombons),03001001,Leite em Pó integral,0.01742,KG
05004148,Caixa de Bombons M (14 bombons),9990107001,MANTEIGA DE CACAU desodorizada,0.020205,KG
05004148,Caixa de Bombons M (14 bombons),9990111005,Lecitina de Soja,0.000208,LT
05004148,Caixa de Bombons M (14 bombons),0050305006,MASSA DE CHOCOLATE -AO LEITE   NF24,0.00236,KG
05004148,Caixa de Bombons M (14 bombons),9990111042,Xerem de Castanha de Caju,0.00132,KG
05004148,Caixa de Bombons M (14 bombons),9990311040,Colagem praliné para lua cheia,0.01632,PC
05004148,Caixa de Bombons M (14 bombons),0190213116,Fundo Caixa 14 bombons,1,PC
05004148,Caixa de Bombons M (14 bombons),0190213124,Forminha para Bombons Caixas,14,PC
05004148,Caixa de Bombons M (14 bombons),0190213130,Berço Base Caixa 14 Bombons,1,PC
05004148,Caixa de Bombons M (14 bombons),0190213133,Berço interno caixa 14 bombons,2,PC
05004148,Caixa de Bombons M (14 bombons),0190213134,Folder das Caixas de 14 Bombons,1,PC
05004148,Caixa de Bombons M (14 bombons),01902131562,Candy Pad branco caixa 14,1,PC
05004148,Caixa de Bombons M (14 bombons),0190213172,Tampa Caixa 14 bombons,1,PC
05004148,Caixa de Bombons M (14 bombons),019021424,CARTÃO QR,1,UN
05004148,Caixa de Bombons M (14 bombons),05104109,Bombom NM Mini Lua Cheia ao Leite 10g,2,PC
05004148,Caixa de Bombons M (14 bombons),05104110,Bombom NM Choc Lt Praliné de Avelã 9g,1,PC
05004148,Caixa de Bombons M (14 bombons),05104111,Bombom NM Choc Int Praliné de Avelã 9g,1,PC
05004148,Caixa de Bombons M (14 bombons),05104112,Bombom NM Choc Int Ganache Int 11g,1,PC
05004148,Caixa de Bombons M (14 bombons),05104113,Bombom NM Chocolate ao Leite 11g,1,PC
05004148,Caixa de Bombons M (14 bombons),05104114,Bombom NM Chocolate Leite Pistache 10g,1,PC
05004148,Caixa de Bombons M (14 bombons),05104115,Bombom NM Choc Lt  Doce de Cupuaçu 10g,2,PC
05004148,Caixa de Bombons M (14 bombons),05104116,Bombom NM Chocolate Intenso Taperebá 10g,2,PC
05004148,Caixa de Bombons M (14 bombons),05104117,Bombom NM Chocolate LT Maracujá 9g,2,PC
05004148,Caixa de Bombons M (14 bombons),05104118,Bombom NM Choc Lt Castanha do Pará 8g,1,PC
05004148,Caixa de Bombons M (14 bombons),0050305026,Mini Lua Cheia Ao Leite 10g,2,UN
05004148,Caixa de Bombons M (14 bombons),0050305006,MASSA DE CHOCOLATE -AO LEITE   NF24,0.00405,KG
05004148,Caixa de Bombons M (14 bombons),9990311030,Praliné de Avelã colagem,0.00495,KG
05004148,Caixa de Bombons M (14 bombons),0020305008,Massa de Chocolate - Mocajuba Intenso,0.00405,KG
05004148,Caixa de Bombons M (14 bombons),9990311030,Praliné de Avelã colagem,0.00495,KG
05004148,Caixa de Bombons M (14 bombons),0020305008,Massa de Chocolate - Mocajuba Intenso,0.00495,KG
05004148,Caixa de Bombons M (14 bombons),9990311025,Ganache Chocolate intenso,0.00605,KG
05004148,Caixa de Bombons M (14 bombons),0050305006,MASSA DE CHOCOLATE -AO LEITE   NF24,0.011,KG
05004148,Caixa de Bombons M (14 bombons),0050305006,MASSA DE CHOCOLATE -AO LEITE   NF24,0.0045,KG
05004148,Caixa de Bombons M (14 bombons),9990311031,Praliné Pistache colagem,0.0055,KG
05004148,Caixa de Bombons M (14 bombons),0050305006,MASSA DE CHOCOLATE -AO LEITE   NF24,0.009,KG
05004148,Caixa de Bombons M (14 bombons),9990311042,Recheio Doce de Cupuaçu,0.011,KG
05004148,Caixa de Bombons M (14 bombons),0020305008,Massa de Chocolate - Mocajuba Intenso,0.009,KG
05004148,Caixa de Bombons M (14 bombons),9990311013,Ganache de Taperebá,0.011,KG
05004148,Caixa de Bombons M (14 bombons),0050305006,MASSA DE CHOCOLATE -AO LEITE   NF24,0.0081,KG
05004148,Caixa de Bombons M (14 bombons),9990311041,Ganache maracujá,0.0099,PC
05004148,Caixa de Bombons M (14 bombons),0050305006,MASSA DE CHOCOLATE -AO LEITE   NF24,0.007272,KG
05004148,Caixa de Bombons M (14 bombons),9990111056,Castanha do Pará,0.000728,KG
05004148,Caixa de Bombons M (14 bombons),9990107001,MANTEIGA DE CACAU desodorizada,0.000272,KG
05004148,Caixa de Bombons M (14 bombons),0140106805,Açúcar refinado,0.001501,KG
05004148,Caixa de Bombons M (14 bombons),03001001,Leite em Pó integral,0.0001,KG
05004148,Caixa de Bombons M (14 bombons),9990111010,Pistache,0.001796,KG
05004148,Caixa de Bombons M (14 bombons),9990111031,Amêndoa,0.000449,KG
05004148,Caixa de Bombons M (14 bombons),0050305006,MASSA DE CHOCOLATE -AO LEITE   NF24,0.004782,KG
05004148,Caixa de Bombons M (14 bombons),9990107001,MANTEIGA DE CACAU desodorizada,0.000141,KG
05004148,Caixa de Bombons M (14 bombons),9990111006,Manteiga de Leite,0.000505,KG
05004148,Caixa de Bombons M (14 bombons),9990111008,Xarope de glucose,0.000182,KG
05004148,Caixa de Bombons M (14 bombons),9990111021,DEXTROSE,0.00012,KG
05004148,Caixa de Bombons M (14 bombons),9990111023,Sorbitol em Pó,0.000394,KG
05004148,Caixa de Bombons M (14 bombons),9990111053,MALTODEXTRINA DE10 1910,9.3e-05,KG
05004148,Caixa de Bombons M (14 bombons),9990111054,Sorbato de Potássio Granulado,1.2e-05,KG
05004148,Caixa de Bombons M (14 bombons),9990111058,Tapereba Liofilizado,0.000807,KG
05004148,Caixa de Bombons M (14 bombons),9990315027,Polpa de Tapereba Reduzida,0.003975,PC
05004148,Caixa de Bombons M (14 bombons),0020305008,Massa de Chocolate - Mocajuba Intenso,0.003538,KG
05004148,Caixa de Bombons M (14 bombons),0140106804,Açúcar invertido,0.000329,KG
05004148,Caixa de Bombons M (14 bombons),9990107001,MANTEIGA DE CACAU desodorizada,5.9e-05,KG
05004148,Caixa de Bombons M (14 bombons),9990111003,Creme de Leite UHT 25%,0.001494,KG
05004148,Caixa de Bombons M (14 bombons),9990111006,Manteiga de Leite,0.000275,KG
05004148,Caixa de Bombons M (14 bombons),9990111023,Sorbitol em Pó,0.000354,KG
05004148,Caixa de Bombons M (14 bombons),0050305006,MASSA DE CHOCOLATE -AO LEITE   NF24,0.002216,KG
05004148,Caixa de Bombons M (14 bombons),9990107001,MANTEIGA DE CACAU desodorizada,0.000658,KG
05004148,Caixa de Bombons M (14 bombons),9990307008,Pomada de manteiga de cacau,0.000104,PC
05004148,Caixa de Bombons M (14 bombons),9990311043,Praliné de Avelã,0.006924,PC
05004148,Caixa de Bombons M (14 bombons),0050305006,MASSA DE CHOCOLATE -AO LEITE   NF24,0.001231,KG
05004148,Caixa de Bombons M (14 bombons),9990107001,MANTEIGA DE CACAU desodorizada,0.000365,KG
05004148,Caixa de Bombons M (14 bombons),9990307008,Pomada de manteiga de cacau,5.8e-05,PC
05004148,Caixa de Bombons M (14 bombons),9990311004,Praliné Pistache,0.003846,KG
05004148,Caixa de Bombons M (14 bombons),0050305006,MASSA DE CHOCOLATE -AO LEITE   NF24,0.010778,KG
05004148,Caixa de Bombons M (14 bombons),9990107001,MANTEIGA DE CACAU desodorizada,0.000905,KG
05004148,Caixa de Bombons M (14 bombons),9990307008,Pomada de manteiga de cacau,0.000162,PC
05004148,Caixa de Bombons M (14 bombons),9990311043,Praliné de Avelã,0.004476,PC
05004148,Caixa de Bombons M (14 bombons),0020305008,Massa de Chocolate - Mocajuba Intenso,0.004081,KG
05004148,Caixa de Bombons M (14 bombons),0050305006,MASSA DE CHOCOLATE -AO LEITE   NF24,0.000453,KG
05004148,Caixa de Bombons M (14 bombons),878,Maracujá liofilizado,0.000119,KG
05004148,Caixa de Bombons M (14 bombons),9990107001,MANTEIGA DE CACAU desodorizada,7.5e-05,KG
05004148,Caixa de Bombons M (14 bombons),9990111006,Manteiga de Leite,0.000677,KG
05004148,Caixa de Bombons M (14 bombons),9990111008,Xarope de glucose,0.000832,KG
05004148,Caixa de Bombons M (14 bombons),9990111021,DEXTROSE,0.001133,KG
05004148,Caixa de Bombons M (14 bombons),9990111023,Sorbitol em Pó,0.000907,KG
05004148,Caixa de Bombons M (14 bombons),9990315025,Polpa de Maracujá Reduzida,0.001734,KG
05004148,Caixa de Bombons M (14 bombons),0050305006,MASSA DE CHOCOLATE -AO LEITE   NF24,0.005038,KG
05004148,Caixa de Bombons M (14 bombons),9990107001,MANTEIGA DE CACAU desodorizada,8.4e-05,KG
05004148,Caixa de Bombons M (14 bombons),9990111006,Manteiga de Leite,0.000752,KG
05004148,Caixa de Bombons M (14 bombons),9990111008,Xarope de glucose,0.000924,KG
05004148,Caixa de Bombons M (14 bombons),9990111021,DEXTROSE,0.001258,KG
05004148,Caixa de Bombons M (14 bombons),9990111023,Sorbitol em Pó,0.001008,KG
05004148,Caixa de Bombons M (14 bombons),9990111059,Cupuaçu Liofilizado,0.00044,KG
05004148,Caixa de Bombons M (14 bombons),9990315026,Polpa de Cupuaçu Reduzida,0.001927,PC
05004148,Caixa de Bombons M (14 bombons),0140106805,Açúcar refinado,0.00456,KG
05004148,Caixa de Bombons M (14 bombons),9990111020,Avelã,0.00684,KG
05004148,Caixa de Bombons M (14 bombons),0140106805,Açúcar refinado,0.000243,KG
05004148,Caixa de Bombons M (14 bombons),9990111015,Polpa Maracujá,0.001734,KG
05004148,Caixa de Bombons M (14 bombons),0140106805,Açúcar refinado,0.00027,KG
05004148,Caixa de Bombons M (14 bombons),9990111013,Polpa Cupuaçu,0.001927,KG
05004148,Caixa de Bombons M (14 bombons),0140106805,Açúcar refinado,0.000557,KG
05004148,Caixa de Bombons M (14 bombons),9990111055,Polpa Caja/Tapereba,0.003975,KG
05004149,Caixa de Bombons G (30 bombons),0020301006,Amêndoa de Cacau Seca Aprovada - Mocajub,0.004901,KG
05004149,Caixa de Bombons G (30 bombons),0020302002,Amêndoa de Cacau Torrada - Mocajuba (PA),0.004901,KG
05004149,Caixa de Bombons G (30 bombons),0020303003,Nibs de Cacau - Mocajuba (PA),0.004455,KG
05004149,Caixa de Bombons G (30 bombons),0020304004,Liquor de Cacau - Mocajuba (PA),0.028181,KG
05004149,Caixa de Bombons G (30 bombons),0140106004,Açúcar Demerara,0.018446,KG
05004149,Caixa de Bombons G (30 bombons),9990107001,MANTEIGA DE CACAU desodorizada,0.004099,KG
05004149,Caixa de Bombons G (30 bombons),9990111005,Lecitina de Soja,0.000153,LT
05004149,Caixa de Bombons G (30 bombons),0050301007,Amêndoa de Cacau Seca Aprovada - Sakaguc,0.003915,KG
05004149,Caixa de Bombons G (30 bombons),0050302011,AMÊNDOA DE CACAU TORRADA - SAKAGUCHI  12,0.003915,KG
05004149,Caixa de Bombons G (30 bombons),0050303004,NIBS DE CACAU - SAKAGUCHI NT 120-35,0.003559,KG
05004149,Caixa de Bombons G (30 bombons),0050304005,LIQUOR DE CACAU - SAKAGUCHI  NT24,0.018467,KG
05004149,Caixa de Bombons G (30 bombons),0140106805,Açúcar refinado,0.051862,KG
05004149,Caixa de Bombons G (30 bombons),03001001,Leite em Pó integral,0.038473,KG
05004149,Caixa de Bombons G (30 bombons),9990107001,MANTEIGA DE CACAU desodorizada,0.044628,KG
05004149,Caixa de Bombons G (30 bombons),9990111005,Lecitina de Soja,0.000462,LT
05004149,Caixa de Bombons G (30 bombons),0050305006,MASSA DE CHOCOLATE -AO LEITE   NF24,0.00472,KG
05004149,Caixa de Bombons G (30 bombons),9990111042,Xerem de Castanha de Caju,0.00264,KG
05004149,Caixa de Bombons G (30 bombons),9990311040,Colagem praliné para lua cheia,0.03264,PC
05004149,Caixa de Bombons G (30 bombons),0190213117,Caixa 30 bombons,1,PC
05004149,Caixa de Bombons G (30 bombons),0190213124,Forminha para Bombons Caixas,30,PC
05004149,Caixa de Bombons G (30 bombons),0190213125,Tampa Caixa 30 bombons,1,PC
05004149,Caixa de Bombons G (30 bombons),0190213135,Folder das Caixas de 30 Bombons,1,PC
05004149,Caixa de Bombons G (30 bombons),01902131561,Candy Pad branco caixa 30,1,PC
05004149,Caixa de Bombons G (30 bombons),019021424,CARTÃO QR,1,UN
05004149,Caixa de Bombons G (30 bombons),05104109,Bombom NM Mini Lua Cheia ao Leite 10g,4,PC
05004149,Caixa de Bombons G (30 bombons),05104110,Bombom NM Choc Lt Praliné de Avelã 9g,2,PC
05004149,Caixa de Bombons G (30 bombons),05104111,Bombom NM Choc Int Praliné de Avelã 9g,2,PC
05004149,Caixa de Bombons G (30 bombons),05104112,Bombom NM Choc Int Ganache Int 11g,2,PC
05004149,Caixa de Bombons G (30 bombons),05104113,Bombom NM Chocolate ao Leite 11g,2,PC
05004149,Caixa de Bombons G (30 bombons),05104114,Bombom NM Chocolate Leite Pistache 10g,2,PC
05004149,Caixa de Bombons G (30 bombons),05104115,Bombom NM Choc Lt  Doce de Cupuaçu 10g,4,PC
05004149,Caixa de Bombons G (30 bombons),05104116,Bombom NM Chocolate Intenso Taperebá 10g,4,PC
05004149,Caixa de Bombons G (30 bombons),05104117,Bombom NM Chocolate LT Maracujá 9g,4,PC
05004149,Caixa de Bombons G (30 bombons),05104118,Bombom NM Choc Lt Castanha do Pará 8g,4,PC
05004149,Caixa de Bombons G (30 bombons),0050305026,Mini Lua Cheia Ao Leite 10g,4,UN
05004149,Caixa de Bombons G (30 bombons),0050305006,MASSA DE CHOCOLATE -AO LEITE   NF24,0.0081,KG
05004149,Caixa de Bombons G (30 bombons),9990311030,Praliné de Avelã colagem,0.0099,KG
05004149,Caixa de Bombons G (30 bombons),0020305008,Massa de Chocolate - Mocajuba Intenso,0.0081,KG
05004149,Caixa de Bombons G (30 bombons),9990311030,Praliné de Avelã colagem,0.0099,KG
05004149,Caixa de Bombons G (30 bombons),0020305008,Massa de Chocolate - Mocajuba Intenso,0.0099,KG
05004149,Caixa de Bombons G (30 bombons),9990311025,Ganache Chocolate intenso,0.0121,KG
05004149,Caixa de Bombons G (30 bombons),0050305006,MASSA DE CHOCOLATE -AO LEITE   NF24,0.022,KG
05004149,Caixa de Bombons G (30 bombons),0050305006,MASSA DE CHOCOLATE -AO LEITE   NF24,0.009,KG
05004149,Caixa de Bombons G (30 bombons),9990311031,Praliné Pistache colagem,0.011,KG
05004149,Caixa de Bombons G (30 bombons),0050305006,MASSA DE CHOCOLATE -AO LEITE   NF24,0.018,KG
05004149,Caixa de Bombons G (30 bombons),9990311042,Recheio Doce de Cupuaçu,0.022,KG
05004149,Caixa de Bombons G (30 bombons),0020305008,Massa de Chocolate - Mocajuba Intenso,0.018,KG
05004149,Caixa de Bombons G (30 bombons),9990311013,Ganache de Taperebá,0.022,KG
05004149,Caixa de Bombons G (30 bombons),0050305006,MASSA DE CHOCOLATE -AO LEITE   NF24,0.0162,KG
05004149,Caixa de Bombons G (30 bombons),9990311041,Ganache maracujá,0.0198,PC
05004149,Caixa de Bombons G (30 bombons),0050305006,MASSA DE CHOCOLATE -AO LEITE   NF24,0.029088,KG
05004149,Caixa de Bombons G (30 bombons),9990111056,Castanha do Pará,0.002912,KG
05004149,Caixa de Bombons G (30 bombons),9990107001,MANTEIGA DE CACAU desodorizada,0.000543,KG
05004149,Caixa de Bombons G (30 bombons),0140106805,Açúcar refinado,0.003002,KG
05004149,Caixa de Bombons G (30 bombons),03001001,Leite em Pó integral,0.000201,KG
05004149,Caixa de Bombons G (30 bombons),9990111010,Pistache,0.003591,KG
05004149,Caixa de Bombons G (30 bombons),9990111031,Amêndoa,0.000898,KG
05004149,Caixa de Bombons G (30 bombons),0050305006,MASSA DE CHOCOLATE -AO LEITE   NF24,0.009563,KG
05004149,Caixa de Bombons G (30 bombons),9990107001,MANTEIGA DE CACAU desodorizada,0.000282,KG
05004149,Caixa de Bombons G (30 bombons),9990111006,Manteiga de Leite,0.00101,KG
05004149,Caixa de Bombons G (30 bombons),9990111008,Xarope de glucose,0.000363,KG
05004149,Caixa de Bombons G (30 bombons),9990111021,DEXTROSE,0.00024,KG
05004149,Caixa de Bombons G (30 bombons),9990111023,Sorbitol em Pó,0.000788,KG
05004149,Caixa de Bombons G (30 bombons),9990111053,MALTODEXTRINA DE10 1910,0.000186,KG
05004149,Caixa de Bombons G (30 bombons),9990111054,Sorbato de Potássio Granulado,2.4e-05,KG
05004149,Caixa de Bombons G (30 bombons),9990111058,Tapereba Liofilizado,0.001614,KG
05004149,Caixa de Bombons G (30 bombons),9990315027,Polpa de Tapereba Reduzida,0.007949,PC
05004149,Caixa de Bombons G (30 bombons),0020305008,Massa de Chocolate - Mocajuba Intenso,0.007077,KG
05004149,Caixa de Bombons G (30 bombons),0140106804,Açúcar invertido,0.000659,KG
05004149,Caixa de Bombons G (30 bombons),9990107001,MANTEIGA DE CACAU desodorizada,0.000118,KG
05004149,Caixa de Bombons G (30 bombons),9990111003,Creme de Leite UHT 25%,0.002988,KG
05004149,Caixa de Bombons G (30 bombons),9990111006,Manteiga de Leite,0.00055,KG
05004149,Caixa de Bombons G (30 bombons),9990111023,Sorbitol em Pó,0.000708,KG
05004149,Caixa de Bombons G (30 bombons),0050305006,MASSA DE CHOCOLATE -AO LEITE   NF24,0.004432,KG
05004149,Caixa de Bombons G (30 bombons),9990107001,MANTEIGA DE CACAU desodorizada,0.001314,KG
05004149,Caixa de Bombons G (30 bombons),9990307008,Pomada de manteiga de cacau,0.000208,PC
05004149,Caixa de Bombons G (30 bombons),9990311043,Praliné de Avelã,0.013846,PC
05004149,Caixa de Bombons G (30 bombons),0050305006,MASSA DE CHOCOLATE -AO LEITE   NF24,0.002462,KG
05004149,Caixa de Bombons G (30 bombons),9990107001,MANTEIGA DE CACAU desodorizada,0.00073,KG
05004149,Caixa de Bombons G (30 bombons),9990307008,Pomada de manteiga de cacau,0.000116,PC
05004149,Caixa de Bombons G (30 bombons),9990311004,Praliné Pistache,0.007692,KG
05004149,Caixa de Bombons G (30 bombons),0050305006,MASSA DE CHOCOLATE -AO LEITE   NF24,0.021555,KG
05004149,Caixa de Bombons G (30 bombons),9990107001,MANTEIGA DE CACAU desodorizada,0.00181,KG
05004149,Caixa de Bombons G (30 bombons),9990307008,Pomada de manteiga de cacau,0.000323,PC
05004149,Caixa de Bombons G (30 bombons),9990311043,Praliné de Avelã,0.008952,PC
05004149,Caixa de Bombons G (30 bombons),0020305008,Massa de Chocolate - Mocajuba Intenso,0.008162,KG
05004149,Caixa de Bombons G (30 bombons),0050305006,MASSA DE CHOCOLATE -AO LEITE   NF24,0.000907,KG
05004149,Caixa de Bombons G (30 bombons),878,Maracujá liofilizado,0.000238,KG
05004149,Caixa de Bombons G (30 bombons),9990107001,MANTEIGA DE CACAU desodorizada,0.00015,KG
05004149,Caixa de Bombons G (30 bombons),9990111006,Manteiga de Leite,0.001354,KG
05004149,Caixa de Bombons G (30 bombons),9990111008,Xarope de glucose,0.001663,KG
05004149,Caixa de Bombons G (30 bombons),9990111021,DEXTROSE,0.002265,KG
05004149,Caixa de Bombons G (30 bombons),9990111023,Sorbitol em Pó,0.001814,KG
05004149,Caixa de Bombons G (30 bombons),9990315025,Polpa de Maracujá Reduzida,0.003469,KG
05004149,Caixa de Bombons G (30 bombons),0050305006,MASSA DE CHOCOLATE -AO LEITE   NF24,0.010076,KG
05004149,Caixa de Bombons G (30 bombons),9990107001,MANTEIGA DE CACAU desodorizada,0.000167,KG
05004149,Caixa de Bombons G (30 bombons),9990111006,Manteiga de Leite,0.001505,KG
05004149,Caixa de Bombons G (30 bombons),9990111008,Xarope de glucose,0.001848,KG
05004149,Caixa de Bombons G (30 bombons),9990111021,DEXTROSE,0.002517,KG
05004149,Caixa de Bombons G (30 bombons),9990111023,Sorbitol em Pó,0.002015,KG
05004149,Caixa de Bombons G (30 bombons),9990111059,Cupuaçu Liofilizado,0.00088,KG
05004149,Caixa de Bombons G (30 bombons),9990315026,Polpa de Cupuaçu Reduzida,0.003854,PC
05004149,Caixa de Bombons G (30 bombons),0140106805,Açúcar refinado,0.009119,KG
05004149,Caixa de Bombons G (30 bombons),9990111020,Avelã,0.013679,KG
05004149,Caixa de Bombons G (30 bombons),0140106805,Açúcar refinado,0.000486,KG
05004149,Caixa de Bombons G (30 bombons),9990111015,Polpa Maracujá,0.003469,KG
05004149,Caixa de Bombons G (30 bombons),0140106805,Açúcar refinado,0.00054,KG
05004149,Caixa de Bombons G (30 bombons),9990111013,Polpa Cupuaçu,0.003854,KG
05004149,Caixa de Bombons G (30 bombons),0140106805,Açúcar refinado,0.001113,KG
05004149,Caixa de Bombons G (30 bombons),9990111055,Polpa Caja/Tapereba,0.007949,KG
05004150,Caixa para 4 bombons,01902120370,Embalagem caixa 4 bombons P,1,PC
05004150,Caixa para 4 bombons,01902120371,luva caixa 4 bombons P,1,PC
05004151,Caixa Simples SSAL 216g,0020301006,Amêndoa de Cacau Seca Aprovada - Mocajub,0.007006,KG
05004151,Caixa Simples SSAL 216g,0020302002,Amêndoa de Cacau Torrada - Mocajuba (PA),0.007006,KG
05004151,Caixa Simples SSAL 216g,0020303003,Nibs de Cacau - Mocajuba (PA),0.006369,KG
05004151,Caixa Simples SSAL 216g,0020304004,Liquor de Cacau - Mocajuba (PA),0.006369,KG
05004151,Caixa Simples SSAL 216g,0140106004,Açúcar Demerara,0.004169,KG
05004151,Caixa Simples SSAL 216g,9990107001,MANTEIGA DE CACAU desodorizada,0.000926,KG
05004151,Caixa Simples SSAL 216g,9990111005,Lecitina de Soja,3.5e-05,LT
05004151,Caixa Simples SSAL 216g,0050301007,Amêndoa de Cacau Seca Aprovada - Sakaguc,0.005103,KG
05004151,Caixa Simples SSAL 216g,0050302011,AMÊNDOA DE CACAU TORRADA - SAKAGUCHI  12,0.005103,KG
05004151,Caixa Simples SSAL 216g,0050303004,NIBS DE CACAU - SAKAGUCHI NT 120-35,0.004639,KG
05004151,Caixa Simples SSAL 216g,0050304005,LIQUOR DE CACAU - SAKAGUCHI  NT24,0.00638,KG
05004151,Caixa Simples SSAL 216g,0140106805,Açúcar refinado,0.017915,KG
05004151,Caixa Simples SSAL 216g,03001001,Leite em Pó integral,0.01329,KG
05004151,Caixa Simples SSAL 216g,9990107001,MANTEIGA DE CACAU desodorizada,0.015416,KG
05004151,Caixa Simples SSAL 216g,9990111005,Lecitina de Soja,0.000159,LT
05004151,Caixa Simples SSAL 216g,0070301006,Amêndoa de Cacau Seca Aprovada - Yanomam,0.013677,KG
05004151,Caixa Simples SSAL 216g,0070302002,Amêndoa de Cacau Torrada - Yanomami (RR),0.016172,KG
05004151,Caixa Simples SSAL 216g,0070303003,Nibs de Cacau - Yanomami (RR),0.019494,KG
05004151,Caixa Simples SSAL 216g,0140106004,Açúcar Demerara,0.012654,KG
05004151,Caixa Simples SSAL 216g,9990107001,MANTEIGA DE CACAU desodorizada,0.002052,KG
05004151,Caixa Simples SSAL 216g,0070303003,Nibs de Cacau - Yanomami (RR),0.004788,KG
05004151,Caixa Simples SSAL 216g,0140106004,Açúcar Demerara,0.011628,KG
05004151,Caixa Simples SSAL 216g,03001001,Leite em Pó integral,0.009576,KG
05004151,Caixa Simples SSAL 216g,9990107001,MANTEIGA DE CACAU desodorizada,0.008208,KG
05004151,Caixa Simples SSAL 216g,0050111003,Semente de Cumaru,0.000864,KG
05004151,Caixa Simples SSAL 216g,0140106004,Açúcar Demerara,0.009732,KG
05004151,Caixa Simples SSAL 216g,03001001,Leite em Pó integral,0.008093,KG
05004151,Caixa Simples SSAL 216g,9990107001,MANTEIGA DE CACAU desodorizada,0.010973,KG
05004151,Caixa Simples SSAL 216g,0190213131,Caixa SSAL SIMPLES,1,PC
05004151,Caixa Simples SSAL 216g,0190213132,Envelope SSAL,1,PC
05004151,Caixa Simples SSAL 216g,0190213138,Folder informação nutricional SSAL,1,PC
05004151,Caixa Simples SSAL 216g,0190213141,Foto A4 Paisagem Pico,1,PC
05004151,Caixa Simples SSAL 216g,0190213154,Candy Pad Caixa 7 camadas black,1,PC
05004151,Caixa Simples SSAL 216g,019021424,CARTÃO QR,1,UN
05004151,Caixa Simples SSAL 216g,05104097,Bombom SSAL Choc Lt praliné de avelã 9g,4,PC
05004151,Caixa Simples SSAL 216g,05104098,Bombom SSAL Choc Lt Doce Cupu 10 g,4,PC
05004151,Caixa Simples SSAL 216g,05104099,Bombom SSAL Choc Lt Castanha do Pará 8g,4,UN
05004151,Caixa Simples SSAL 216g,05104101,Bombom SSAL Choc Branco Nibs 8g,4,UN
05004151,Caixa Simples SSAL 216g,05104103,Bombom SSAL Choc Int Ganache Int 9g,4,UN
05004151,Caixa Simples SSAL 216g,05104104,Bombom SSAL Choc Int Taperebá 10g,4,UN
05004151,Caixa Simples SSAL 216g,945,Folder SSAL,1,PC
05004151,Caixa Simples SSAL 216g,9990712064,"ADESIVO SSAL- 3,5X5,5CM",2,PC
05004151,Caixa Simples SSAL 216g,9990712068,"ADESIVO SSAL - 1,1X4,5CM",4,PC
05004151,Caixa Simples SSAL 216g,0070305010,Massa de Chocolate - Yanomami Leite Test,0.0162,KG
05004151,Caixa Simples SSAL 216g,9990311030,Praliné de Avelã colagem,0.0198,KG
05004151,Caixa Simples SSAL 216g,0070305010,Massa de Chocolate - Yanomami Leite Test,0.018,KG
05004151,Caixa Simples SSAL 216g,9990311042,Recheio Doce de Cupuaçu,0.022,KG
05004151,Caixa Simples SSAL 216g,0050305006,MASSA DE CHOCOLATE -AO LEITE   NF24,0.029088,KG
05004151,Caixa Simples SSAL 216g,9990111056,Castanha do Pará,0.002912,KG
05004151,Caixa Simples SSAL 216g,0070303003,Nibs de Cacau - Yanomami (RR),0.0032,KG
05004151,Caixa Simples SSAL 216g,0500305002,Massa de Chocolate Branco - teste 2025,0.0288,KG
05004151,Caixa Simples SSAL 216g,0070305009,Massa de Chocolate - Yanomami Teste Inte,0.0162,KG
05004151,Caixa Simples SSAL 216g,9990311025,Ganache Chocolate intenso,0.0198,KG
05004151,Caixa Simples SSAL 216g,0070305009,Massa de Chocolate - Yanomami Teste Inte,0.018,KG
05004151,Caixa Simples SSAL 216g,9990311013,Ganache de Taperebá,0.022,KG
05004151,Caixa Simples SSAL 216g,9990107001,MANTEIGA DE CACAU desodorizada,0.000208,KG
05004151,Caixa Simples SSAL 216g,0050305006,MASSA DE CHOCOLATE -AO LEITE   NF24,0.009563,KG
05004151,Caixa Simples SSAL 216g,9990107001,MANTEIGA DE CACAU desodorizada,0.000282,KG
05004151,Caixa Simples SSAL 216g,9990111006,Manteiga de Leite,0.00101,KG
05004151,Caixa Simples SSAL 216g,9990111008,Xarope de glucose,0.000363,KG
05004151,Caixa Simples SSAL 216g,9990111021,DEXTROSE,0.00024,KG
05004151,Caixa Simples SSAL 216g,9990111023,Sorbitol em Pó,0.000788,KG
05004151,Caixa Simples SSAL 216g,9990111053,MALTODEXTRINA DE10 1910,0.000186,KG
05004151,Caixa Simples SSAL 216g,9990111054,Sorbato de Potássio Granulado,2.4e-05,KG
05004151,Caixa Simples SSAL 216g,9990111058,Tapereba Liofilizado,0.001614,KG
05004151,Caixa Simples SSAL 216g,9990315027,Polpa de Tapereba Reduzida,0.007949,PC
05004151,Caixa Simples SSAL 216g,0020305008,Massa de Chocolate - Mocajuba Intenso,0.01158,KG
05004151,Caixa Simples SSAL 216g,0140106804,Açúcar invertido,0.001078,KG
05004151,Caixa Simples SSAL 216g,9990107001,MANTEIGA DE CACAU desodorizada,0.000193,KG
05004151,Caixa Simples SSAL 216g,9990111003,Creme de Leite UHT 25%,0.00489,KG
05004151,Caixa Simples SSAL 216g,9990111006,Manteiga de Leite,0.000901,KG
05004151,Caixa Simples SSAL 216g,9990111023,Sorbitol em Pó,0.001158,KG
05004151,Caixa Simples SSAL 216g,0050305006,MASSA DE CHOCOLATE -AO LEITE   NF24,0.004431,KG
05004151,Caixa Simples SSAL 216g,9990107001,MANTEIGA DE CACAU desodorizada,0.001315,KG
05004151,Caixa Simples SSAL 216g,9990307008,Pomada de manteiga de cacau,0.000208,PC
05004151,Caixa Simples SSAL 216g,9990311043,Praliné de Avelã,0.013846,PC
05004151,Caixa Simples SSAL 216g,0050305006,MASSA DE CHOCOLATE -AO LEITE   NF24,0.010076,KG
05004151,Caixa Simples SSAL 216g,9990107001,MANTEIGA DE CACAU desodorizada,0.000167,KG
05004151,Caixa Simples SSAL 216g,9990111006,Manteiga de Leite,0.001505,KG
05004151,Caixa Simples SSAL 216g,9990111008,Xarope de glucose,0.001848,KG
05004151,Caixa Simples SSAL 216g,9990111021,DEXTROSE,0.002517,KG
05004151,Caixa Simples SSAL 216g,9990111023,Sorbitol em Pó,0.002015,KG
05004151,Caixa Simples SSAL 216g,9990111059,Cupuaçu Liofilizado,0.00088,KG
05004151,Caixa Simples SSAL 216g,9990315026,Polpa de Cupuaçu Reduzida,0.003854,PC
05004151,Caixa Simples SSAL 216g,0140106805,Açúcar refinado,0.005538,KG
05004151,Caixa Simples SSAL 216g,9990111020,Avelã,0.008308,KG
05004151,Caixa Simples SSAL 216g,0140106805,Açúcar refinado,0.00054,KG
05004151,Caixa Simples SSAL 216g,9990111013,Polpa Cupuaçu,0.003854,KG
05004151,Caixa Simples SSAL 216g,0140106805,Açúcar refinado,0.001113,KG
05004151,Caixa Simples SSAL 216g,9990111055,Polpa Caja/Tapereba,0.007949,KG
05004152,CAIXA Dupla SSAL 231g,0020301006,Amêndoa de Cacau Seca Aprovada - Mocajub,0.005255,KG
05004152,CAIXA Dupla SSAL 231g,0020302002,Amêndoa de Cacau Torrada - Mocajuba (PA),0.005255,KG
05004152,CAIXA Dupla SSAL 231g,0020303003,Nibs de Cacau - Mocajuba (PA),0.004777,KG
05004152,CAIXA Dupla SSAL 231g,0020304004,Liquor de Cacau - Mocajuba (PA),0.004777,KG
05004152,CAIXA Dupla SSAL 231g,0140106004,Açúcar Demerara,0.003127,KG
05004152,CAIXA Dupla SSAL 231g,9990107001,MANTEIGA DE CACAU desodorizada,0.000695,KG
05004152,CAIXA Dupla SSAL 231g,9990111005,Lecitina de Soja,2.6e-05,LT
05004152,CAIXA Dupla SSAL 231g,0050301007,Amêndoa de Cacau Seca Aprovada - Sakaguc,0.00192,KG
05004152,CAIXA Dupla SSAL 231g,0050302011,AMÊNDOA DE CACAU TORRADA - SAKAGUCHI  12,0.00192,KG
05004152,CAIXA Dupla SSAL 231g,0050303004,NIBS DE CACAU - SAKAGUCHI NT 120-35,0.001745,KG
05004152,CAIXA Dupla SSAL 231g,0050304005,LIQUOR DE CACAU - SAKAGUCHI  NT24,0.0026,KG
05004152,CAIXA Dupla SSAL 231g,0140106805,Açúcar refinado,0.007303,KG
05004152,CAIXA Dupla SSAL 231g,03001001,Leite em Pó integral,0.005418,KG
05004152,CAIXA Dupla SSAL 231g,9990107001,MANTEIGA DE CACAU desodorizada,0.006285,KG
05004152,CAIXA Dupla SSAL 231g,9990111005,Lecitina de Soja,6.6e-05,LT
05004152,CAIXA Dupla SSAL 231g,0070301006,Amêndoa de Cacau Seca Aprovada - Yanomam,0.009379,KG
05004152,CAIXA Dupla SSAL 231g,0070302002,Amêndoa de Cacau Torrada - Yanomami (RR),0.010626,KG
05004152,CAIXA Dupla SSAL 231g,0070303003,Nibs de Cacau - Yanomami (RR),0.019694,KG
05004152,CAIXA Dupla SSAL 231g,0140106004,Açúcar Demerara,0.012784,KG
05004152,CAIXA Dupla SSAL 231g,9990107001,MANTEIGA DE CACAU desodorizada,0.002073,KG
05004152,CAIXA Dupla SSAL 231g,0070303003,Nibs de Cacau - Yanomami (RR),0.01407,KG
05004152,CAIXA Dupla SSAL 231g,0140106004,Açúcar Demerara,0.03417,KG
05004152,CAIXA Dupla SSAL 231g,03001001,Leite em Pó integral,0.02814,KG
05004152,CAIXA Dupla SSAL 231g,9990107001,MANTEIGA DE CACAU desodorizada,0.02412,KG
05004152,CAIXA Dupla SSAL 231g,0050111003,Semente de Cumaru,0.000432,KG
05004152,CAIXA Dupla SSAL 231g,0140106004,Açúcar Demerara,0.004866,KG
05004152,CAIXA Dupla SSAL 231g,03001001,Leite em Pó integral,0.004046,KG
05004152,CAIXA Dupla SSAL 231g,9990107001,MANTEIGA DE CACAU desodorizada,0.005486,KG
05004152,CAIXA Dupla SSAL 231g,0190213128,Caixa SSAL DUPLA,1,PC
05004152,CAIXA Dupla SSAL 231g,0190213142,Foto A4 Davi Kopenawa,1,PC
05004152,CAIXA Dupla SSAL 231g,019021424,CARTÃO QR,1,UN
05004152,CAIXA Dupla SSAL 231g,05104097,Bombom SSAL Choc Lt praliné de avelã 9g,2,PC
05004152,CAIXA Dupla SSAL 231g,05104098,Bombom SSAL Choc Lt Doce Cupu 10 g,1,PC
05004152,CAIXA Dupla SSAL 231g,05104099,Bombom SSAL Choc Lt Castanha do Pará 8g,2,UN
05004152,CAIXA Dupla SSAL 231g,05104100,Bombom SSAL Chocolate ao leite 26g,3,UN
05004152,CAIXA Dupla SSAL 231g,05104101,Bombom SSAL Choc Branco Nibs 8g,2,UN
05004152,CAIXA Dupla SSAL 231g,05104103,Bombom SSAL Choc Int Ganache Int 9g,3,UN
05004152,CAIXA Dupla SSAL 231g,05104104,Bombom SSAL Choc Int Taperebá 10g,1,UN
05004152,CAIXA Dupla SSAL 231g,05104105,Bombom SSAL Chocolate Intenso 4g,2,UN
05004152,CAIXA Dupla SSAL 231g,05104106,Bombom SSAL Choc Int Taperebá 11g,2,UN
05004152,CAIXA Dupla SSAL 231g,05104107,Bombom SSAL Choc Lt Doce Cupu 11 g,2,PC
05004152,CAIXA Dupla SSAL 231g,945,Folder SSAL,1,PC
05004152,CAIXA Dupla SSAL 231g,0070305010,Massa de Chocolate - Yanomami Leite Test,0.0081,KG
05004152,CAIXA Dupla SSAL 231g,9990311030,Praliné de Avelã colagem,0.0099,KG
05004152,CAIXA Dupla SSAL 231g,0070305010,Massa de Chocolate - Yanomami Leite Test,0.0045,KG
05004152,CAIXA Dupla SSAL 231g,9990311042,Recheio Doce de Cupuaçu,0.0055,KG
05004152,CAIXA Dupla SSAL 231g,0050305006,MASSA DE CHOCOLATE -AO LEITE   NF24,0.014544,KG
05004152,CAIXA Dupla SSAL 231g,9990111056,Castanha do Pará,0.001456,KG
05004152,CAIXA Dupla SSAL 231g,0070305010,Massa de Chocolate - Yanomami Leite Test,0.078,KG
05004152,CAIXA Dupla SSAL 231g,0070303003,Nibs de Cacau - Yanomami (RR),0.0016,KG
05004152,CAIXA Dupla SSAL 231g,0500305002,Massa de Chocolate Branco - teste 2025,0.0144,KG
05004152,CAIXA Dupla SSAL 231g,0070305009,Massa de Chocolate - Yanomami Teste Inte,0.01215,KG
05004152,CAIXA Dupla SSAL 231g,9990311025,Ganache Chocolate intenso,0.01485,KG
05004152,CAIXA Dupla SSAL 231g,0070305009,Massa de Chocolate - Yanomami Teste Inte,0.0045,KG
05004152,CAIXA Dupla SSAL 231g,9990311013,Ganache de Taperebá,0.0055,KG
05004152,CAIXA Dupla SSAL 231g,0070305009,Massa de Chocolate - Yanomami Teste Inte,0.008,KG
05004152,CAIXA Dupla SSAL 231g,0070305009,Massa de Chocolate - Yanomami Teste Inte,0.0099,KG
05004152,CAIXA Dupla SSAL 231g,9990311013,Ganache de Taperebá,0.0121,KG
05004152,CAIXA Dupla SSAL 231g,0070305010,Massa de Chocolate - Yanomami Leite Test,0.0099,KG
05004152,CAIXA Dupla SSAL 231g,9990311042,Recheio Doce de Cupuaçu,0.0121,KG
05004152,CAIXA Dupla SSAL 231g,9990107001,MANTEIGA DE CACAU desodorizada,0.000104,KG
05004152,CAIXA Dupla SSAL 231g,0050305006,MASSA DE CHOCOLATE -AO LEITE   NF24,0.007651,KG
05004152,CAIXA Dupla SSAL 231g,9990107001,MANTEIGA DE CACAU desodorizada,0.000226,KG
05004152,CAIXA Dupla SSAL 231g,9990111006,Manteiga de Leite,0.000807,KG
05004152,CAIXA Dupla SSAL 231g,9990111008,Xarope de glucose,0.000291,KG
05004152,CAIXA Dupla SSAL 231g,9990111021,DEXTROSE,0.000192,KG
05004152,CAIXA Dupla SSAL 231g,9990111023,Sorbitol em Pó,0.00063,KG
05004152,CAIXA Dupla SSAL 231g,9990111053,MALTODEXTRINA DE10 1910,0.000148,KG
05004152,CAIXA Dupla SSAL 231g,9990111054,Sorbato de Potássio Granulado,1.9e-05,KG
05004152,CAIXA Dupla SSAL 231g,9990111058,Tapereba Liofilizado,0.001292,KG
05004152,CAIXA Dupla SSAL 231g,9990315027,Polpa de Tapereba Reduzida,0.006359,PC
05004152,CAIXA Dupla SSAL 231g,0020305008,Massa de Chocolate - Mocajuba Intenso,0.008685,KG
05004152,CAIXA Dupla SSAL 231g,0140106804,Açúcar invertido,0.000809,KG
05004152,CAIXA Dupla SSAL 231g,9990107001,MANTEIGA DE CACAU desodorizada,0.000145,KG
05004152,CAIXA Dupla SSAL 231g,9990111003,Creme de Leite UHT 25%,0.003667,KG
05004152,CAIXA Dupla SSAL 231g,9990111006,Manteiga de Leite,0.000676,KG
05004152,CAIXA Dupla SSAL 231g,9990111023,Sorbitol em Pó,0.000869,KG
05004152,CAIXA Dupla SSAL 231g,0050305006,MASSA DE CHOCOLATE -AO LEITE   NF24,0.002216,KG
05004152,CAIXA Dupla SSAL 231g,9990107001,MANTEIGA DE CACAU desodorizada,0.000657,KG
05004152,CAIXA Dupla SSAL 231g,9990307008,Pomada de manteiga de cacau,0.000104,PC
05004152,CAIXA Dupla SSAL 231g,9990311043,Praliné de Avelã,0.006923,PC
05004152,CAIXA Dupla SSAL 231g,0050305006,MASSA DE CHOCOLATE -AO LEITE   NF24,0.008061,KG
05004152,CAIXA Dupla SSAL 231g,9990107001,MANTEIGA DE CACAU desodorizada,0.000134,KG
05004152,CAIXA Dupla SSAL 231g,9990111006,Manteiga de Leite,0.001204,KG
05004152,CAIXA Dupla SSAL 231g,9990111008,Xarope de glucose,0.001478,KG
05004152,CAIXA Dupla SSAL 231g,9990111021,DEXTROSE,0.002013,KG
05004152,CAIXA Dupla SSAL 231g,9990111023,Sorbitol em Pó,0.001612,KG
05004152,CAIXA Dupla SSAL 231g,9990111059,Cupuaçu Liofilizado,0.000704,KG
05004152,CAIXA Dupla SSAL 231g,9990315026,Polpa de Cupuaçu Reduzida,0.003084,PC
05004152,CAIXA Dupla SSAL 231g,0140106805,Açúcar refinado,0.002769,KG
05004152,CAIXA Dupla SSAL 231g,9990111020,Avelã,0.004154,KG
05004152,CAIXA Dupla SSAL 231g,0140106805,Açúcar refinado,0.000432,KG
05004152,CAIXA Dupla SSAL 231g,9990111013,Polpa Cupuaçu,0.003084,KG
05004152,CAIXA Dupla SSAL 231g,0140106805,Açúcar refinado,0.00089,KG
05004152,CAIXA Dupla SSAL 231g,9990111055,Polpa Caja/Tapereba,0.006359,KG
05004153,CAIXA Tripla SSAL,0020301006,Amêndoa de Cacau Seca Aprovada - Mocajub,0.007006,KG
05004153,CAIXA Tripla SSAL,0020302002,Amêndoa de Cacau Torrada - Mocajuba (PA),0.007006,KG
05004153,CAIXA Tripla SSAL,0020303003,Nibs de Cacau - Mocajuba (PA),0.006369,KG
05004153,CAIXA Tripla SSAL,0020304004,Liquor de Cacau - Mocajuba (PA),0.006369,KG
05004153,CAIXA Tripla SSAL,0140106004,Açúcar Demerara,0.004169,KG
05004153,CAIXA Tripla SSAL,9990107001,MANTEIGA DE CACAU desodorizada,0.000926,KG
05004153,CAIXA Tripla SSAL,9990111005,Lecitina de Soja,3.5e-05,LT
05004153,CAIXA Tripla SSAL,0050301007,Amêndoa de Cacau Seca Aprovada - Sakaguc,0.00384,KG
05004153,CAIXA Tripla SSAL,0050302011,AMÊNDOA DE CACAU TORRADA - SAKAGUCHI  12,0.00384,KG
05004153,CAIXA Tripla SSAL,0050303004,NIBS DE CACAU - SAKAGUCHI NT 120-35,0.003491,KG
05004153,CAIXA Tripla SSAL,0050304005,LIQUOR DE CACAU - SAKAGUCHI  NT24,0.005489,KG
05004153,CAIXA Tripla SSAL,0140106805,Açúcar refinado,0.015411,KG
05004153,CAIXA Tripla SSAL,03001001,Leite em Pó integral,0.011433,KG
05004153,CAIXA Tripla SSAL,9990107001,MANTEIGA DE CACAU desodorizada,0.013262,KG
05004153,CAIXA Tripla SSAL,9990111005,Lecitina de Soja,0.000137,LT
05004153,CAIXA Tripla SSAL,0070301006,Amêndoa de Cacau Seca Aprovada - Yanomam,0.013677,KG
05004153,CAIXA Tripla SSAL,0070302002,Amêndoa de Cacau Torrada - Yanomami (RR),0.016172,KG
05004153,CAIXA Tripla SSAL,0070303003,Nibs de Cacau - Yanomami (RR),0.038532,KG
05004153,CAIXA Tripla SSAL,0140106004,Açúcar Demerara,0.025012,KG
05004153,CAIXA Tripla SSAL,9990107001,MANTEIGA DE CACAU desodorizada,0.004056,KG
05004153,CAIXA Tripla SSAL,0070303003,Nibs de Cacau - Yanomami (RR),0.015834,KG
05004153,CAIXA Tripla SSAL,0140106004,Açúcar Demerara,0.038454,KG
05004153,CAIXA Tripla SSAL,03001001,Leite em Pó integral,0.031668,KG
05004153,CAIXA Tripla SSAL,9990107001,MANTEIGA DE CACAU desodorizada,0.027144,KG
05004153,CAIXA Tripla SSAL,0050111003,Semente de Cumaru,0.000864,KG
05004153,CAIXA Tripla SSAL,0140106004,Açúcar Demerara,0.009732,KG
05004153,CAIXA Tripla SSAL,03001001,Leite em Pó integral,0.008093,KG
05004153,CAIXA Tripla SSAL,9990107001,MANTEIGA DE CACAU desodorizada,0.010973,KG
05004153,CAIXA Tripla SSAL,0190213127,Caixa SSAL TRIPLA,1,PC
05004153,CAIXA Tripla SSAL,0190213143,Foto A5 Foto Indígena,1,PC
05004153,CAIXA Tripla SSAL,0190213144,Foto A5 Paisagem Rio,1,PC
05004153,CAIXA Tripla SSAL,0190213145,Foto A5 Paisagem Chuva,1,PC
05004153,CAIXA Tripla SSAL,0190213146,Foto Cartão Postal Indígena,1,PC
05004153,CAIXA Tripla SSAL,019021424,CARTÃO QR,1,UN
05004153,CAIXA Tripla SSAL,05104097,Bombom SSAL Choc Lt praliné de avelã 9g,4,PC
05004153,CAIXA Tripla SSAL,05104098,Bombom SSAL Choc Lt Doce Cupu 10 g,2,PC
05004153,CAIXA Tripla SSAL,05104099,Bombom SSAL Choc Lt Castanha do Pará 8g,4,UN
05004153,CAIXA Tripla SSAL,05104100,Bombom SSAL Chocolate ao leite 26g,3,UN
05004153,CAIXA Tripla SSAL,05104101,Bombom SSAL Choc Branco Nibs 8g,4,UN
05004153,CAIXA Tripla SSAL,05104103,Bombom SSAL Choc Int Ganache Int 9g,4,UN
05004153,CAIXA Tripla SSAL,05104104,Bombom SSAL Choc Int Taperebá 10g,3,UN
05004153,CAIXA Tripla SSAL,05104105,Bombom SSAL Chocolate Intenso 4g,7,UN
05004153,CAIXA Tripla SSAL,05104106,Bombom SSAL Choc Int Taperebá 11g,2,UN
05004153,CAIXA Tripla SSAL,05104107,Bombom SSAL Choc Lt Doce Cupu 11 g,2,PC
05004153,CAIXA Tripla SSAL,945,Folder SSAL,1,PC
05004153,CAIXA Tripla SSAL,0070305010,Massa de Chocolate - Yanomami Leite Test,0.0162,KG
05004153,CAIXA Tripla SSAL,9990311030,Praliné de Avelã colagem,0.0198,KG
05004153,CAIXA Tripla SSAL,0070305010,Massa de Chocolate - Yanomami Leite Test,0.009,KG
05004153,CAIXA Tripla SSAL,9990311042,Recheio Doce de Cupuaçu,0.011,KG
05004153,CAIXA Tripla SSAL,0050305006,MASSA DE CHOCOLATE -AO LEITE   NF24,0.029088,KG
05004153,CAIXA Tripla SSAL,9990111056,Castanha do Pará,0.002912,KG
05004153,CAIXA Tripla SSAL,0070305010,Massa de Chocolate - Yanomami Leite Test,0.078,KG
05004153,CAIXA Tripla SSAL,0070303003,Nibs de Cacau - Yanomami (RR),0.0032,KG
05004153,CAIXA Tripla SSAL,0500305002,Massa de Chocolate Branco - teste 2025,0.0288,KG
05004153,CAIXA Tripla SSAL,0070305009,Massa de Chocolate - Yanomami Teste Inte,0.0162,KG
05004153,CAIXA Tripla SSAL,9990311025,Ganache Chocolate intenso,0.0198,KG
05004153,CAIXA Tripla SSAL,0070305009,Massa de Chocolate - Yanomami Teste Inte,0.0135,KG
05004153,CAIXA Tripla SSAL,9990311013,Ganache de Taperebá,0.0165,KG
05004153,CAIXA Tripla SSAL,0070305009,Massa de Chocolate - Yanomami Teste Inte,0.028,KG
05004153,CAIXA Tripla SSAL,0070305009,Massa de Chocolate - Yanomami Teste Inte,0.0099,KG
05004153,CAIXA Tripla SSAL,9990311013,Ganache de Taperebá,0.0121,KG
05004153,CAIXA Tripla SSAL,0070305010,Massa de Chocolate - Yanomami Leite Test,0.0099,KG
05004153,CAIXA Tripla SSAL,9990311042,Recheio Doce de Cupuaçu,0.0121,KG
05004153,CAIXA Tripla SSAL,9990107001,MANTEIGA DE CACAU desodorizada,0.000208,KG
05004153,CAIXA Tripla SSAL,0050305006,MASSA DE CHOCOLATE -AO LEITE   NF24,0.012433,KG
05004153,CAIXA Tripla SSAL,9990107001,MANTEIGA DE CACAU desodorizada,0.000367,KG
05004153,CAIXA Tripla SSAL,9990111006,Manteiga de Leite,0.001312,KG
05004153,CAIXA Tripla SSAL,9990111008,Xarope de glucose,0.000472,KG
05004153,CAIXA Tripla SSAL,9990111021,DEXTROSE,0.000312,KG
05004153,CAIXA Tripla SSAL,9990111023,Sorbitol em Pó,0.001024,KG
05004153,CAIXA Tripla SSAL,9990111053,MALTODEXTRINA DE10 1910,0.000241,KG
05004153,CAIXA Tripla SSAL,9990111054,Sorbato de Potássio Granulado,3.1e-05,KG
05004153,CAIXA Tripla SSAL,9990111058,Tapereba Liofilizado,0.002099,KG
05004153,CAIXA Tripla SSAL,9990315027,Polpa de Tapereba Reduzida,0.010334,PC
05004153,CAIXA Tripla SSAL,0020305008,Massa de Chocolate - Mocajuba Intenso,0.01158,KG
05004153,CAIXA Tripla SSAL,0140106804,Açúcar invertido,0.001078,KG
05004153,CAIXA Tripla SSAL,9990107001,MANTEIGA DE CACAU desodorizada,0.000193,KG
05004153,CAIXA Tripla SSAL,9990111003,Creme de Leite UHT 25%,0.00489,KG
05004153,CAIXA Tripla SSAL,9990111006,Manteiga de Leite,0.000901,KG
05004153,CAIXA Tripla SSAL,9990111023,Sorbitol em Pó,0.001158,KG
05004153,CAIXA Tripla SSAL,0050305006,MASSA DE CHOCOLATE -AO LEITE   NF24,0.004431,KG
05004153,CAIXA Tripla SSAL,9990107001,MANTEIGA DE CACAU desodorizada,0.001315,KG
05004153,CAIXA Tripla SSAL,9990307008,Pomada de manteiga de cacau,0.000208,PC
05004153,CAIXA Tripla SSAL,9990311043,Praliné de Avelã,0.013846,PC
05004153,CAIXA Tripla SSAL,0050305006,MASSA DE CHOCOLATE -AO LEITE   NF24,0.01058,KG
05004153,CAIXA Tripla SSAL,9990107001,MANTEIGA DE CACAU desodorizada,0.000176,KG
05004153,CAIXA Tripla SSAL,9990111006,Manteiga de Leite,0.00158,KG
05004153,CAIXA Tripla SSAL,9990111008,Xarope de glucose,0.00194,KG
05004153,CAIXA Tripla SSAL,9990111021,DEXTROSE,0.002642,KG
05004153,CAIXA Tripla SSAL,9990111023,Sorbitol em Pó,0.002116,KG
05004153,CAIXA Tripla SSAL,9990111059,Cupuaçu Liofilizado,0.000924,KG
05004153,CAIXA Tripla SSAL,9990315026,Polpa de Cupuaçu Reduzida,0.004047,PC
05004153,CAIXA Tripla SSAL,0140106805,Açúcar refinado,0.005538,KG
05004153,CAIXA Tripla SSAL,9990111020,Avelã,0.008308,KG
05004153,CAIXA Tripla SSAL,0140106805,Açúcar refinado,0.000567,KG
05004153,CAIXA Tripla SSAL,9990111013,Polpa Cupuaçu,0.004047,KG
05004153,CAIXA Tripla SSAL,0140106805,Açúcar refinado,0.001447,KG
05004153,CAIXA Tripla SSAL,9990111055,Polpa Caja/Tapereba,0.010334,KG
05004154,CAIXA Circular SSAL,0070301006,Amêndoa de Cacau Seca Aprovada - Yanomam,0.115808,KG
05004154,CAIXA Circular SSAL,0070302002,Amêndoa de Cacau Torrada - Yanomami (RR),0.115808,KG
05004154,CAIXA Circular SSAL,0070303003,Nibs de Cacau - Yanomami (RR),0.10528,KG
05004154,CAIXA Circular SSAL,0140106004,Açúcar Demerara,0.25568,KG
05004154,CAIXA Circular SSAL,03001001,Leite em Pó integral,0.21056,KG
05004154,CAIXA Circular SSAL,9990107001,MANTEIGA DE CACAU desodorizada,0.18048,KG
05004154,CAIXA Circular SSAL,0190213129,Caixa SSAL Redonda,1,PC
05004154,CAIXA Circular SSAL,0190213146,Foto Cartão Postal Indígena,1,PC
05004154,CAIXA Circular SSAL,0190213147,Foto Cartão Postal Davi Kopenawa,1,PC
05004154,CAIXA Circular SSAL,0190213148,Foto Cartão Postal Povo Indígena,1,PC
05004154,CAIXA Circular SSAL,0190213149,Foto Cartão Postal Paisagem Pico,1,PC
05004154,CAIXA Circular SSAL,0190213150,Foto Cartão Postal Paisagem Rio,1,PC
05004154,CAIXA Circular SSAL,0190213151,Foto Cartão Postal Paisagem Chuva,1,PC
05004154,CAIXA Circular SSAL,019021424,CARTÃO QR,1,UN
05004154,CAIXA Circular SSAL,05104108,Placa SSAL 1/8 Choco Lt Yanomami 47g,16,PC
05004154,CAIXA Circular SSAL,945,Folder SSAL,1,PC
05004154,CAIXA Circular SSAL,0070305010,Massa de Chocolate - Yanomami Leite Test,0.752,KG
05004155,Prato de Cerâmica Marajoara,0190213114,Prato Base Cerâmica,1,PC
05004159,Ovo Marajoara - Recheio de Maracujá 420g,0050301007,Amêndoa de Cacau Seca Aprovada - Sakaguc,0.02904,KG
05004159,Ovo Marajoara - Recheio de Maracujá 420g,0050302011,AMÊNDOA DE CACAU TORRADA - SAKAGUCHI  12,0.02904,KG
05004159,Ovo Marajoara - Recheio de Maracujá 420g,0050303004,NIBS DE CACAU - SAKAGUCHI NT 120-35,0.0264,KG
05004159,Ovo Marajoara - Recheio de Maracujá 420g,0050304005,LIQUOR DE CACAU - SAKAGUCHI  NT24,0.029945,KG
05004159,Ovo Marajoara - Recheio de Maracujá 420g,0140106805,Açúcar refinado,0.084096,KG
05004159,Ovo Marajoara - Recheio de Maracujá 420g,03001001,Leite em Pó integral,0.062386,KG
05004159,Ovo Marajoara - Recheio de Maracujá 420g,9990107001,MANTEIGA DE CACAU desodorizada,0.072367,KG
05004159,Ovo Marajoara - Recheio de Maracujá 420g,9990111005,Lecitina de Soja,0.000749,LT
05004159,Ovo Marajoara - Recheio de Maracujá 420g,0050305006,MASSA DE CHOCOLATE -AO LEITE   NF24,0.08,KG
05004159,Ovo Marajoara - Recheio de Maracujá 420g,0050305006,MASSA DE CHOCOLATE -AO LEITE   NF24,0.14,KG
05004159,Ovo Marajoara - Recheio de Maracujá 420g,0050315005,Face de Ovo - Chocolate ao Leite,2,UN
05004159,Ovo Marajoara - Recheio de Maracujá 420g,9990311030,Praliné de Avelã colagem,0.132,KG
05004159,Ovo Marajoara - Recheio de Maracujá 420g,9990311038,Recheio Caramelo Maracujá,0.088,KG
05004159,Ovo Marajoara - Recheio de Maracujá 420g,0050315006,Face de Ovo Recheada - Maracujá,2,UN
05004159,Ovo Marajoara - Recheio de Maracujá 420g,0190213085,Cerâmica Marajoara,1,PC
05004159,Ovo Marajoara - Recheio de Maracujá 420g,0190213159,Caixa Ovo de Páscoa 420g 2026,1,PC
05004159,Ovo Marajoara - Recheio de Maracujá 420g,019021424,CARTÃO QR,1,UN
05004159,Ovo Marajoara - Recheio de Maracujá 420g,0200216013,Papel Chumbo Toffe,1,PC
05004159,Ovo Marajoara - Recheio de Maracujá 420g,9990712045,Etiqueta Lacre 2 - Adesivo transparente,4,PC
05004159,Ovo Marajoara - Recheio de Maracujá 420g,9990712062,Etiqueta Ovo de Páscoa Maracujá,1,PC
05004159,Ovo Marajoara - Recheio de Maracujá 420g,9990107001,MANTEIGA DE CACAU desodorizada,0.001386,KG
05004159,Ovo Marajoara - Recheio de Maracujá 420g,0050305006,MASSA DE CHOCOLATE -AO LEITE   NF24,0.029542,KG
05004159,Ovo Marajoara - Recheio de Maracujá 420g,9990107001,MANTEIGA DE CACAU desodorizada,0.008765,KG
05004159,Ovo Marajoara - Recheio de Maracujá 420g,9990307008,Pomada de manteiga de cacau,0.001386,PC
05004159,Ovo Marajoara - Recheio de Maracujá 420g,9990311043,Praliné de Avelã,0.092308,PC
05004159,Ovo Marajoara - Recheio de Maracujá 420g,0140106805,Açúcar refinado,0.025599,KG
05004159,Ovo Marajoara - Recheio de Maracujá 420g,9990111000,Agua Mineral sem gás,0.007832,LT
05004159,Ovo Marajoara - Recheio de Maracujá 420g,9990111004,Baunilha em Fava,5.3e-05,KG
05004159,Ovo Marajoara - Recheio de Maracujá 420g,9990111005,Lecitina de Soja,0.000334,LT
05004159,Ovo Marajoara - Recheio de Maracujá 420g,9990111006,Manteiga de Leite,0.006838,KG
05004159,Ovo Marajoara - Recheio de Maracujá 420g,9990111008,Xarope de glucose,0.014678,KG
05004159,Ovo Marajoara - Recheio de Maracujá 420g,9990111015,Polpa Maracujá,0.032666,KG
05004159,Ovo Marajoara - Recheio de Maracujá 420g,0140106805,Açúcar refinado,0.036923,KG
05004159,Ovo Marajoara - Recheio de Maracujá 420g,9990111020,Avelã,0.055385,KG
05004160,Ovo Marajoara - Praliné de Avelã 420g,0050301007,Amêndoa de Cacau Seca Aprovada - Sakaguc,0.02904,KG
05004160,Ovo Marajoara - Praliné de Avelã 420g,0050302011,AMÊNDOA DE CACAU TORRADA - SAKAGUCHI  12,0.02904,KG
05004160,Ovo Marajoara - Praliné de Avelã 420g,0050303004,NIBS DE CACAU - SAKAGUCHI NT 120-35,0.0264,KG
05004160,Ovo Marajoara - Praliné de Avelã 420g,0050304005,LIQUOR DE CACAU - SAKAGUCHI  NT24,0.032308,KG
05004160,Ovo Marajoara - Praliné de Avelã 420g,0140106805,Açúcar refinado,0.090733,KG
05004160,Ovo Marajoara - Praliné de Avelã 420g,03001001,Leite em Pó integral,0.067309,KG
05004160,Ovo Marajoara - Praliné de Avelã 420g,9990107001,MANTEIGA DE CACAU desodorizada,0.078078,KG
05004160,Ovo Marajoara - Praliné de Avelã 420g,9990111005,Lecitina de Soja,0.000808,LT
05004160,Ovo Marajoara - Praliné de Avelã 420g,0050305006,MASSA DE CHOCOLATE -AO LEITE   NF24,0.08,KG
05004160,Ovo Marajoara - Praliné de Avelã 420g,0050305006,MASSA DE CHOCOLATE -AO LEITE   NF24,0.14,KG
05004160,Ovo Marajoara - Praliné de Avelã 420g,0050315005,Face de Ovo - Chocolate ao Leite,2,UN
05004160,Ovo Marajoara - Praliné de Avelã 420g,9990311030,Praliné de Avelã colagem,0.22,KG
05004160,Ovo Marajoara - Praliné de Avelã 420g,0050315007,Face de Ovo Recheada - Praliné de Avelã,2,UN
05004160,Ovo Marajoara - Praliné de Avelã 420g,0190213085,Cerâmica Marajoara,1,PC
05004160,Ovo Marajoara - Praliné de Avelã 420g,0190213159,Caixa Ovo de Páscoa 420g 2026,1,PC
05004160,Ovo Marajoara - Praliné de Avelã 420g,019021424,CARTÃO QR,1,UN
05004160,Ovo Marajoara - Praliné de Avelã 420g,0200216014,Papel Chumbo Prata,1,PC
05004160,Ovo Marajoara - Praliné de Avelã 420g,9990712045,Etiqueta Lacre 2 - Adesivo transparente,4,PC
05004160,Ovo Marajoara - Praliné de Avelã 420g,9990712063,Etiqueta Ovo de Páscoa Praliné de Avelã,1,PC
05004160,Ovo Marajoara - Praliné de Avelã 420g,9990107001,MANTEIGA DE CACAU desodorizada,0.00231,KG
05004160,Ovo Marajoara - Praliné de Avelã 420g,0050305006,MASSA DE CHOCOLATE -AO LEITE   NF24,0.049236,KG
05004160,Ovo Marajoara - Praliné de Avelã 420g,9990107001,MANTEIGA DE CACAU desodorizada,0.014608,KG
05004160,Ovo Marajoara - Praliné de Avelã 420g,9990307008,Pomada de manteiga de cacau,0.00231,PC
05004160,Ovo Marajoara - Praliné de Avelã 420g,9990311043,Praliné de Avelã,0.153846,PC
05004160,Ovo Marajoara - Praliné de Avelã 420g,0140106805,Açúcar refinado,0.061538,KG
05004160,Ovo Marajoara - Praliné de Avelã 420g,9990111020,Avelã,0.092308,KG
05004161,Ovo Marajoara - Recheio de Cupuaçu 420g,0050301007,Amêndoa de Cacau Seca Aprovada - Sakaguc,0.02904,KG
05004161,Ovo Marajoara - Recheio de Cupuaçu 420g,0050302011,AMÊNDOA DE CACAU TORRADA - SAKAGUCHI  12,0.02904,KG
05004161,Ovo Marajoara - Recheio de Cupuaçu 420g,0050303004,NIBS DE CACAU - SAKAGUCHI NT 120-35,0.0264,KG
05004161,Ovo Marajoara - Recheio de Cupuaçu 420g,0050304005,LIQUOR DE CACAU - SAKAGUCHI  NT24,0.038491,KG
05004161,Ovo Marajoara - Recheio de Cupuaçu 420g,0140106805,Açúcar refinado,0.108096,KG
05004161,Ovo Marajoara - Recheio de Cupuaçu 420g,03001001,Leite em Pó integral,0.08019,KG
05004161,Ovo Marajoara - Recheio de Cupuaçu 420g,9990107001,MANTEIGA DE CACAU desodorizada,0.09302,KG
05004161,Ovo Marajoara - Recheio de Cupuaçu 420g,9990111005,Lecitina de Soja,0.000962,LT
05004161,Ovo Marajoara - Recheio de Cupuaçu 420g,0050305006,MASSA DE CHOCOLATE -AO LEITE   NF24,0.08,KG
05004161,Ovo Marajoara - Recheio de Cupuaçu 420g,0050305006,MASSA DE CHOCOLATE -AO LEITE   NF24,0.14,KG
05004161,Ovo Marajoara - Recheio de Cupuaçu 420g,0050315005,Face de Ovo - Chocolate ao Leite,2,UN
05004161,Ovo Marajoara - Recheio de Cupuaçu 420g,9990311042,Recheio Doce de Cupuaçu,0.22,KG
05004161,Ovo Marajoara - Recheio de Cupuaçu 420g,0050315008,Face de Ovo Recheada - Cupuaçu,2,UN
05004161,Ovo Marajoara - Recheio de Cupuaçu 420g,0190213085,Cerâmica Marajoara,1,PC
05004161,Ovo Marajoara - Recheio de Cupuaçu 420g,0190213159,Caixa Ovo de Páscoa 420g 2026,1,PC
05004161,Ovo Marajoara - Recheio de Cupuaçu 420g,019021424,CARTÃO QR,1,UN
05004161,Ovo Marajoara - Recheio de Cupuaçu 420g,0200216015,Papel Chumbo Azul Claro,1,PC
05004161,Ovo Marajoara - Recheio de Cupuaçu 420g,9990712045,Etiqueta Lacre 2 - Adesivo transparente,4,PC
05004161,Ovo Marajoara - Recheio de Cupuaçu 420g,9990712064,"ADESIVO SSAL- 3,5X5,5CM",1,PC
05004161,Ovo Marajoara - Recheio de Cupuaçu 420g,0050305006,MASSA DE CHOCOLATE -AO LEITE   NF24,0.10076,KG
05004161,Ovo Marajoara - Recheio de Cupuaçu 420g,9990107001,MANTEIGA DE CACAU desodorizada,0.001672,KG
05004161,Ovo Marajoara - Recheio de Cupuaçu 420g,9990111006,Manteiga de Leite,0.015048,KG
05004161,Ovo Marajoara - Recheio de Cupuaçu 420g,9990111008,Xarope de glucose,0.01848,KG
05004161,Ovo Marajoara - Recheio de Cupuaçu 420g,9990111021,DEXTROSE,0.025168,KG
05004161,Ovo Marajoara - Recheio de Cupuaçu 420g,9990111023,Sorbitol em Pó,0.020152,KG
05004161,Ovo Marajoara - Recheio de Cupuaçu 420g,9990111059,Cupuaçu Liofilizado,0.0088,KG
05004161,Ovo Marajoara - Recheio de Cupuaçu 420g,9990315026,Polpa de Cupuaçu Reduzida,0.038544,PC
05004161,Ovo Marajoara - Recheio de Cupuaçu 420g,0140106805,Açúcar refinado,0.005396,KG
05004161,Ovo Marajoara - Recheio de Cupuaçu 420g,9990111013,Polpa Cupuaçu,0.038544,KG
05004162,Ovo - Recheio de Maracujá 420g,0050301007,Amêndoa de Cacau Seca Aprovada - Sakaguc,0.02904,KG
05004162,Ovo - Recheio de Maracujá 420g,0050302011,AMÊNDOA DE CACAU TORRADA - SAKAGUCHI  12,0.02904,KG
05004162,Ovo - Recheio de Maracujá 420g,0050303004,NIBS DE CACAU - SAKAGUCHI NT 120-35,0.0264,KG
05004162,Ovo - Recheio de Maracujá 420g,0050304005,LIQUOR DE CACAU - SAKAGUCHI  NT24,0.029945,KG
05004162,Ovo - Recheio de Maracujá 420g,0140106805,Açúcar refinado,0.084096,KG
05004162,Ovo - Recheio de Maracujá 420g,03001001,Leite em Pó integral,0.062386,KG
05004162,Ovo - Recheio de Maracujá 420g,9990107001,MANTEIGA DE CACAU desodorizada,0.072367,KG
05004162,Ovo - Recheio de Maracujá 420g,9990111005,Lecitina de Soja,0.000749,LT
05004162,Ovo - Recheio de Maracujá 420g,0050305006,MASSA DE CHOCOLATE -AO LEITE   NF24,0.08,KG
05004162,Ovo - Recheio de Maracujá 420g,0050305006,MASSA DE CHOCOLATE -AO LEITE   NF24,0.14,KG
05004162,Ovo - Recheio de Maracujá 420g,0050315005,Face de Ovo - Chocolate ao Leite,2,UN
05004162,Ovo - Recheio de Maracujá 420g,9990311030,Praliné de Avelã colagem,0.132,KG
05004162,Ovo - Recheio de Maracujá 420g,9990311038,Recheio Caramelo Maracujá,0.088,KG
05004162,Ovo - Recheio de Maracujá 420g,0050315006,Face de Ovo Recheada - Maracujá,2,UN
05004162,Ovo - Recheio de Maracujá 420g,0200216012,Papel Celofane,0.02,PC
05004162,Ovo - Recheio de Maracujá 420g,0200216013,Papel Chumbo Toffe,1,PC
05004162,Ovo - Recheio de Maracujá 420g,9990107001,MANTEIGA DE CACAU desodorizada,0.001386,KG
05004162,Ovo - Recheio de Maracujá 420g,0050305006,MASSA DE CHOCOLATE -AO LEITE   NF24,0.029542,KG
05004162,Ovo - Recheio de Maracujá 420g,9990107001,MANTEIGA DE CACAU desodorizada,0.008765,KG
05004162,Ovo - Recheio de Maracujá 420g,9990307008,Pomada de manteiga de cacau,0.001386,PC
05004162,Ovo - Recheio de Maracujá 420g,9990311043,Praliné de Avelã,0.092308,PC
05004162,Ovo - Recheio de Maracujá 420g,0140106805,Açúcar refinado,0.025599,KG
05004162,Ovo - Recheio de Maracujá 420g,9990111000,Agua Mineral sem gás,0.007832,LT
05004162,Ovo - Recheio de Maracujá 420g,9990111004,Baunilha em Fava,5.3e-05,KG
05004162,Ovo - Recheio de Maracujá 420g,9990111005,Lecitina de Soja,0.000334,LT
05004162,Ovo - Recheio de Maracujá 420g,9990111006,Manteiga de Leite,0.006838,KG
05004162,Ovo - Recheio de Maracujá 420g,9990111008,Xarope de glucose,0.014678,KG
05004162,Ovo - Recheio de Maracujá 420g,9990111015,Polpa Maracujá,0.032666,KG
05004162,Ovo - Recheio de Maracujá 420g,0140106805,Açúcar refinado,0.036923,KG
05004162,Ovo - Recheio de Maracujá 420g,9990111020,Avelã,0.055385,KG
05004163,Ovo - Praliné de Avelã 420g,0050301007,Amêndoa de Cacau Seca Aprovada - Sakaguc,0.02904,KG
05004163,Ovo - Praliné de Avelã 420g,0050302011,AMÊNDOA DE CACAU TORRADA - SAKAGUCHI  12,0.02904,KG
05004163,Ovo - Praliné de Avelã 420g,0050303004,NIBS DE CACAU - SAKAGUCHI NT 120-35,0.0264,KG
05004163,Ovo - Praliné de Avelã 420g,0050304005,LIQUOR DE CACAU - SAKAGUCHI  NT24,0.032308,KG
05004163,Ovo - Praliné de Avelã 420g,0140106805,Açúcar refinado,0.090733,KG
05004163,Ovo - Praliné de Avelã 420g,03001001,Leite em Pó integral,0.067309,KG
05004163,Ovo - Praliné de Avelã 420g,9990107001,MANTEIGA DE CACAU desodorizada,0.078078,KG
05004163,Ovo - Praliné de Avelã 420g,9990111005,Lecitina de Soja,0.000808,LT
05004163,Ovo - Praliné de Avelã 420g,0050305006,MASSA DE CHOCOLATE -AO LEITE   NF24,0.08,KG
05004163,Ovo - Praliné de Avelã 420g,0050305006,MASSA DE CHOCOLATE -AO LEITE   NF24,0.14,KG
05004163,Ovo - Praliné de Avelã 420g,0050315005,Face de Ovo - Chocolate ao Leite,2,UN
05004163,Ovo - Praliné de Avelã 420g,9990311030,Praliné de Avelã colagem,0.22,KG
05004163,Ovo - Praliné de Avelã 420g,0050315007,Face de Ovo Recheada - Praliné de Avelã,2,UN
05004163,Ovo - Praliné de Avelã 420g,0200216012,Papel Celofane,0.02,PC
05004163,Ovo - Praliné de Avelã 420g,0200216014,Papel Chumbo Prata,1,PC
05004163,Ovo - Praliné de Avelã 420g,9990107001,MANTEIGA DE CACAU desodorizada,0.00231,KG
05004163,Ovo - Praliné de Avelã 420g,0050305006,MASSA DE CHOCOLATE -AO LEITE   NF24,0.049236,KG
05004163,Ovo - Praliné de Avelã 420g,9990107001,MANTEIGA DE CACAU desodorizada,0.014608,KG
05004163,Ovo - Praliné de Avelã 420g,9990307008,Pomada de manteiga de cacau,0.00231,PC
05004163,Ovo - Praliné de Avelã 420g,9990311043,Praliné de Avelã,0.153846,PC
05004163,Ovo - Praliné de Avelã 420g,0140106805,Açúcar refinado,0.061538,KG
05004163,Ovo - Praliné de Avelã 420g,9990111020,Avelã,0.092308,KG
05004164,Ovo - Recheio de Cupuaçu 420g,0050301007,Amêndoa de Cacau Seca Aprovada - Sakaguc,0.02904,KG
05004164,Ovo - Recheio de Cupuaçu 420g,0050302011,AMÊNDOA DE CACAU TORRADA - SAKAGUCHI  12,0.02904,KG
05004164,Ovo - Recheio de Cupuaçu 420g,0050303004,NIBS DE CACAU - SAKAGUCHI NT 120-35,0.0264,KG
05004164,Ovo - Recheio de Cupuaçu 420g,0050304005,LIQUOR DE CACAU - SAKAGUCHI  NT24,0.038491,KG
05004164,Ovo - Recheio de Cupuaçu 420g,0140106805,Açúcar refinado,0.108096,KG
05004164,Ovo - Recheio de Cupuaçu 420g,03001001,Leite em Pó integral,0.08019,KG
05004164,Ovo - Recheio de Cupuaçu 420g,9990107001,MANTEIGA DE CACAU desodorizada,0.09302,KG
05004164,Ovo - Recheio de Cupuaçu 420g,9990111005,Lecitina de Soja,0.000962,LT
05004164,Ovo - Recheio de Cupuaçu 420g,0050305006,MASSA DE CHOCOLATE -AO LEITE   NF24,0.08,KG
05004164,Ovo - Recheio de Cupuaçu 420g,0050305006,MASSA DE CHOCOLATE -AO LEITE   NF24,0.14,KG
05004164,Ovo - Recheio de Cupuaçu 420g,0050315005,Face de Ovo - Chocolate ao Leite,2,UN
05004164,Ovo - Recheio de Cupuaçu 420g,9990311042,Recheio Doce de Cupuaçu,0.22,KG
05004164,Ovo - Recheio de Cupuaçu 420g,0050315008,Face de Ovo Recheada - Cupuaçu,2,UN
05004164,Ovo - Recheio de Cupuaçu 420g,0200216012,Papel Celofane,0.02,PC
05004164,Ovo - Recheio de Cupuaçu 420g,0200216015,Papel Chumbo Azul Claro,1,PC
05004164,Ovo - Recheio de Cupuaçu 420g,0050305006,MASSA DE CHOCOLATE -AO LEITE   NF24,0.10076,KG
05004164,Ovo - Recheio de Cupuaçu 420g,9990107001,MANTEIGA DE CACAU desodorizada,0.001672,KG
05004164,Ovo - Recheio de Cupuaçu 420g,9990111006,Manteiga de Leite,0.015048,KG
05004164,Ovo - Recheio de Cupuaçu 420g,9990111008,Xarope de glucose,0.01848,KG
05004164,Ovo - Recheio de Cupuaçu 420g,9990111021,DEXTROSE,0.025168,KG
05004164,Ovo - Recheio de Cupuaçu 420g,9990111023,Sorbitol em Pó,0.020152,KG
05004164,Ovo - Recheio de Cupuaçu 420g,9990111059,Cupuaçu Liofilizado,0.0088,KG
05004164,Ovo - Recheio de Cupuaçu 420g,9990315026,Polpa de Cupuaçu Reduzida,0.038544,PC
05004164,Ovo - Recheio de Cupuaçu 420g,0140106805,Açúcar refinado,0.005396,KG
05004164,Ovo - Recheio de Cupuaçu 420g,9990111013,Polpa Cupuaçu,0.038544,KG
05004165,Trio de Mini Ovos 75g,0020301006,Amêndoa de Cacau Seca Aprovada - Mocajub,0.015125,KG
05004165,Trio de Mini Ovos 75g,0020302002,Amêndoa de Cacau Torrada - Mocajuba (PA),0.015125,KG
05004165,Trio de Mini Ovos 75g,0020303003,Nibs de Cacau - Mocajuba (PA),0.01375,KG
05004165,Trio de Mini Ovos 75g,0020304004,Liquor de Cacau - Mocajuba (PA),0.01375,KG
05004165,Trio de Mini Ovos 75g,0140106004,Açúcar Demerara,0.009,KG
05004165,Trio de Mini Ovos 75g,9990107001,MANTEIGA DE CACAU desodorizada,0.002,KG
05004165,Trio de Mini Ovos 75g,9990111005,Lecitina de Soja,7.5e-05,LT
05004165,Trio de Mini Ovos 75g,0020305008,Massa de Chocolate - Mocajuba Intenso,0.025,KG
05004165,Trio de Mini Ovos 75g,0050301007,Amêndoa de Cacau Seca Aprovada - Sakaguc,0.0063,KG
05004165,Trio de Mini Ovos 75g,0050302011,AMÊNDOA DE CACAU TORRADA - SAKAGUCHI  12,0.0063,KG
05004165,Trio de Mini Ovos 75g,0050303004,NIBS DE CACAU - SAKAGUCHI NT 120-35,0.005727,KG
05004165,Trio de Mini Ovos 75g,0050304005,LIQUOR DE CACAU - SAKAGUCHI  NT24,0.005727,KG
05004165,Trio de Mini Ovos 75g,0140106805,Açúcar refinado,0.016084,KG
05004165,Trio de Mini Ovos 75g,03001001,Leite em Pó integral,0.011932,KG
05004165,Trio de Mini Ovos 75g,9990107001,MANTEIGA DE CACAU desodorizada,0.013841,KG
05004165,Trio de Mini Ovos 75g,9990111005,Lecitina de Soja,0.000143,LT
05004165,Trio de Mini Ovos 75g,0050305006,MASSA DE CHOCOLATE -AO LEITE   NF24,0.022727,KG
05004165,Trio de Mini Ovos 75g,9990111056,Castanha do Pará,0.002273,KG
05004165,Trio de Mini Ovos 75g,0050305006,MASSA DE CHOCOLATE -AO LEITE   NF24,0.025,KG
05004165,Trio de Mini Ovos 75g,0050305035,Massa Choco ao leite com Castanha Pará,0.025,KG
05004165,Trio de Mini Ovos 75g,0020315005,Face mini Ovo Intenso,2,PC
05004165,Trio de Mini Ovos 75g,0050315009,Face Mini ovo ao Leite,2,PC
05004165,Trio de Mini Ovos 75g,0050315010,Face mini Ovo castanha do Pará,2,PC
05004165,Trio de Mini Ovos 75g,0190213156,Blister Para 3 Ovos 50g,1,PC
05004165,Trio de Mini Ovos 75g,0190213157,Caixa Trio Mini Ovos,1,PC
05004165,Trio de Mini Ovos 75g,0190213158,Berço Trio Mini Ovos,2,PC
05004165,Trio de Mini Ovos 75g,019021424,CARTÃO QR,1,UN
05004166,Ovo de Páscoa Chocolate Ao Leite 100g,0050301007,Amêndoa de Cacau Seca Aprovada - Sakaguc,0.0132,KG
05004166,Ovo de Páscoa Chocolate Ao Leite 100g,0050302011,AMÊNDOA DE CACAU TORRADA - SAKAGUCHI  12,0.0132,KG
05004166,Ovo de Páscoa Chocolate Ao Leite 100g,0050303004,NIBS DE CACAU - SAKAGUCHI NT 120-35,0.012,KG
05004166,Ovo de Páscoa Chocolate Ao Leite 100g,0050304005,LIQUOR DE CACAU - SAKAGUCHI  NT24,0.012,KG
05004166,Ovo de Páscoa Chocolate Ao Leite 100g,0140106805,Açúcar refinado,0.0337,KG
05004166,Ovo de Páscoa Chocolate Ao Leite 100g,03001001,Leite em Pó integral,0.025,KG
05004166,Ovo de Páscoa Chocolate Ao Leite 100g,9990107001,MANTEIGA DE CACAU desodorizada,0.029,KG
05004166,Ovo de Páscoa Chocolate Ao Leite 100g,9990111005,Lecitina de Soja,0.0003,LT
05004166,Ovo de Páscoa Chocolate Ao Leite 100g,0050305006,MASSA DE CHOCOLATE -AO LEITE   NF24,0.1,KG
05004166,Ovo de Páscoa Chocolate Ao Leite 100g,0050315011,Face do Ovo de 100g - Chocolate ao Leite,2,PC
05004166,Ovo de Páscoa Chocolate Ao Leite 100g,0190213162,Fita Cetim Azul Sideral 15mm,0.001429,PC
05004166,Ovo de Páscoa Chocolate Ao Leite 100g,0190213163,Folder dos Ovos de Páscoa 100g,1,PC
05004166,Ovo de Páscoa Chocolate Ao Leite 100g,0200216016,Papel Chumbo Prata 26x20cm,1,PC
05004166,Ovo de Páscoa Chocolate Ao Leite 100g,0200216017,Papel Celofane Laranja,0.5,PC
05004167,Lingua de Onça Choco ao Leite 11g WTC,0050301007,Amêndoa de Cacau Seca Aprovada - Sakaguc,0.001438,KG
05004167,Lingua de Onça Choco ao Leite 11g WTC,0050302011,AMÊNDOA DE CACAU TORRADA - SAKAGUCHI  12,0.001438,KG
05004167,Lingua de Onça Choco ao Leite 11g WTC,0050303004,NIBS DE CACAU - SAKAGUCHI NT 120-35,0.001307,KG
05004167,Lingua de Onça Choco ao Leite 11g WTC,0050304005,LIQUOR DE CACAU - SAKAGUCHI  NT24,0.001307,KG
05004167,Lingua de Onça Choco ao Leite 11g WTC,0140106805,Açúcar refinado,0.00367,KG
05004167,Lingua de Onça Choco ao Leite 11g WTC,03001001,Leite em Pó integral,0.002723,KG
05004167,Lingua de Onça Choco ao Leite 11g WTC,9990107001,MANTEIGA DE CACAU desodorizada,0.003158,KG
05004167,Lingua de Onça Choco ao Leite 11g WTC,9990111005,Lecitina de Soja,3.3e-05,LT
05004167,Lingua de Onça Choco ao Leite 11g WTC,0050305006,MASSA DE CHOCOLATE -AO LEITE   NF24,0.01089,KG
05004167,Lingua de Onça Choco ao Leite 11g WTC,9990307008,Pomada de manteiga de cacau,0.00011,PC
05004167,Lingua de Onça Choco ao Leite 11g WTC,0050305014,PP LÍNGUA DE ONÇA 11G AO LEITE,1,PC
05004167,Lingua de Onça Choco ao Leite 11g WTC,0190213076,Embalagem Flowpack choco ao leite,1,PC
05004167,Lingua de Onça Choco ao Leite 11g WTC,9990107001,MANTEIGA DE CACAU desodorizada,0.00011,KG
05004178,MAGIO Povos Xiba 63% 60g,0010301006,Amêndoa de Cacau Seca Aprovada - Xiba,0.024453,KG
05004178,MAGIO Povos Xiba 63% 60g,0010302002,Amêndoa de Cacau Torrada - Xiba,0.03762,KG
05004178,MAGIO Povos Xiba 63% 60g,0010303003,Nibs de Cacau - Xiba,0.0342,KG
05004178,MAGIO Povos Xiba 63% 60g,0140106004,Açúcar Demerara,0.0222,KG
05004178,MAGIO Povos Xiba 63% 60g,9990107001,MANTEIGA DE CACAU desodorizada,0.0036,KG
05004178,MAGIO Povos Xiba 63% 60g,0010305007,Massa de Chocolate Xiba 63%,0.06,KG
05004178,MAGIO Povos Xiba 63% 60g,0010321002,Barra 60g Terroir da Amazonia XIBA 63%,1,PC
05004178,MAGIO Povos Xiba 63% 60g,0190213057,Embalagem – mod. Envelope p/ barra,1,PC
05004178,MAGIO Povos Xiba 63% 60g,0190213104,Folha papel barrado Mágio,1,UN
05004178,MAGIO Povos Xiba 63% 60g,019021424,CARTÃO QR,1,UN
05004178,MAGIO Povos Xiba 63% 60g,9990712045,Etiqueta Lacre 2 - Adesivo transparente,1,PC
05004178,MAGIO Povos Xiba 63% 60g,9990712046,Etiqueta Lacre 1  - Adesivo com hot stam,1,PC
05004178,MAGIO Povos Xiba 63% 60g,9990712056,Etiqueta alto teor de açúcar e gordura,1,PC
05004178,MAGIO Povos Xiba 63% 60g,9990712069,Etiqueta xiba 63% frente,1,PC
05004178,MAGIO Povos Xiba 63% 60g,9990712070,Etiqueta Xiba 63% Verso,1,PC
05004181,Sibionics Chocolate Ao Leite Flowpack,0050301007,Amêndoa de Cacau Seca Aprovada - Sakaguc,0.000436,KG
05004181,Sibionics Chocolate Ao Leite Flowpack,0050302011,AMÊNDOA DE CACAU TORRADA - SAKAGUCHI  12,0.000436,KG
05004181,Sibionics Chocolate Ao Leite Flowpack,0050303004,NIBS DE CACAU - SAKAGUCHI NT 120-35,0.000396,KG
05004181,Sibionics Chocolate Ao Leite Flowpack,0050304005,LIQUOR DE CACAU - SAKAGUCHI  NT24,0.000396,KG
05004181,Sibionics Chocolate Ao Leite Flowpack,0140106805,Açúcar refinado,0.001112,KG
05004181,Sibionics Chocolate Ao Leite Flowpack,03001001,Leite em Pó integral,0.000825,KG
05004181,Sibionics Chocolate Ao Leite Flowpack,9990107001,MANTEIGA DE CACAU desodorizada,0.000957,KG
05004181,Sibionics Chocolate Ao Leite Flowpack,9990111005,Lecitina de Soja,1e-05,LT
05004181,Sibionics Chocolate Ao Leite Flowpack,0050305006,MASSA DE CHOCOLATE -AO LEITE   NF24,0.0033,KG
05004181,Sibionics Chocolate Ao Leite Flowpack,0050305040,"PP Sibionics Choco ao Leite 3,3 g",1,PC
05004181,Sibionics Chocolate Ao Leite Flowpack,019021309,"Flowpack Ao Leite Sibionics - 3,3g",1,PC
05004182,Bolo de Chocolate Mágio,0020301006,Amêndoa de Cacau Seca Aprovada - Mocajub,0.317625,KG
05004182,Bolo de Chocolate Mágio,0020302002,Amêndoa de Cacau Torrada - Mocajuba (PA),0.317625,KG
05004182,Bolo de Chocolate Mágio,0020303003,Nibs de Cacau - Mocajuba (PA),0.28875,KG
05004182,Bolo de Chocolate Mágio,0020304004,Liquor de Cacau - Mocajuba (PA),0.28875,KG
05004182,Bolo de Chocolate Mágio,0140106004,Açúcar Demerara,0.189,KG
05004182,Bolo de Chocolate Mágio,9990107001,MANTEIGA DE CACAU desodorizada,0.042,KG
05004182,Bolo de Chocolate Mágio,9990111005,Lecitina de Soja,0.001575,LT
05004182,Bolo de Chocolate Mágio,0020315002,Massa Do Bolo de Chocolate,1.7,KG
05004182,Bolo de Chocolate Mágio,0020315003,Recheio Intenso Bolo de Chocolate,0.46,KG
05004182,Bolo de Chocolate Mágio,0020315004,Cobertura Bolo de Chocolate,0.7,KG
05004182,Bolo de Chocolate Mágio,0050315004,Recheio Ao Leite Bolo de Chocolate,0.92,KG
05004182,Bolo de Chocolate Mágio,9990311045,Calda Bolo de Chocolate,0.2,KG
05004182,Bolo de Chocolate Mágio,0050111003,Semente de Cumaru,0.0017,KG
05004182,Bolo de Chocolate Mágio,0140106805,Açúcar refinado,0.15844,KG
05004182,Bolo de Chocolate Mágio,0140106806,Açúcar Mascavo,0.316863,KG
05004182,Bolo de Chocolate Mágio,0260305001,Massa de Chocolate Intenso - Moju,0.301019,KG
05004182,Bolo de Chocolate Mágio,9990111006,Manteiga de Leite,0.475303,KG
05004182,Bolo de Chocolate Mágio,9990111068,Farinha de Trigo,0.11883,KG
05004182,Bolo de Chocolate Mágio,99901110703,Gema de ovo pasteurizada,0.05474,KG
05004182,Bolo de Chocolate Mágio,99901110704,Clara de ovo pasteurizada,0.20825,KG
05004182,Bolo de Chocolate Mágio,9990117003,Cacau em Pó Alcalino,0.063376,KG
05004182,Bolo de Chocolate Mágio,0050111003,Semente de Cumaru,0.00046,KG
05004182,Bolo de Chocolate Mágio,0260305001,Massa de Chocolate Intenso - Moju,0.25668,KG
05004182,Bolo de Chocolate Mágio,9990111003,Creme de Leite UHT 25%,0.20217,KG
05004182,Bolo de Chocolate Mágio,0020305008,Massa de Chocolate - Mocajuba Intenso,0.525,KG
05004182,Bolo de Chocolate Mágio,9990111003,Creme de Leite UHT 25%,0.175,KG
05004182,Bolo de Chocolate Mágio,0040303003,Nibs de Cacau - Vale do Jarí (PA/AP),0.0195,KG
05004182,Bolo de Chocolate Mágio,0140106004,Açúcar Demerara,0.0105,KG
05004182,Bolo de Chocolate Mágio,0040301006,Amêndoa de Cacau Seca Aprovada - Vale do,0.02145,KG
05004182,Bolo de Chocolate Mágio,0040302002,Amêndoa de Cacau Torrada - Vale do Jarí,0.02145,KG
05004182,Bolo de Chocolate Mágio,0050301007,Amêndoa de Cacau Seca Aprovada - Sakaguc,0.005702,KG
05004182,Bolo de Chocolate Mágio,0050302011,AMÊNDOA DE CACAU TORRADA - SAKAGUCHI  12,0.005702,KG
05004182,Bolo de Chocolate Mágio,0050303004,NIBS DE CACAU - SAKAGUCHI NT 120-35,0.005184,KG
05004182,Bolo de Chocolate Mágio,0050304005,LIQUOR DE CACAU - SAKAGUCHI  NT24,0.083866,KG
05004182,Bolo de Chocolate Mágio,0140106805,Açúcar refinado,0.235524,KG
05004182,Bolo de Chocolate Mágio,03001001,Leite em Pó integral,0.174721,KG
05004182,Bolo de Chocolate Mágio,9990107001,MANTEIGA DE CACAU desodorizada,0.202676,KG
05004182,Bolo de Chocolate Mágio,9990111005,Lecitina de Soja,0.002097,LT
05004182,Bolo de Chocolate Mágio,0050111003,Semente de Cumaru,0.00092,KG
05004182,Bolo de Chocolate Mágio,0050305006,MASSA DE CHOCOLATE -AO LEITE   NF24,0.655684,KG
05004182,Bolo de Chocolate Mágio,9990111003,Creme de Leite UHT 25%,0.261556,KG
05004182,Bolo de Chocolate Mágio,0050305006,MASSA DE CHOCOLATE -AO LEITE   NF24,0.0432,KG
05004182,Bolo de Chocolate Mágio,00403005,Massa de Chocolate - Chocolate - Vale do,0.03,KG
05004182,Bolo de Chocolate Mágio,0260101001,Amêndoa de Cacau Seca Aprovada- Moju-Pa,0.201421,KG
05004182,Bolo de Chocolate Mágio,0260102001,Amêndoa torrada aprovada Moju,0.18311,KG
05004182,Bolo de Chocolate Mágio,0260303001,Nibs de Cacau Moju,0.166464,KG
05004182,Bolo de Chocolate Mágio,0140106004,Açúcar Demerara,0.200772,KG
05004182,Bolo de Chocolate Mágio,0260304001,Liquor de Cacau - Moju,0.308408,KG
05004182,Bolo de Chocolate Mágio,9990107001,MANTEIGA DE CACAU desodorizada,0.046847,KG
05004182,Bolo de Chocolate Mágio,9990111005,Lecitina de Soja,0.001673,LT
05004182,Bolo de Chocolate Mágio,0020315001,Bolo de Chocolate Loja,1,UN
05004182,Bolo de Chocolate Mágio,0050321001,Barra 60g Terroir da Amazonia Saka ao le,0.72,PC
05004182,Bolo de Chocolate Mágio,05104084,Barra Vale do Jari Granel 60g,0.5,PC
05004182,Bolo de Chocolate Mágio,9990111047,Leite integral,0.5,LT
05004182,Bolo de Chocolate Mágio,9990311044,Praliné de castanhas - Bolo de chocolate,0.5,KG
05004182,Bolo de Chocolate Mágio,0050321021,Barra 60g Terroir da Amazonia Vale do Ja,0.5,PC
05004182,Bolo de Chocolate Mágio,0190213056,Envelope plastico transparente,0.5,PC
05004182,Bolo de Chocolate Mágio,0140106805,Açúcar refinado,0.25,KG
05004182,Bolo de Chocolate Mágio,9990111056,Castanha do Pará,0.125,KG
05004182,Bolo de Chocolate Mágio,9990111073,Castanha de Caju,0.125,KG
05004182,Bolo de Chocolate Mágio,0050111003,Semente de Cumaru,0.00066,KG
05004182,Bolo de Chocolate Mágio,0140106805,Açúcar refinado,0.066667,KG
05004300,Selecao Degustacao Magio 1,0020301006,Amêndoa de Cacau Seca Aprovada - Mocajub,0.001152,KG
05004300,Selecao Degustacao Magio 1,0020302002,Amêndoa de Cacau Torrada - Mocajuba (PA),0.001152,KG
05004300,Selecao Degustacao Magio 1,0020303003,Nibs de Cacau - Mocajuba (PA),0.001047,KG
05004300,Selecao Degustacao Magio 1,0020304004,Liquor de Cacau - Mocajuba (PA),0.001047,KG
05004300,Selecao Degustacao Magio 1,0140106004,Açúcar Demerara,0.000685,KG
05004300,Selecao Degustacao Magio 1,9990107001,MANTEIGA DE CACAU desodorizada,0.000152,KG
05004300,Selecao Degustacao Magio 1,9990111005,Lecitina de Soja,6e-06,LT
05004300,Selecao Degustacao Magio 1,0210101001,Amêndoa de Cupuaçu - Sakaguchi (PA),0.006534,KG
05004300,Selecao Degustacao Magio 1,0050301007,Amêndoa de Cacau Seca Aprovada - Sakaguc,0.000686,KG
05004300,Selecao Degustacao Magio 1,0050302011,AMÊNDOA DE CACAU TORRADA - SAKAGUCHI  12,0.000686,KG
05004300,Selecao Degustacao Magio 1,0210303001,Nibs de Cupuaçu - Sakaguchi,0.00594,KG
05004300,Selecao Degustacao Magio 1,0050303004,NIBS DE CACAU - SAKAGUCHI NT 120-35,0.000624,KG
05004300,Selecao Degustacao Magio 1,0050304005,LIQUOR DE CACAU - SAKAGUCHI  NT24,0.001019,KG
05004300,Selecao Degustacao Magio 1,0140106805,Açúcar refinado,0.00286,KG
05004300,Selecao Degustacao Magio 1,03001001,Leite em Pó integral,0.002122,KG
05004300,Selecao Degustacao Magio 1,9990107001,MANTEIGA DE CACAU desodorizada,0.002461,KG
05004300,Selecao Degustacao Magio 1,9990111005,Lecitina de Soja,2.5e-05,LT
05004300,Selecao Degustacao Magio 1,02104013,Sakaguchi Cupulate 50g,0.22,UN
05004300,Selecao Degustacao Magio 1,0050302010,Amêndoa de Cupuaçu Torrada - SAKAGUCHI,0.006534,KG
05004300,Selecao Degustacao Magio 1,0050303010,LIQUOR DE CUPUAÇU -SAKAGUCHI,0.00594,KG
05004300,Selecao Degustacao Magio 1,0140106004,Açúcar Demerara,0.00187,KG
05004300,Selecao Degustacao Magio 1,9990107001,MANTEIGA DE CACAU desodorizada,0.00319,KG
05004300,Selecao Degustacao Magio 1,0190213030,Embalagem - Barra de Cupulate - Sakaguch,0.22,UN
05004300,Selecao Degustacao Magio 1,0190214016,Cartão Surpresa - Prima Stampa,0.22,UN
05004300,Selecao Degustacao Magio 1,0200216011,"Papel Chumbo - Cromus - 43,5cm x 59cm",0.0352,UN
05004300,Selecao Degustacao Magio 1,0210305004,Massa  de Cupuaçu - Sakaguchi,0.011,KG
05004300,Selecao Degustacao Magio 1,9970212003,ETIQ ADESIVA | PAPEL COUCHE A20-C | 30X3,0.22,UN
05004300,Selecao Degustacao Magio 1,9970212004,ETIQ PIMACO A4348 LASER 100F 9600UND,0.22,UN
05004300,Selecao Degustacao Magio 1,9990712002,ETIQUETA PARA QR CODE 40x40mm,0.22,UN
05004300,Selecao Degustacao Magio 1,05104016,"Bombom SF Leite Ganache de Maracujá 7,7g",1,PC
05004300,Selecao Degustacao Magio 1,05104018,"Bombom SF Leite Ganache de Cupuaçu 7,7g",1,PC
05004300,Selecao Degustacao Magio 1,05104028,Língua de Onça Cupulate 11g,1,PC
05004300,Selecao Degustacao Magio 1,0050305006,MASSA DE CHOCOLATE -AO LEITE   NF24,0.00308,KG
05004300,Selecao Degustacao Magio 1,9990311041,Ganache maracujá,0.00462,PC
05004300,Selecao Degustacao Magio 1,0050305006,MASSA DE CHOCOLATE -AO LEITE   NF24,0.00308,KG
05004300,Selecao Degustacao Magio 1,9990311036,Ganache Cupuaçu,0.00462,KG
05004300,Selecao Degustacao Magio 1,0050305019,PP LÍNGUA DE ONÇA CUPUAÇU 11G,1,PC
05004300,Selecao Degustacao Magio 1,0050305006,MASSA DE CHOCOLATE -AO LEITE   NF24,0.002116,KG
05004300,Selecao Degustacao Magio 1,9990107001,MANTEIGA DE CACAU desodorizada,3.5e-05,KG
05004300,Selecao Degustacao Magio 1,9990111006,Manteiga de Leite,0.000316,KG
05004300,Selecao Degustacao Magio 1,9990111008,Xarope de glucose,0.000388,KG
05004300,Selecao Degustacao Magio 1,9990111021,DEXTROSE,0.000529,KG
05004300,Selecao Degustacao Magio 1,9990111023,Sorbitol em Pó,0.000423,KG
05004300,Selecao Degustacao Magio 1,9990111059,Cupuaçu Liofilizado,0.000185,KG
05004300,Selecao Degustacao Magio 1,9990315026,Polpa de Cupuaçu Reduzida,0.000809,PC
05004300,Selecao Degustacao Magio 1,0020305008,Massa de Chocolate - Mocajuba Intenso,0.001904,KG
05004300,Selecao Degustacao Magio 1,0050305006,MASSA DE CHOCOLATE -AO LEITE   NF24,0.000212,KG
05004300,Selecao Degustacao Magio 1,878,Maracujá liofilizado,5.5e-05,KG
05004300,Selecao Degustacao Magio 1,9990107001,MANTEIGA DE CACAU desodorizada,3.5e-05,KG
05004300,Selecao Degustacao Magio 1,9990111006,Manteiga de Leite,0.000316,KG
05004300,Selecao Degustacao Magio 1,9990111008,Xarope de glucose,0.000388,KG
05004300,Selecao Degustacao Magio 1,9990111021,DEXTROSE,0.000529,KG
05004300,Selecao Degustacao Magio 1,9990111023,Sorbitol em Pó,0.000423,KG
05004300,Selecao Degustacao Magio 1,9990315025,Polpa de Maracujá Reduzida,0.000809,KG
05004300,Selecao Degustacao Magio 1,0140106805,Açúcar refinado,0.000113,KG
05004300,Selecao Degustacao Magio 1,9990111015,Polpa Maracujá,0.000809,KG
05004300,Selecao Degustacao Magio 1,0140106805,Açúcar refinado,0.000113,KG
05004300,Selecao Degustacao Magio 1,9990111013,Polpa Cupuaçu,0.000809,KG
05104001,Bombom SF Praliné ao leite 10g,0050301007,Amêndoa de Cacau Seca Aprovada - Sakaguc,0.000757,KG
05104001,Bombom SF Praliné ao leite 10g,0050302011,AMÊNDOA DE CACAU TORRADA - SAKAGUCHI  12,0.000757,KG
05104001,Bombom SF Praliné ao leite 10g,0050303004,NIBS DE CACAU - SAKAGUCHI NT 120-35,0.000688,KG
05104001,Bombom SF Praliné ao leite 10g,0050304005,LIQUOR DE CACAU - SAKAGUCHI  NT24,0.000688,KG
05104001,Bombom SF Praliné ao leite 10g,0140106805,Açúcar refinado,0.001932,KG
05104001,Bombom SF Praliné ao leite 10g,03001001,Leite em Pó integral,0.001433,KG
05104001,Bombom SF Praliné ao leite 10g,9990107001,MANTEIGA DE CACAU desodorizada,0.001662,KG
05104001,Bombom SF Praliné ao leite 10g,9990111005,Lecitina de Soja,1.8e-05,LT
05104001,Bombom SF Praliné ao leite 10g,0050305006,MASSA DE CHOCOLATE -AO LEITE   NF24,0.0045,KG
05104001,Bombom SF Praliné ao leite 10g,9990311030,Praliné de Avelã colagem,0.0055,KG
05104001,Bombom SF Praliné ao leite 10g,9990107001,MANTEIGA DE CACAU desodorizada,5.8e-05,KG
05104001,Bombom SF Praliné ao leite 10g,0050305006,MASSA DE CHOCOLATE -AO LEITE   NF24,0.001231,KG
05104001,Bombom SF Praliné ao leite 10g,9990107001,MANTEIGA DE CACAU desodorizada,0.000365,KG
05104001,Bombom SF Praliné ao leite 10g,9990307008,Pomada de manteiga de cacau,5.8e-05,PC
05104001,Bombom SF Praliné ao leite 10g,9990311043,Praliné de Avelã,0.003846,PC
05104001,Bombom SF Praliné ao leite 10g,0140106805,Açúcar refinado,0.001538,KG
05104001,Bombom SF Praliné ao leite 10g,9990111020,Avelã,0.002308,KG
05104002,Bombom SF Ganache de Choco ao leite 10g,0020301006,Amêndoa de Cacau Seca Aprovada - Mocajub,0.001946,KG
05104002,Bombom SF Ganache de Choco ao leite 10g,0020302002,Amêndoa de Cacau Torrada - Mocajuba (PA),0.001946,KG
05104002,Bombom SF Ganache de Choco ao leite 10g,0020303003,Nibs de Cacau - Mocajuba (PA),0.001769,KG
05104002,Bombom SF Ganache de Choco ao leite 10g,0020304004,Liquor de Cacau - Mocajuba (PA),0.001769,KG
05104002,Bombom SF Ganache de Choco ao leite 10g,0140106004,Açúcar Demerara,0.001158,KG
05104002,Bombom SF Ganache de Choco ao leite 10g,9990107001,MANTEIGA DE CACAU desodorizada,0.000257,KG
05104002,Bombom SF Ganache de Choco ao leite 10g,9990111005,Lecitina de Soja,1e-05,LT
05104002,Bombom SF Ganache de Choco ao leite 10g,0050301007,Amêndoa de Cacau Seca Aprovada - Sakaguc,0.000594,KG
05104002,Bombom SF Ganache de Choco ao leite 10g,0050302011,AMÊNDOA DE CACAU TORRADA - SAKAGUCHI  12,0.000594,KG
05104002,Bombom SF Ganache de Choco ao leite 10g,0050303004,NIBS DE CACAU - SAKAGUCHI NT 120-35,0.00054,KG
05104002,Bombom SF Ganache de Choco ao leite 10g,0050304005,LIQUOR DE CACAU - SAKAGUCHI  NT24,0.00054,KG
05104002,Bombom SF Ganache de Choco ao leite 10g,0140106805,Açúcar refinado,0.001517,KG
05104002,Bombom SF Ganache de Choco ao leite 10g,03001001,Leite em Pó integral,0.001125,KG
05104002,Bombom SF Ganache de Choco ao leite 10g,9990107001,MANTEIGA DE CACAU desodorizada,0.001305,KG
05104002,Bombom SF Ganache de Choco ao leite 10g,9990111005,Lecitina de Soja,1.4e-05,LT
05104002,Bombom SF Ganache de Choco ao leite 10g,0050305006,MASSA DE CHOCOLATE -AO LEITE   NF24,0.0045,KG
05104002,Bombom SF Ganache de Choco ao leite 10g,9990311025,Ganache Chocolate intenso,0.0055,KG
05104002,Bombom SF Ganache de Choco ao leite 10g,0020305008,Massa de Chocolate - Mocajuba Intenso,0.003217,KG
05104002,Bombom SF Ganache de Choco ao leite 10g,0140106804,Açúcar invertido,0.0003,KG
05104002,Bombom SF Ganache de Choco ao leite 10g,9990107001,MANTEIGA DE CACAU desodorizada,5.4e-05,KG
05104002,Bombom SF Ganache de Choco ao leite 10g,9990111003,Creme de Leite UHT 25%,0.001358,KG
05104002,Bombom SF Ganache de Choco ao leite 10g,9990111006,Manteiga de Leite,0.00025,KG
05104002,Bombom SF Ganache de Choco ao leite 10g,9990111023,Sorbitol em Pó,0.000322,KG
05104003,Lua Cheia Chocolate Ao Leite 20g,0050301007,Amêndoa de Cacau Seca Aprovada - Sakaguc,0.001748,KG
05104003,Lua Cheia Chocolate Ao Leite 20g,0050302011,AMÊNDOA DE CACAU TORRADA - SAKAGUCHI  12,0.001748,KG
05104003,Lua Cheia Chocolate Ao Leite 20g,0050303004,NIBS DE CACAU - SAKAGUCHI NT 120-35,0.001589,KG
05104003,Lua Cheia Chocolate Ao Leite 20g,0050304005,LIQUOR DE CACAU - SAKAGUCHI  NT24,0.001589,KG
05104003,Lua Cheia Chocolate Ao Leite 20g,0140106805,Açúcar refinado,0.00446,KG
05104003,Lua Cheia Chocolate Ao Leite 20g,03001001,Leite em Pó integral,0.00331,KG
05104003,Lua Cheia Chocolate Ao Leite 20g,9990107001,MANTEIGA DE CACAU desodorizada,0.003839,KG
05104003,Lua Cheia Chocolate Ao Leite 20g,9990111005,Lecitina de Soja,4e-05,LT
05104003,Lua Cheia Chocolate Ao Leite 20g,0050305006,MASSA DE CHOCOLATE -AO LEITE   NF24,0.00333,KG
05104003,Lua Cheia Chocolate Ao Leite 20g,9990111042,Xerem de Castanha de Caju,0.00167,KG
05104003,Lua Cheia Chocolate Ao Leite 20g,9990311040,Colagem praliné para lua cheia,0.015,PC
05104003,Lua Cheia Chocolate Ao Leite 20g,9990107001,MANTEIGA DE CACAU desodorizada,0.000149,KG
05104003,Lua Cheia Chocolate Ao Leite 20g,0050305006,MASSA DE CHOCOLATE -AO LEITE   NF24,0.009906,KG
05104003,Lua Cheia Chocolate Ao Leite 20g,9990107001,MANTEIGA DE CACAU desodorizada,0.000832,KG
05104003,Lua Cheia Chocolate Ao Leite 20g,9990307008,Pomada de manteiga de cacau,0.000149,PC
05104003,Lua Cheia Chocolate Ao Leite 20g,9990311043,Praliné de Avelã,0.004114,PC
05104003,Lua Cheia Chocolate Ao Leite 20g,0140106805,Açúcar refinado,0.001646,KG
05104003,Lua Cheia Chocolate Ao Leite 20g,9990111020,Avelã,0.002468,KG
05104004,Lua Cheia Chocolate Branco 20g,0050301007,Amêndoa de Cacau Seca Aprovada - Sakaguc,0.000349,KG
05104004,Lua Cheia Chocolate Branco 20g,0050302011,AMÊNDOA DE CACAU TORRADA - SAKAGUCHI  12,0.000349,KG
05104004,Lua Cheia Chocolate Branco 20g,0050303004,NIBS DE CACAU - SAKAGUCHI NT 120-35,0.000317,KG
05104004,Lua Cheia Chocolate Branco 20g,0050304005,LIQUOR DE CACAU - SAKAGUCHI  NT24,0.000317,KG
05104004,Lua Cheia Chocolate Branco 20g,0140106805,Açúcar refinado,0.00089,KG
05104004,Lua Cheia Chocolate Branco 20g,03001001,Leite em Pó integral,0.000661,KG
05104004,Lua Cheia Chocolate Branco 20g,9990107001,MANTEIGA DE CACAU desodorizada,0.000766,KG
05104004,Lua Cheia Chocolate Branco 20g,9990111005,Lecitina de Soja,8e-06,LT
05104004,Lua Cheia Chocolate Branco 20g,0050111003,Semente de Cumaru,0.000133,KG
05104004,Lua Cheia Chocolate Branco 20g,0140106805,Açúcar refinado,0.0044,KG
05104004,Lua Cheia Chocolate Branco 20g,03001001,Leite em Pó integral,0.003733,KG
05104004,Lua Cheia Chocolate Branco 20g,9990107002,MANTEIGA DE CACAU IBC ORGÂNICA,0.005067,KG
05104004,Lua Cheia Chocolate Branco 20g,0410305001,MASSA DE CHOCOLATE BRANCO ALTAMIRA,0.013333,KG
05104004,Lua Cheia Chocolate Branco 20g,9990111042,Xerem de Castanha de Caju,0.002667,KG
05104004,Lua Cheia Chocolate Branco 20g,9990311040,Colagem praliné para lua cheia,0.004,PC
05104004,Lua Cheia Chocolate Branco 20g,9990107001,MANTEIGA DE CACAU desodorizada,4e-05,KG
05104004,Lua Cheia Chocolate Branco 20g,0050305006,MASSA DE CHOCOLATE -AO LEITE   NF24,0.002642,KG
05104004,Lua Cheia Chocolate Branco 20g,9990107001,MANTEIGA DE CACAU desodorizada,0.000222,KG
05104004,Lua Cheia Chocolate Branco 20g,9990307008,Pomada de manteiga de cacau,4e-05,PC
05104004,Lua Cheia Chocolate Branco 20g,9990311043,Praliné de Avelã,0.001097,PC
05104004,Lua Cheia Chocolate Branco 20g,0140106805,Açúcar refinado,0.000439,KG
05104004,Lua Cheia Chocolate Branco 20g,9990111020,Avelã,0.000658,KG
05104005,Lua Cheia Chocolate Intenso 20g,0020301006,Amêndoa de Cacau Seca Aprovada - Mocajub,0.002015,KG
05104005,Lua Cheia Chocolate Intenso 20g,0020302002,Amêndoa de Cacau Torrada - Mocajuba (PA),0.002015,KG
05104005,Lua Cheia Chocolate Intenso 20g,0020303003,Nibs de Cacau - Mocajuba (PA),0.001832,KG
05104005,Lua Cheia Chocolate Intenso 20g,0020304004,Liquor de Cacau - Mocajuba (PA),0.001832,KG
05104005,Lua Cheia Chocolate Intenso 20g,0140106004,Açúcar Demerara,0.001199,KG
05104005,Lua Cheia Chocolate Intenso 20g,9990107001,MANTEIGA DE CACAU desodorizada,0.000266,KG
05104005,Lua Cheia Chocolate Intenso 20g,9990111005,Lecitina de Soja,1e-05,LT
05104005,Lua Cheia Chocolate Intenso 20g,0050301007,Amêndoa de Cacau Seca Aprovada - Sakaguc,0.001308,KG
05104005,Lua Cheia Chocolate Intenso 20g,0050302011,AMÊNDOA DE CACAU TORRADA - SAKAGUCHI  12,0.001308,KG
05104005,Lua Cheia Chocolate Intenso 20g,0050303004,NIBS DE CACAU - SAKAGUCHI NT 120-35,0.001189,KG
05104005,Lua Cheia Chocolate Intenso 20g,0050304005,LIQUOR DE CACAU - SAKAGUCHI  NT24,0.001189,KG
05104005,Lua Cheia Chocolate Intenso 20g,0140106805,Açúcar refinado,0.003338,KG
05104005,Lua Cheia Chocolate Intenso 20g,03001001,Leite em Pó integral,0.002477,KG
05104005,Lua Cheia Chocolate Intenso 20g,9990107001,MANTEIGA DE CACAU desodorizada,0.002873,KG
05104005,Lua Cheia Chocolate Intenso 20g,9990111005,Lecitina de Soja,3e-05,LT
05104005,Lua Cheia Chocolate Intenso 20g,0020305008,Massa de Chocolate - Mocajuba Intenso,0.00333,KG
05104005,Lua Cheia Chocolate Intenso 20g,9990111042,Xerem de Castanha de Caju,0.00167,KG
05104005,Lua Cheia Chocolate Intenso 20g,9990311040,Colagem praliné para lua cheia,0.015,PC
05104005,Lua Cheia Chocolate Intenso 20g,9990107001,MANTEIGA DE CACAU desodorizada,0.000149,KG
05104005,Lua Cheia Chocolate Intenso 20g,0050305006,MASSA DE CHOCOLATE -AO LEITE   NF24,0.009906,KG
05104005,Lua Cheia Chocolate Intenso 20g,9990107001,MANTEIGA DE CACAU desodorizada,0.000832,KG
05104005,Lua Cheia Chocolate Intenso 20g,9990307008,Pomada de manteiga de cacau,0.000149,PC
05104005,Lua Cheia Chocolate Intenso 20g,9990311043,Praliné de Avelã,0.004114,PC
05104005,Lua Cheia Chocolate Intenso 20g,0140106805,Açúcar refinado,0.001646,KG
05104005,Lua Cheia Chocolate Intenso 20g,9990111020,Avelã,0.002468,KG
05104006,Bombom Toco Branco Praliné 10g,0050301007,Amêndoa de Cacau Seca Aprovada - Sakaguc,0.000163,KG
05104006,Bombom Toco Branco Praliné 10g,0050302011,AMÊNDOA DE CACAU TORRADA - SAKAGUCHI  12,0.000163,KG
05104006,Bombom Toco Branco Praliné 10g,0050303004,NIBS DE CACAU - SAKAGUCHI NT 120-35,0.000148,KG
05104006,Bombom Toco Branco Praliné 10g,0050304005,LIQUOR DE CACAU - SAKAGUCHI  NT24,0.000148,KG
05104006,Bombom Toco Branco Praliné 10g,0140106805,Açúcar refinado,0.000415,KG
05104006,Bombom Toco Branco Praliné 10g,03001001,Leite em Pó integral,0.000308,KG
05104006,Bombom Toco Branco Praliné 10g,9990107001,MANTEIGA DE CACAU desodorizada,0.000357,KG
05104006,Bombom Toco Branco Praliné 10g,9990111005,Lecitina de Soja,4e-06,LT
05104006,Bombom Toco Branco Praliné 10g,0050111003,Semente de Cumaru,4.5e-05,KG
05104006,Bombom Toco Branco Praliné 10g,0140106805,Açúcar refinado,0.001485,KG
05104006,Bombom Toco Branco Praliné 10g,03001001,Leite em Pó integral,0.00126,KG
05104006,Bombom Toco Branco Praliné 10g,9990107002,MANTEIGA DE CACAU IBC ORGÂNICA,0.00171,KG
05104006,Bombom Toco Branco Praliné 10g,0410305001,MASSA DE CHOCOLATE BRANCO ALTAMIRA,0.0045,KG
05104006,Bombom Toco Branco Praliné 10g,9990311030,Praliné de Avelã colagem,0.0055,KG
05104006,Bombom Toco Branco Praliné 10g,9990107001,MANTEIGA DE CACAU desodorizada,5.8e-05,KG
05104006,Bombom Toco Branco Praliné 10g,0050305006,MASSA DE CHOCOLATE -AO LEITE   NF24,0.001231,KG
05104006,Bombom Toco Branco Praliné 10g,9990107001,MANTEIGA DE CACAU desodorizada,0.000365,KG
05104006,Bombom Toco Branco Praliné 10g,9990307008,Pomada de manteiga de cacau,5.8e-05,PC
05104006,Bombom Toco Branco Praliné 10g,9990311043,Praliné de Avelã,0.003846,PC
05104006,Bombom Toco Branco Praliné 10g,0140106805,Açúcar refinado,0.001538,KG
05104006,Bombom Toco Branco Praliné 10g,9990111020,Avelã,0.002308,KG
05104007,Bombom Intenso Praliné 10g,0020301006,Amêndoa de Cacau Seca Aprovada - Mocajub,0.002723,KG
05104007,Bombom Intenso Praliné 10g,0020302002,Amêndoa de Cacau Torrada - Mocajuba (PA),0.002723,KG
05104007,Bombom Intenso Praliné 10g,0020303003,Nibs de Cacau - Mocajuba (PA),0.002475,KG
05104007,Bombom Intenso Praliné 10g,0020304004,Liquor de Cacau - Mocajuba (PA),0.002475,KG
05104007,Bombom Intenso Praliné 10g,0140106004,Açúcar Demerara,0.00162,KG
05104007,Bombom Intenso Praliné 10g,9990107001,MANTEIGA DE CACAU desodorizada,0.00036,KG
05104007,Bombom Intenso Praliné 10g,9990111005,Lecitina de Soja,1.4e-05,LT
05104007,Bombom Intenso Praliné 10g,0050301007,Amêndoa de Cacau Seca Aprovada - Sakaguc,0.000163,KG
05104007,Bombom Intenso Praliné 10g,0050302011,AMÊNDOA DE CACAU TORRADA - SAKAGUCHI  12,0.000163,KG
05104007,Bombom Intenso Praliné 10g,0050303004,NIBS DE CACAU - SAKAGUCHI NT 120-35,0.000148,KG
05104007,Bombom Intenso Praliné 10g,0050304005,LIQUOR DE CACAU - SAKAGUCHI  NT24,0.000148,KG
05104007,Bombom Intenso Praliné 10g,0140106805,Açúcar refinado,0.000415,KG
05104007,Bombom Intenso Praliné 10g,03001001,Leite em Pó integral,0.000308,KG
05104007,Bombom Intenso Praliné 10g,9990107001,MANTEIGA DE CACAU desodorizada,0.000357,KG
05104007,Bombom Intenso Praliné 10g,9990111005,Lecitina de Soja,4e-06,LT
05104007,Bombom Intenso Praliné 10g,0020305008,Massa de Chocolate - Mocajuba Intenso,0.0045,KG
05104007,Bombom Intenso Praliné 10g,9990311030,Praliné de Avelã colagem,0.0055,KG
05104007,Bombom Intenso Praliné 10g,9990107001,MANTEIGA DE CACAU desodorizada,5.8e-05,KG
05104007,Bombom Intenso Praliné 10g,0050305006,MASSA DE CHOCOLATE -AO LEITE   NF24,0.001231,KG
05104007,Bombom Intenso Praliné 10g,9990107001,MANTEIGA DE CACAU desodorizada,0.000365,KG
05104007,Bombom Intenso Praliné 10g,9990307008,Pomada de manteiga de cacau,5.8e-05,PC
05104007,Bombom Intenso Praliné 10g,9990311043,Praliné de Avelã,0.003846,PC
05104007,Bombom Intenso Praliné 10g,0140106805,Açúcar refinado,0.001538,KG
05104007,Bombom Intenso Praliné 10g,9990111020,Avelã,0.002308,KG
05104008,Bombom ao Leite Praliné 10g,0050301007,Amêndoa de Cacau Seca Aprovada - Sakaguc,0.000757,KG
05104008,Bombom ao Leite Praliné 10g,0050302011,AMÊNDOA DE CACAU TORRADA - SAKAGUCHI  12,0.000757,KG
05104008,Bombom ao Leite Praliné 10g,0050303004,NIBS DE CACAU - SAKAGUCHI NT 120-35,0.000688,KG
05104008,Bombom ao Leite Praliné 10g,0050304005,LIQUOR DE CACAU - SAKAGUCHI  NT24,0.000688,KG
05104008,Bombom ao Leite Praliné 10g,0140106805,Açúcar refinado,0.001932,KG
05104008,Bombom ao Leite Praliné 10g,03001001,Leite em Pó integral,0.001433,KG
05104008,Bombom ao Leite Praliné 10g,9990107001,MANTEIGA DE CACAU desodorizada,0.001662,KG
05104008,Bombom ao Leite Praliné 10g,9990111005,Lecitina de Soja,1.8e-05,LT
05104008,Bombom ao Leite Praliné 10g,0050305006,MASSA DE CHOCOLATE -AO LEITE   NF24,0.0045,KG
05104008,Bombom ao Leite Praliné 10g,9990311030,Praliné de Avelã colagem,0.0055,KG
05104008,Bombom ao Leite Praliné 10g,9990107001,MANTEIGA DE CACAU desodorizada,5.8e-05,KG
05104008,Bombom ao Leite Praliné 10g,0050305006,MASSA DE CHOCOLATE -AO LEITE   NF24,0.001231,KG
05104008,Bombom ao Leite Praliné 10g,9990107001,MANTEIGA DE CACAU desodorizada,0.000365,KG
05104008,Bombom ao Leite Praliné 10g,9990307008,Pomada de manteiga de cacau,5.8e-05,PC
05104008,Bombom ao Leite Praliné 10g,9990311043,Praliné de Avelã,0.003846,PC
05104008,Bombom ao Leite Praliné 10g,0140106805,Açúcar refinado,0.001538,KG
05104008,Bombom ao Leite Praliné 10g,9990111020,Avelã,0.002308,KG
05104009,Bombom Elixir Cereja 10g,0050301007,Amêndoa de Cacau Seca Aprovada - Sakaguc,0.000677,KG
05104009,Bombom Elixir Cereja 10g,0050302011,AMÊNDOA DE CACAU TORRADA - SAKAGUCHI  12,0.000677,KG
05104009,Bombom Elixir Cereja 10g,0050303004,NIBS DE CACAU - SAKAGUCHI NT 120-35,0.000615,KG
05104009,Bombom Elixir Cereja 10g,0050304005,LIQUOR DE CACAU - SAKAGUCHI  NT24,0.000615,KG
05104009,Bombom Elixir Cereja 10g,0140106805,Açúcar refinado,0.001728,KG
05104009,Bombom Elixir Cereja 10g,03001001,Leite em Pó integral,0.001282,KG
05104009,Bombom Elixir Cereja 10g,9990107001,MANTEIGA DE CACAU desodorizada,0.001487,KG
05104009,Bombom Elixir Cereja 10g,9990111005,Lecitina de Soja,1.6e-05,LT
05104009,Bombom Elixir Cereja 10g,0140106004,Açúcar Demerara,0.000687,KG
05104009,Bombom Elixir Cereja 10g,0250304004,Liquor de Cacau - Bom Jardim,0.00105,KG
05104009,Bombom Elixir Cereja 10g,9990107001,MANTEIGA DE CACAU desodorizada,0.000115,KG
05104009,Bombom Elixir Cereja 10g,9990111005,Lecitina de Soja,2e-06,LT
05104009,Bombom Elixir Cereja 10g,0250101006,Amêndoa de Cacau Seca Aprovada - Bom Jar,0.000398,KG
05104009,Bombom Elixir Cereja 10g,0250302002,Amêndoa de Cacau Torrada - Bom Jardim,0.000398,KG
05104009,Bombom Elixir Cereja 10g,0250303003,Nibs de Cacau - Bom Jardim,0.001412,KG
05104009,Bombom Elixir Cereja 10g,0050305006,MASSA DE CHOCOLATE -AO LEITE   NF24,0.0045,KG
05104009,Bombom Elixir Cereja 10g,9990311026,Ganache Cereja,0.0055,KG
05104009,Bombom Elixir Cereja 10g,0050305006,MASSA DE CHOCOLATE -AO LEITE   NF24,0.000626,KG
05104009,Bombom Elixir Cereja 10g,0050305008,MASSA DE CHOCOLATE -INTENSO NF24,0.001909,KG
05104009,Bombom Elixir Cereja 10g,0250304004,Liquor de Cacau - Bom Jardim,0.000362,KG
05104009,Bombom Elixir Cereja 10g,9990107001,MANTEIGA DE CACAU desodorizada,5.7e-05,KG
05104009,Bombom Elixir Cereja 10g,9990111006,Manteiga de Leite,0.000412,KG
05104009,Bombom Elixir Cereja 10g,9990111008,Xarope de glucose,0.000626,KG
05104009,Bombom Elixir Cereja 10g,9990111016,Polpa cereja,0.001297,KG
05104009,Bombom Elixir Cereja 10g,9990111023,Sorbitol em Pó,0.00021,KG
05104010,Bombom SF Caramelo ao leite 10g,0050301007,Amêndoa de Cacau Seca Aprovada - Sakaguc,0.000594,KG
05104010,Bombom SF Caramelo ao leite 10g,0050302011,AMÊNDOA DE CACAU TORRADA - SAKAGUCHI  12,0.000594,KG
05104010,Bombom SF Caramelo ao leite 10g,0050303004,NIBS DE CACAU - SAKAGUCHI NT 120-35,0.00054,KG
05104010,Bombom SF Caramelo ao leite 10g,0050304005,LIQUOR DE CACAU - SAKAGUCHI  NT24,0.00054,KG
05104010,Bombom SF Caramelo ao leite 10g,0140106805,Açúcar refinado,0.001517,KG
05104010,Bombom SF Caramelo ao leite 10g,03001001,Leite em Pó integral,0.001125,KG
05104010,Bombom SF Caramelo ao leite 10g,9990107001,MANTEIGA DE CACAU desodorizada,0.001305,KG
05104010,Bombom SF Caramelo ao leite 10g,9990111005,Lecitina de Soja,1.4e-05,LT
05104010,Bombom SF Caramelo ao leite 10g,0050305006,MASSA DE CHOCOLATE -AO LEITE   NF24,0.0045,KG
05104010,Bombom SF Caramelo ao leite 10g,9990311000,Caramelo,0.0055,KG
05104010,Bombom SF Caramelo ao leite 10g,0140106805,Açúcar refinado,0.001594,KG
05104010,Bombom SF Caramelo ao leite 10g,9990111000,Agua Mineral sem gás,0.00049,LT
05104010,Bombom SF Caramelo ao leite 10g,9990111001,Flor de Sal,2.4e-05,KG
05104010,Bombom SF Caramelo ao leite 10g,9990111003,Creme de Leite UHT 25%,0.002034,KG
05104010,Bombom SF Caramelo ao leite 10g,9990111004,Baunilha em Fava,2e-06,KG
05104010,Bombom SF Caramelo ao leite 10g,9990111005,Lecitina de Soja,2e-05,LT
05104010,Bombom SF Caramelo ao leite 10g,9990111006,Manteiga de Leite,0.000424,KG
05104010,Bombom SF Caramelo ao leite 10g,9990111008,Xarope de glucose,0.000912,KG
05104011,Bombom SF Leite Ganache de Framboesa 10g,0050301007,Amêndoa de Cacau Seca Aprovada - Sakaguc,0.000666,KG
05104011,Bombom SF Leite Ganache de Framboesa 10g,0050302011,AMÊNDOA DE CACAU TORRADA - SAKAGUCHI  12,0.000666,KG
05104011,Bombom SF Leite Ganache de Framboesa 10g,0050303004,NIBS DE CACAU - SAKAGUCHI NT 120-35,0.000605,KG
05104011,Bombom SF Leite Ganache de Framboesa 10g,0050304005,LIQUOR DE CACAU - SAKAGUCHI  NT24,0.000605,KG
05104011,Bombom SF Leite Ganache de Framboesa 10g,0140106805,Açúcar refinado,0.001699,KG
05104011,Bombom SF Leite Ganache de Framboesa 10g,03001001,Leite em Pó integral,0.00126,KG
05104011,Bombom SF Leite Ganache de Framboesa 10g,9990107001,MANTEIGA DE CACAU desodorizada,0.001461,KG
05104011,Bombom SF Leite Ganache de Framboesa 10g,9990111005,Lecitina de Soja,1.6e-05,LT
05104011,Bombom SF Leite Ganache de Framboesa 10g,0140106004,Açúcar Demerara,0.000612,KG
05104011,Bombom SF Leite Ganache de Framboesa 10g,0250304004,Liquor de Cacau - Bom Jardim,0.000935,KG
05104011,Bombom SF Leite Ganache de Framboesa 10g,9990107001,MANTEIGA DE CACAU desodorizada,0.000102,KG
05104011,Bombom SF Leite Ganache de Framboesa 10g,9990111005,Lecitina de Soja,2e-06,LT
05104011,Bombom SF Leite Ganache de Framboesa 10g,0250101006,Amêndoa de Cacau Seca Aprovada - Bom Jar,0.000343,KG
05104011,Bombom SF Leite Ganache de Framboesa 10g,0250302002,Amêndoa de Cacau Torrada - Bom Jardim,0.000343,KG
05104011,Bombom SF Leite Ganache de Framboesa 10g,0250303003,Nibs de Cacau - Bom Jardim,0.001247,KG
05104011,Bombom SF Leite Ganache de Framboesa 10g,0050305006,MASSA DE CHOCOLATE -AO LEITE   NF24,0.0045,KG
05104011,Bombom SF Leite Ganache de Framboesa 10g,9990311027,Ganache Framboesa,0.0055,KG
05104011,Bombom SF Leite Ganache de Framboesa 10g,0050305006,MASSA DE CHOCOLATE -AO LEITE   NF24,0.000539,KG
05104011,Bombom SF Leite Ganache de Framboesa 10g,0050305008,MASSA DE CHOCOLATE -INTENSO NF24,0.0017,KG
05104011,Bombom SF Leite Ganache de Framboesa 10g,0250304004,Liquor de Cacau - Bom Jardim,0.000312,KG
05104011,Bombom SF Leite Ganache de Framboesa 10g,9990111006,Manteiga de Leite,0.000355,KG
05104011,Bombom SF Leite Ganache de Framboesa 10g,9990111008,Xarope de glucose,0.000539,KG
05104011,Bombom SF Leite Ganache de Framboesa 10g,9990111018,Polpa de Framboesa,0.001875,KG
05104011,Bombom SF Leite Ganache de Framboesa 10g,9990111023,Sorbitol em Pó,0.000181,KG
05104012,Bombom SF Leite Praliné de Pistache 10g,0050301007,Amêndoa de Cacau Seca Aprovada - Sakaguc,0.000757,KG
05104012,Bombom SF Leite Praliné de Pistache 10g,0050302011,AMÊNDOA DE CACAU TORRADA - SAKAGUCHI  12,0.000757,KG
05104012,Bombom SF Leite Praliné de Pistache 10g,0050303004,NIBS DE CACAU - SAKAGUCHI NT 120-35,0.000688,KG
05104012,Bombom SF Leite Praliné de Pistache 10g,0050304005,LIQUOR DE CACAU - SAKAGUCHI  NT24,0.000688,KG
05104012,Bombom SF Leite Praliné de Pistache 10g,0140106805,Açúcar refinado,0.001932,KG
05104012,Bombom SF Leite Praliné de Pistache 10g,03001001,Leite em Pó integral,0.001433,KG
05104012,Bombom SF Leite Praliné de Pistache 10g,9990107001,MANTEIGA DE CACAU desodorizada,0.001662,KG
05104012,Bombom SF Leite Praliné de Pistache 10g,9990111005,Lecitina de Soja,1.8e-05,LT
05104012,Bombom SF Leite Praliné de Pistache 10g,0050305006,MASSA DE CHOCOLATE -AO LEITE   NF24,0.0045,KG
05104012,Bombom SF Leite Praliné de Pistache 10g,9990311031,Praliné Pistache colagem,0.0055,KG
05104012,Bombom SF Leite Praliné de Pistache 10g,9990107001,MANTEIGA DE CACAU desodorizada,5.8e-05,KG
05104012,Bombom SF Leite Praliné de Pistache 10g,0140106805,Açúcar refinado,0.001501,KG
05104012,Bombom SF Leite Praliné de Pistache 10g,03001001,Leite em Pó integral,0.0001,KG
05104012,Bombom SF Leite Praliné de Pistache 10g,9990111010,Pistache,0.001796,KG
05104012,Bombom SF Leite Praliné de Pistache 10g,9990111031,Amêndoa,0.000449,KG
05104012,Bombom SF Leite Praliné de Pistache 10g,0050305006,MASSA DE CHOCOLATE -AO LEITE   NF24,0.001231,KG
05104012,Bombom SF Leite Praliné de Pistache 10g,9990107001,MANTEIGA DE CACAU desodorizada,0.000365,KG
05104012,Bombom SF Leite Praliné de Pistache 10g,9990307008,Pomada de manteiga de cacau,5.8e-05,PC
05104012,Bombom SF Leite Praliné de Pistache 10g,9990311004,Praliné Pistache,0.003846,KG
05104013,Bombom SF Gianduia (Praliné Choco) 10g,0050301007,Amêndoa de Cacau Seca Aprovada - Sakaguc,0.000594,KG
05104013,Bombom SF Gianduia (Praliné Choco) 10g,0050302011,AMÊNDOA DE CACAU TORRADA - SAKAGUCHI  12,0.000594,KG
05104013,Bombom SF Gianduia (Praliné Choco) 10g,0050303004,NIBS DE CACAU - SAKAGUCHI NT 120-35,0.00054,KG
05104013,Bombom SF Gianduia (Praliné Choco) 10g,0050304005,LIQUOR DE CACAU - SAKAGUCHI  NT24,0.00054,KG
05104013,Bombom SF Gianduia (Praliné Choco) 10g,0140106805,Açúcar refinado,0.001517,KG
05104013,Bombom SF Gianduia (Praliné Choco) 10g,03001001,Leite em Pó integral,0.001125,KG
05104013,Bombom SF Gianduia (Praliné Choco) 10g,9990107001,MANTEIGA DE CACAU desodorizada,0.001305,KG
05104013,Bombom SF Gianduia (Praliné Choco) 10g,9990111005,Lecitina de Soja,1.4e-05,LT
05104013,Bombom SF Gianduia (Praliné Choco) 10g,0050305006,MASSA DE CHOCOLATE -AO LEITE   NF24,0.0045,KG
05104013,Bombom SF Gianduia (Praliné Choco) 10g,9990307005,Manteiga de Cacau Yanomami terc,0.0009,KG
05104013,Bombom SF Gianduia (Praliné Choco) 10g,9990311010,Gianduia,0.0046,KG
05104013,Bombom SF Gianduia (Praliné Choco) 10g,0070301006,Amêndoa de Cacau Seca Aprovada - Yanomam,0.001068,KG
05104014,Bombom SF Leite Ganache de Café 10g,0050301007,Amêndoa de Cacau Seca Aprovada - Sakaguc,0.000669,KG
05104014,Bombom SF Leite Ganache de Café 10g,0050302011,AMÊNDOA DE CACAU TORRADA - SAKAGUCHI  12,0.000669,KG
05104014,Bombom SF Leite Ganache de Café 10g,0050303004,NIBS DE CACAU - SAKAGUCHI NT 120-35,0.000608,KG
05104014,Bombom SF Leite Ganache de Café 10g,0050304005,LIQUOR DE CACAU - SAKAGUCHI  NT24,0.000608,KG
05104014,Bombom SF Leite Ganache de Café 10g,0140106805,Açúcar refinado,0.001708,KG
05104014,Bombom SF Leite Ganache de Café 10g,03001001,Leite em Pó integral,0.001267,KG
05104014,Bombom SF Leite Ganache de Café 10g,9990107001,MANTEIGA DE CACAU desodorizada,0.001469,KG
05104014,Bombom SF Leite Ganache de Café 10g,9990111005,Lecitina de Soja,1.6e-05,LT
05104014,Bombom SF Leite Ganache de Café 10g,0140106004,Açúcar Demerara,0.000759,KG
05104014,Bombom SF Leite Ganache de Café 10g,0250304004,Liquor de Cacau - Bom Jardim,0.001159,KG
05104014,Bombom SF Leite Ganache de Café 10g,9990107001,MANTEIGA DE CACAU desodorizada,0.000126,KG
05104014,Bombom SF Leite Ganache de Café 10g,9990111005,Lecitina de Soja,2e-06,LT
05104014,Bombom SF Leite Ganache de Café 10g,0250101006,Amêndoa de Cacau Seca Aprovada - Bom Jar,0.001275,KG
05104014,Bombom SF Leite Ganache de Café 10g,0250302002,Amêndoa de Cacau Torrada - Bom Jardim,0.001275,KG
05104014,Bombom SF Leite Ganache de Café 10g,0250303003,Nibs de Cacau - Bom Jardim,0.001159,KG
05104014,Bombom SF Leite Ganache de Café 10g,0050305006,MASSA DE CHOCOLATE -AO LEITE   NF24,0.0045,KG
05104014,Bombom SF Leite Ganache de Café 10g,9990311028,Ganache de Café,0.0055,KG
05104014,Bombom SF Leite Ganache de Café 10g,9990111000,Agua Mineral sem gás,0.000347,LT
05104014,Bombom SF Leite Ganache de Café 10g,9990111003,Creme de Leite UHT 25%,0.001735,KG
05104014,Bombom SF Leite Ganache de Café 10g,9990111043,CAFÉ EM PÓ - USO COPA,0.000173,PC
05104014,Bombom SF Leite Ganache de Café 10g,0050305006,MASSA DE CHOCOLATE -AO LEITE   NF24,0.000567,KG
05104014,Bombom SF Leite Ganache de Café 10g,0050305008,MASSA DE CHOCOLATE -INTENSO NF24,0.002107,KG
05104014,Bombom SF Leite Ganache de Café 10g,9990107001,MANTEIGA DE CACAU desodorizada,6.5e-05,KG
05104014,Bombom SF Leite Ganache de Café 10g,9990111008,Xarope de glucose,0.000285,KG
05104014,Bombom SF Leite Ganache de Café 10g,9990111023,Sorbitol em Pó,0.000221,KG
05104014,Bombom SF Leite Ganache de Café 10g,9990111024,Creme de café,0.002256,KG
05104015,Bombom SF Ganache Speculoos 10g ao Leite,0050301007,Amêndoa de Cacau Seca Aprovada - Sakaguc,6.6e-05,KG
05104015,Bombom SF Ganache Speculoos 10g ao Leite,0050302011,AMÊNDOA DE CACAU TORRADA - SAKAGUCHI  12,6.6e-05,KG
05104015,Bombom SF Ganache Speculoos 10g ao Leite,0050303004,NIBS DE CACAU - SAKAGUCHI NT 120-35,6e-05,KG
05104015,Bombom SF Ganache Speculoos 10g ao Leite,0050304005,LIQUOR DE CACAU - SAKAGUCHI  NT24,6e-05,KG
05104015,Bombom SF Ganache Speculoos 10g ao Leite,0140106805,Açúcar refinado,0.000169,KG
05104015,Bombom SF Ganache Speculoos 10g ao Leite,03001001,Leite em Pó integral,0.000125,KG
05104015,Bombom SF Ganache Speculoos 10g ao Leite,9990107001,MANTEIGA DE CACAU desodorizada,0.000145,KG
05104015,Bombom SF Ganache Speculoos 10g ao Leite,9990111005,Lecitina de Soja,2e-06,LT
05104015,Bombom SF Ganache Speculoos 10g ao Leite,0050305006,MASSA DE CHOCOLATE -AO LEITE   NF24,0.0005,KG
05104016,"Bombom SF Leite Ganache de Maracujá 7,7g",0020301006,Amêndoa de Cacau Seca Aprovada - Mocajub,0.001152,KG
05104016,"Bombom SF Leite Ganache de Maracujá 7,7g",0020302002,Amêndoa de Cacau Torrada - Mocajuba (PA),0.001152,KG
05104016,"Bombom SF Leite Ganache de Maracujá 7,7g",0020303003,Nibs de Cacau - Mocajuba (PA),0.001047,KG
05104016,"Bombom SF Leite Ganache de Maracujá 7,7g",0020304004,Liquor de Cacau - Mocajuba (PA),0.001047,KG
05104016,"Bombom SF Leite Ganache de Maracujá 7,7g",0140106004,Açúcar Demerara,0.000685,KG
05104016,"Bombom SF Leite Ganache de Maracujá 7,7g",9990107001,MANTEIGA DE CACAU desodorizada,0.000152,KG
05104016,"Bombom SF Leite Ganache de Maracujá 7,7g",9990111005,Lecitina de Soja,6e-06,LT
05104016,"Bombom SF Leite Ganache de Maracujá 7,7g",0050301007,Amêndoa de Cacau Seca Aprovada - Sakaguc,0.000435,KG
05104016,"Bombom SF Leite Ganache de Maracujá 7,7g",0050302011,AMÊNDOA DE CACAU TORRADA - SAKAGUCHI  12,0.000435,KG
05104016,"Bombom SF Leite Ganache de Maracujá 7,7g",0050303004,NIBS DE CACAU - SAKAGUCHI NT 120-35,0.000395,KG
05104016,"Bombom SF Leite Ganache de Maracujá 7,7g",0050304005,LIQUOR DE CACAU - SAKAGUCHI  NT24,0.000395,KG
05104016,"Bombom SF Leite Ganache de Maracujá 7,7g",0140106805,Açúcar refinado,0.001109,KG
05104016,"Bombom SF Leite Ganache de Maracujá 7,7g",03001001,Leite em Pó integral,0.000823,KG
05104016,"Bombom SF Leite Ganache de Maracujá 7,7g",9990107001,MANTEIGA DE CACAU desodorizada,0.000954,KG
05104016,"Bombom SF Leite Ganache de Maracujá 7,7g",9990111005,Lecitina de Soja,1e-05,LT
05104016,"Bombom SF Leite Ganache de Maracujá 7,7g",0050305006,MASSA DE CHOCOLATE -AO LEITE   NF24,0.00308,KG
05104016,"Bombom SF Leite Ganache de Maracujá 7,7g",9990311041,Ganache maracujá,0.00462,PC
05104016,"Bombom SF Leite Ganache de Maracujá 7,7g",0020305008,Massa de Chocolate - Mocajuba Intenso,0.001904,KG
05104016,"Bombom SF Leite Ganache de Maracujá 7,7g",0050305006,MASSA DE CHOCOLATE -AO LEITE   NF24,0.000212,KG
05104016,"Bombom SF Leite Ganache de Maracujá 7,7g",878,Maracujá liofilizado,5.5e-05,KG
05104016,"Bombom SF Leite Ganache de Maracujá 7,7g",9990107001,MANTEIGA DE CACAU desodorizada,3.5e-05,KG
05104016,"Bombom SF Leite Ganache de Maracujá 7,7g",9990111006,Manteiga de Leite,0.000316,KG
05104016,"Bombom SF Leite Ganache de Maracujá 7,7g",9990111008,Xarope de glucose,0.000388,KG
05104016,"Bombom SF Leite Ganache de Maracujá 7,7g",9990111021,DEXTROSE,0.000529,KG
05104016,"Bombom SF Leite Ganache de Maracujá 7,7g",9990111023,Sorbitol em Pó,0.000423,KG
05104016,"Bombom SF Leite Ganache de Maracujá 7,7g",9990315025,Polpa de Maracujá Reduzida,0.000809,KG
05104016,"Bombom SF Leite Ganache de Maracujá 7,7g",0140106805,Açúcar refinado,0.000113,KG
05104016,"Bombom SF Leite Ganache de Maracujá 7,7g",9990111015,Polpa Maracujá,0.000809,KG
05104017,Bombom SF Leite Ganache de Coco 10g,0050301007,Amêndoa de Cacau Seca Aprovada - Sakaguc,0.000925,KG
05104017,Bombom SF Leite Ganache de Coco 10g,0050302011,AMÊNDOA DE CACAU TORRADA - SAKAGUCHI  12,0.000925,KG
05104017,Bombom SF Leite Ganache de Coco 10g,0050303004,NIBS DE CACAU - SAKAGUCHI NT 120-35,0.000841,KG
05104017,Bombom SF Leite Ganache de Coco 10g,0050304005,LIQUOR DE CACAU - SAKAGUCHI  NT24,0.000841,KG
05104017,Bombom SF Leite Ganache de Coco 10g,0140106805,Açúcar refinado,0.002363,KG
05104017,Bombom SF Leite Ganache de Coco 10g,03001001,Leite em Pó integral,0.001753,KG
05104017,Bombom SF Leite Ganache de Coco 10g,9990107001,MANTEIGA DE CACAU desodorizada,0.002033,KG
05104017,Bombom SF Leite Ganache de Coco 10g,9990111005,Lecitina de Soja,2.2e-05,LT
05104017,Bombom SF Leite Ganache de Coco 10g,0050305006,MASSA DE CHOCOLATE -AO LEITE   NF24,0.0045,KG
05104017,Bombom SF Leite Ganache de Coco 10g,9990311029,Ganache de Coco,0.0046,KG
05104017,Bombom SF Leite Ganache de Coco 10g,0050305006,MASSA DE CHOCOLATE -AO LEITE   NF24,0.002511,KG
05104017,Bombom SF Leite Ganache de Coco 10g,0140106804,Açúcar invertido,0.000251,KG
05104017,Bombom SF Leite Ganache de Coco 10g,9990111006,Manteiga de Leite,0.000296,KG
05104017,Bombom SF Leite Ganache de Coco 10g,9990111025,Polpa de Coco,0.001536,KG
05104017,Bombom SF Leite Ganache de Coco 10g,9990111026,Sal,6e-06,KG
05104018,"Bombom SF Leite Ganache de Cupuaçu 7,7g",0050301007,Amêndoa de Cacau Seca Aprovada - Sakaguc,0.000686,KG
05104018,"Bombom SF Leite Ganache de Cupuaçu 7,7g",0050302011,AMÊNDOA DE CACAU TORRADA - SAKAGUCHI  12,0.000686,KG
05104018,"Bombom SF Leite Ganache de Cupuaçu 7,7g",0050303004,NIBS DE CACAU - SAKAGUCHI NT 120-35,0.000624,KG
05104018,"Bombom SF Leite Ganache de Cupuaçu 7,7g",0050304005,LIQUOR DE CACAU - SAKAGUCHI  NT24,0.000624,KG
05104018,"Bombom SF Leite Ganache de Cupuaçu 7,7g",0140106805,Açúcar refinado,0.001751,KG
05104018,"Bombom SF Leite Ganache de Cupuaçu 7,7g",03001001,Leite em Pó integral,0.001299,KG
05104018,"Bombom SF Leite Ganache de Cupuaçu 7,7g",9990107001,MANTEIGA DE CACAU desodorizada,0.001507,KG
05104018,"Bombom SF Leite Ganache de Cupuaçu 7,7g",9990111005,Lecitina de Soja,1.5e-05,LT
05104018,"Bombom SF Leite Ganache de Cupuaçu 7,7g",0050305006,MASSA DE CHOCOLATE -AO LEITE   NF24,0.00308,KG
05104018,"Bombom SF Leite Ganache de Cupuaçu 7,7g",9990311036,Ganache Cupuaçu,0.00462,KG
05104018,"Bombom SF Leite Ganache de Cupuaçu 7,7g",0050305006,MASSA DE CHOCOLATE -AO LEITE   NF24,0.002116,KG
05104018,"Bombom SF Leite Ganache de Cupuaçu 7,7g",9990107001,MANTEIGA DE CACAU desodorizada,3.5e-05,KG
05104018,"Bombom SF Leite Ganache de Cupuaçu 7,7g",9990111006,Manteiga de Leite,0.000316,KG
05104018,"Bombom SF Leite Ganache de Cupuaçu 7,7g",9990111008,Xarope de glucose,0.000388,KG
05104018,"Bombom SF Leite Ganache de Cupuaçu 7,7g",9990111021,DEXTROSE,0.000529,KG
05104018,"Bombom SF Leite Ganache de Cupuaçu 7,7g",9990111023,Sorbitol em Pó,0.000423,KG
05104018,"Bombom SF Leite Ganache de Cupuaçu 7,7g",9990111059,Cupuaçu Liofilizado,0.000185,KG
05104018,"Bombom SF Leite Ganache de Cupuaçu 7,7g",9990315026,Polpa de Cupuaçu Reduzida,0.000809,PC
05104018,"Bombom SF Leite Ganache de Cupuaçu 7,7g",0140106805,Açúcar refinado,0.000113,KG
05104018,"Bombom SF Leite Ganache de Cupuaçu 7,7g",9990111013,Polpa Cupuaçu,0.000809,KG
05104019,Trufas Nativas de Chocolate Branco 15g,0050111003,Semente de Cumaru,0.006781,KG
05104019,Trufas Nativas de Chocolate Branco 15g,0140106805,Açúcar refinado,0.223773,KG
05104019,Trufas Nativas de Chocolate Branco 15g,03001001,Leite em Pó integral,0.189868,KG
05104019,Trufas Nativas de Chocolate Branco 15g,9990107002,MANTEIGA DE CACAU IBC ORGÂNICA,0.257678,KG
05104019,Trufas Nativas de Chocolate Branco 15g,0140106804,Açúcar invertido,0.0359,KG
05104019,Trufas Nativas de Chocolate Branco 15g,0410305001,MASSA DE CHOCOLATE BRANCO ALTAMIRA,0.6781,KG
05104019,Trufas Nativas de Chocolate Branco 15g,9990111003,Creme de Leite UHT 25%,0.226,KG
05104019,Trufas Nativas de Chocolate Branco 15g,9990111006,Manteiga de Leite,0.0328,KG
05104019,Trufas Nativas de Chocolate Branco 15g,9990111023,Sorbitol em Pó,0.0271,KG
05104020,Trufas Nativas de Chocolate Intenso  20G,0020301006,Amêndoa de Cacau Seca Aprovada - Mocajub,0.008979,KG
05104020,Trufas Nativas de Chocolate Intenso  20G,0020302002,Amêndoa de Cacau Torrada - Mocajuba (PA),0.008979,KG
05104020,Trufas Nativas de Chocolate Intenso  20G,0020303003,Nibs de Cacau - Mocajuba (PA),0.008163,KG
05104020,Trufas Nativas de Chocolate Intenso  20G,0020304004,Liquor de Cacau - Mocajuba (PA),0.008163,KG
05104020,Trufas Nativas de Chocolate Intenso  20G,0140106004,Açúcar Demerara,0.005343,KG
05104020,Trufas Nativas de Chocolate Intenso  20G,9990107001,MANTEIGA DE CACAU desodorizada,0.001187,KG
05104020,Trufas Nativas de Chocolate Intenso  20G,9990111005,Lecitina de Soja,4.5e-05,LT
05104020,Trufas Nativas de Chocolate Intenso  20G,0020305008,Massa de Chocolate - Mocajuba Intenso,0.004,KG
05104020,Trufas Nativas de Chocolate Intenso  20G,9990117003,Cacau em Pó Alcalino,0.01,KG
05104020,Trufas Nativas de Chocolate Intenso  20G,9990315022,Massa de trufa Intenso,0.017,KG
05104020,Trufas Nativas de Chocolate Intenso  20G,0020305008,Massa de Chocolate - Mocajuba Intenso,0.010841,KG
05104020,Trufas Nativas de Chocolate Intenso  20G,0140106804,Açúcar invertido,0.000796,KG
05104020,Trufas Nativas de Chocolate Intenso  20G,9990111003,Creme de Leite UHT 25%,0.00425,KG
05104020,Trufas Nativas de Chocolate Intenso  20G,9990111006,Manteiga de Leite,0.00061,KG
05104020,Trufas Nativas de Chocolate Intenso  20G,9990111023,Sorbitol em Pó,0.000503,KG
05104022,Trufas Nativas Pistache 20g,0050301007,Amêndoa de Cacau Seca Aprovada - Sakaguc,0.001301,KG
05104022,Trufas Nativas Pistache 20g,0050302011,AMÊNDOA DE CACAU TORRADA - SAKAGUCHI  12,0.001301,KG
05104022,Trufas Nativas Pistache 20g,0050303004,NIBS DE CACAU - SAKAGUCHI NT 120-35,0.001183,KG
05104022,Trufas Nativas Pistache 20g,0050304005,LIQUOR DE CACAU - SAKAGUCHI  NT24,0.001183,KG
05104022,Trufas Nativas Pistache 20g,0140106805,Açúcar refinado,0.003323,KG
05104022,Trufas Nativas Pistache 20g,03001001,Leite em Pó integral,0.002465,KG
05104022,Trufas Nativas Pistache 20g,9990107001,MANTEIGA DE CACAU desodorizada,0.002859,KG
05104022,Trufas Nativas Pistache 20g,9990111005,Lecitina de Soja,3e-05,LT
05104022,Trufas Nativas Pistache 20g,0050305006,MASSA DE CHOCOLATE -AO LEITE   NF24,0.0025,KG
05104022,Trufas Nativas Pistache 20g,9990111010,Pistache,0.0006,KG
05104022,Trufas Nativas Pistache 20g,9990315024,Massa de trufa de Pistache,0.0169,KG
05104022,Trufas Nativas Pistache 20g,0140106805,Açúcar refinado,0.002369,KG
05104022,Trufas Nativas Pistache 20g,03001001,Leite em Pó integral,0.000158,KG
05104022,Trufas Nativas Pistache 20g,9990111010,Pistache,0.002834,KG
05104022,Trufas Nativas Pistache 20g,9990111031,Amêndoa,0.000708,KG
05104022,Trufas Nativas Pistache 20g,0050305006,MASSA DE CHOCOLATE -AO LEITE   NF24,0.007358,KG
05104022,Trufas Nativas Pistache 20g,0140106804,Açúcar invertido,0.000389,KG
05104022,Trufas Nativas Pistache 20g,9990111003,Creme de Leite UHT 25%,0.002454,KG
05104022,Trufas Nativas Pistache 20g,9990111006,Manteiga de Leite,0.00034,KG
05104022,Trufas Nativas Pistache 20g,9990111023,Sorbitol em Pó,0.000292,KG
05104022,Trufas Nativas Pistache 20g,9990311004,Praliné Pistache,0.00607,KG
05104025,Formigueiro Praliné de Avelã 16g,0050301007,Amêndoa de Cacau Seca Aprovada - Sakaguc,0.001267,KG
05104025,Formigueiro Praliné de Avelã 16g,0050302011,AMÊNDOA DE CACAU TORRADA - SAKAGUCHI  12,0.001267,KG
05104025,Formigueiro Praliné de Avelã 16g,0050303004,NIBS DE CACAU - SAKAGUCHI NT 120-35,0.001152,KG
05104025,Formigueiro Praliné de Avelã 16g,0050304005,LIQUOR DE CACAU - SAKAGUCHI  NT24,0.001152,KG
05104025,Formigueiro Praliné de Avelã 16g,0140106805,Açúcar refinado,0.003235,KG
05104025,Formigueiro Praliné de Avelã 16g,03001001,Leite em Pó integral,0.0024,KG
05104025,Formigueiro Praliné de Avelã 16g,9990107001,MANTEIGA DE CACAU desodorizada,0.002784,KG
05104025,Formigueiro Praliné de Avelã 16g,9990111005,Lecitina de Soja,2.9e-05,LT
05104025,Formigueiro Praliné de Avelã 16g,0050305006,MASSA DE CHOCOLATE -AO LEITE   NF24,0.0096,KG
05104025,Formigueiro Praliné de Avelã 16g,9990311032,Recheio Yara Praliné,0.0038,KG
05104025,Formigueiro Praliné de Avelã 16g,9990311043,Praliné de Avelã,0.0026,PC
05104025,Formigueiro Praliné de Avelã 16g,0050305023,FORMIGUEIRO AVELÃ 16g,1,UN
05104025,Formigueiro Praliné de Avelã 16g,0140106805,Açúcar refinado,0.001085,KG
05104025,Formigueiro Praliné de Avelã 16g,9990111000,Agua Mineral sem gás,0.001325,LT
05104025,Formigueiro Praliné de Avelã 16g,9990111004,Baunilha em Fava,2e-06,KG
05104025,Formigueiro Praliné de Avelã 16g,9990111007,Clara em Pó,5.2e-05,KG
05104025,Formigueiro Praliné de Avelã 16g,9990111008,Xarope de glucose,0.001218,KG
05104025,Formigueiro Praliné de Avelã 16g,9990111009,Gelatina incolor,5.5e-05,KG
05104025,Formigueiro Praliné de Avelã 16g,9990311043,Praliné de Avelã,0.000179,PC
05104025,Formigueiro Praliné de Avelã 16g,0140106805,Açúcar refinado,0.001112,KG
05104025,Formigueiro Praliné de Avelã 16g,9990111020,Avelã,0.001667,KG
05104026,Língua de Onça Chocolate ao Leite 11g,0050301007,Amêndoa de Cacau Seca Aprovada - Sakaguc,0.001438,KG
05104026,Língua de Onça Chocolate ao Leite 11g,0050302011,AMÊNDOA DE CACAU TORRADA - SAKAGUCHI  12,0.001438,KG
05104026,Língua de Onça Chocolate ao Leite 11g,0050303004,NIBS DE CACAU - SAKAGUCHI NT 120-35,0.001307,KG
05104026,Língua de Onça Chocolate ao Leite 11g,0050304005,LIQUOR DE CACAU - SAKAGUCHI  NT24,0.001307,KG
05104026,Língua de Onça Chocolate ao Leite 11g,0140106805,Açúcar refinado,0.00367,KG
05104026,Língua de Onça Chocolate ao Leite 11g,03001001,Leite em Pó integral,0.002723,KG
05104026,Língua de Onça Chocolate ao Leite 11g,9990107001,MANTEIGA DE CACAU desodorizada,0.003158,KG
05104026,Língua de Onça Chocolate ao Leite 11g,9990111005,Lecitina de Soja,3.3e-05,LT
05104026,Língua de Onça Chocolate ao Leite 11g,0050305006,MASSA DE CHOCOLATE -AO LEITE   NF24,0.01089,KG
05104026,Língua de Onça Chocolate ao Leite 11g,9990307008,Pomada de manteiga de cacau,0.00011,PC
05104026,Língua de Onça Chocolate ao Leite 11g,0050305014,PP LÍNGUA DE ONÇA 11G AO LEITE,1,PC
05104026,Língua de Onça Chocolate ao Leite 11g,9990107001,MANTEIGA DE CACAU desodorizada,0.00011,KG
05104027,Língua de Onça Chocolate Intenso 11g,0020301006,Amêndoa de Cacau Seca Aprovada - Mocajub,0.006589,KG
05104027,Língua de Onça Chocolate Intenso 11g,0020302002,Amêndoa de Cacau Torrada - Mocajuba (PA),0.006589,KG
05104027,Língua de Onça Chocolate Intenso 11g,0020303003,Nibs de Cacau - Mocajuba (PA),0.00599,KG
05104027,Língua de Onça Chocolate Intenso 11g,0020304004,Liquor de Cacau - Mocajuba (PA),0.00599,KG
05104027,Língua de Onça Chocolate Intenso 11g,0140106004,Açúcar Demerara,0.00392,KG
05104027,Língua de Onça Chocolate Intenso 11g,9990107001,MANTEIGA DE CACAU desodorizada,0.000871,KG
05104027,Língua de Onça Chocolate Intenso 11g,9990111005,Lecitina de Soja,3.3e-05,LT
05104027,Língua de Onça Chocolate Intenso 11g,0020305008,Massa de Chocolate - Mocajuba Intenso,0.01089,KG
05104027,Língua de Onça Chocolate Intenso 11g,9990307008,Pomada de manteiga de cacau,0.00011,PC
05104027,Língua de Onça Chocolate Intenso 11g,0050305017,PP LÍNGUA DE ONÇA 11G INTENSO,1,PC
05104027,Língua de Onça Chocolate Intenso 11g,9990107001,MANTEIGA DE CACAU desodorizada,0.00011,KG
05104028,Língua de Onça Cupulate 11g,0210101001,Amêndoa de Cupuaçu - Sakaguchi (PA),0.006534,KG
05104028,Língua de Onça Cupulate 11g,0210303001,Nibs de Cupuaçu - Sakaguchi,0.00594,KG
05104028,Língua de Onça Cupulate 11g,02104013,Sakaguchi Cupulate 50g,0.22,UN
05104028,Língua de Onça Cupulate 11g,0050302010,Amêndoa de Cupuaçu Torrada - SAKAGUCHI,0.006534,KG
05104028,Língua de Onça Cupulate 11g,0050303010,LIQUOR DE CUPUAÇU -SAKAGUCHI,0.00594,KG
05104028,Língua de Onça Cupulate 11g,0140106004,Açúcar Demerara,0.00187,KG
05104028,Língua de Onça Cupulate 11g,9990107001,MANTEIGA DE CACAU desodorizada,0.00319,KG
05104028,Língua de Onça Cupulate 11g,0190213030,Embalagem - Barra de Cupulate - Sakaguch,0.22,UN
05104028,Língua de Onça Cupulate 11g,0190214016,Cartão Surpresa - Prima Stampa,0.22,UN
05104028,Língua de Onça Cupulate 11g,0200216011,"Papel Chumbo - Cromus - 43,5cm x 59cm",0.0352,UN
05104028,Língua de Onça Cupulate 11g,0210305004,Massa  de Cupuaçu - Sakaguchi,0.011,KG
05104028,Língua de Onça Cupulate 11g,9970212003,ETIQ ADESIVA | PAPEL COUCHE A20-C | 30X3,0.22,UN
05104028,Língua de Onça Cupulate 11g,9970212004,ETIQ PIMACO A4348 LASER 100F 9600UND,0.22,UN
05104028,Língua de Onça Cupulate 11g,9990712002,ETIQUETA PARA QR CODE 40x40mm,0.22,UN
05104028,Língua de Onça Cupulate 11g,0050305019,PP LÍNGUA DE ONÇA CUPUAÇU 11G,1,PC
05104029,Língua de Onça Leite Praliné 11g,0050301007,Amêndoa de Cacau Seca Aprovada - Sakaguc,0.000862,KG
05104029,Língua de Onça Leite Praliné 11g,0050302011,AMÊNDOA DE CACAU TORRADA - SAKAGUCHI  12,0.000862,KG
05104029,Língua de Onça Leite Praliné 11g,0050303004,NIBS DE CACAU - SAKAGUCHI NT 120-35,0.000784,KG
05104029,Língua de Onça Leite Praliné 11g,0050304005,LIQUOR DE CACAU - SAKAGUCHI  NT24,0.000902,KG
05104029,Língua de Onça Leite Praliné 11g,0140106805,Açúcar refinado,0.002534,KG
05104029,Língua de Onça Leite Praliné 11g,03001001,Leite em Pó integral,0.00188,KG
05104029,Língua de Onça Leite Praliné 11g,9990107001,MANTEIGA DE CACAU desodorizada,0.002181,KG
05104029,Língua de Onça Leite Praliné 11g,9990111005,Lecitina de Soja,2.3e-05,LT
05104029,Língua de Onça Leite Praliné 11g,0050305006,MASSA DE CHOCOLATE -AO LEITE   NF24,0.006534,KG
05104029,Língua de Onça Leite Praliné 11g,9990307008,Pomada de manteiga de cacau,6.6e-05,PC
05104029,Língua de Onça Leite Praliné 11g,9990311030,Praliné de Avelã colagem,0.0044,KG
05104029,Língua de Onça Leite Praliné 11g,0050305015,PP LÍNGUA DE ONÇA 11G PRALINÉ,1,PC
05104029,Língua de Onça Leite Praliné 11g,9990107001,MANTEIGA DE CACAU desodorizada,0.000112,KG
05104029,Língua de Onça Leite Praliné 11g,0050305006,MASSA DE CHOCOLATE -AO LEITE   NF24,0.000985,KG
05104029,Língua de Onça Leite Praliné 11g,9990107001,MANTEIGA DE CACAU desodorizada,0.000292,KG
05104029,Língua de Onça Leite Praliné 11g,9990307008,Pomada de manteiga de cacau,4.6e-05,PC
05104029,Língua de Onça Leite Praliné 11g,9990311043,Praliné de Avelã,0.003077,PC
05104029,Língua de Onça Leite Praliné 11g,0140106805,Açúcar refinado,0.001231,KG
05104029,Língua de Onça Leite Praliné 11g,9990111020,Avelã,0.001846,KG
05104031,Princesa Iara cupolate,0210101001,Amêndoa de Cupuaçu - Sakaguchi (PA),0.010692,KG
05104031,Princesa Iara cupolate,0210303001,Nibs de Cupuaçu - Sakaguchi,0.00972,KG
05104031,Princesa Iara cupolate,0050302010,Amêndoa de Cupuaçu Torrada - SAKAGUCHI,0.010692,KG
05104031,Princesa Iara cupolate,0050303010,LIQUOR DE CUPUAÇU -SAKAGUCHI,0.00972,KG
05104031,Princesa Iara cupolate,0140106004,Açúcar Demerara,0.00306,KG
05104031,Princesa Iara cupolate,9990107001,MANTEIGA DE CACAU desodorizada,0.00522,KG
05104031,Princesa Iara cupolate,0210305004,Massa  de Cupuaçu - Sakaguchi,0.018,KG
05104031,Princesa Iara cupolate,9990311001,Recheio Yara Baunilha,0.012,KG
05104031,Princesa Iara cupolate,0140106805,Açúcar refinado,0.003592,KG
05104031,Princesa Iara cupolate,9990111000,Agua Mineral sem gás,0.004009,LT
05104031,Princesa Iara cupolate,9990111004,Baunilha em Fava,1.6e-05,KG
05104031,Princesa Iara cupolate,9990111007,Clara em Pó,0.000172,KG
05104031,Princesa Iara cupolate,9990111008,Xarope de glucose,0.004031,KG
05104031,Princesa Iara cupolate,9990111009,Gelatina incolor,0.000181,KG
05104032,Formigueiro Praliné de Pistache 16g,0050301007,Amêndoa de Cacau Seca Aprovada - Sakaguc,0.001267,KG
05104032,Formigueiro Praliné de Pistache 16g,0050302011,AMÊNDOA DE CACAU TORRADA - SAKAGUCHI  12,0.001267,KG
05104032,Formigueiro Praliné de Pistache 16g,0050303004,NIBS DE CACAU - SAKAGUCHI NT 120-35,0.001152,KG
05104032,Formigueiro Praliné de Pistache 16g,0050304005,LIQUOR DE CACAU - SAKAGUCHI  NT24,0.001152,KG
05104032,Formigueiro Praliné de Pistache 16g,0140106805,Açúcar refinado,0.003235,KG
05104032,Formigueiro Praliné de Pistache 16g,03001001,Leite em Pó integral,0.0024,KG
05104032,Formigueiro Praliné de Pistache 16g,9990107001,MANTEIGA DE CACAU desodorizada,0.002784,KG
05104032,Formigueiro Praliné de Pistache 16g,9990111005,Lecitina de Soja,2.9e-05,LT
05104032,Formigueiro Praliné de Pistache 16g,0050305006,MASSA DE CHOCOLATE -AO LEITE   NF24,0.0096,KG
05104032,Formigueiro Praliné de Pistache 16g,9990311003,Recheio Yara Pistache,0.0038,KG
05104032,Formigueiro Praliné de Pistache 16g,9990311004,Praliné Pistache,0.0026,KG
05104032,Formigueiro Praliné de Pistache 16g,0050305024,FORMIGUEIRO PISTACHE 16g,1,UN
05104032,Formigueiro Praliné de Pistache 16g,0140106805,Açúcar refinado,0.001085,KG
05104032,Formigueiro Praliné de Pistache 16g,9990111000,Agua Mineral sem gás,0.001325,LT
05104032,Formigueiro Praliné de Pistache 16g,9990111004,Baunilha em Fava,2e-06,KG
05104032,Formigueiro Praliné de Pistache 16g,9990111007,Clara em Pó,5.2e-05,KG
05104032,Formigueiro Praliné de Pistache 16g,9990111008,Xarope de glucose,0.001218,KG
05104032,Formigueiro Praliné de Pistache 16g,9990111009,Gelatina incolor,5.5e-05,KG
05104032,Formigueiro Praliné de Pistache 16g,9990311004,Praliné Pistache,0.000179,KG
05104032,Formigueiro Praliné de Pistache 16g,0140106805,Açúcar refinado,0.001085,KG
05104032,Formigueiro Praliné de Pistache 16g,03001001,Leite em Pó integral,7.3e-05,KG
05104032,Formigueiro Praliné de Pistache 16g,9990111010,Pistache,0.001298,KG
05104032,Formigueiro Praliné de Pistache 16g,9990111031,Amêndoa,0.000324,KG
05104033,Formigueiro Caramelo de Maracujá 16g,0050301007,Amêndoa de Cacau Seca Aprovada - Sakaguc,0.001267,KG
05104033,Formigueiro Caramelo de Maracujá 16g,0050302011,AMÊNDOA DE CACAU TORRADA - SAKAGUCHI  12,0.001267,KG
05104033,Formigueiro Caramelo de Maracujá 16g,0050303004,NIBS DE CACAU - SAKAGUCHI NT 120-35,0.001152,KG
05104033,Formigueiro Caramelo de Maracujá 16g,0050304005,LIQUOR DE CACAU - SAKAGUCHI  NT24,0.001152,KG
05104033,Formigueiro Caramelo de Maracujá 16g,0140106805,Açúcar refinado,0.003235,KG
05104033,Formigueiro Caramelo de Maracujá 16g,03001001,Leite em Pó integral,0.0024,KG
05104033,Formigueiro Caramelo de Maracujá 16g,9990107001,MANTEIGA DE CACAU desodorizada,0.002784,KG
05104033,Formigueiro Caramelo de Maracujá 16g,9990111005,Lecitina de Soja,2.9e-05,LT
05104033,Formigueiro Caramelo de Maracujá 16g,0050305006,MASSA DE CHOCOLATE -AO LEITE   NF24,0.0096,KG
05104033,Formigueiro Caramelo de Maracujá 16g,9990311009,Recheio Yara Maracujá,0.0038,KG
05104033,Formigueiro Caramelo de Maracujá 16g,9990311038,Recheio Caramelo Maracujá,0.0026,KG
05104033,Formigueiro Caramelo de Maracujá 16g,0050305025,FORMIGUEIRO MARACUJÁ 16g,1,UN
05104033,Formigueiro Caramelo de Maracujá 16g,0140106805,Açúcar refinado,0.001085,KG
05104033,Formigueiro Caramelo de Maracujá 16g,9990111000,Agua Mineral sem gás,0.001325,LT
05104033,Formigueiro Caramelo de Maracujá 16g,9990111004,Baunilha em Fava,2e-06,KG
05104033,Formigueiro Caramelo de Maracujá 16g,9990111007,Clara em Pó,5.2e-05,KG
05104033,Formigueiro Caramelo de Maracujá 16g,9990111008,Xarope de glucose,0.001218,KG
05104033,Formigueiro Caramelo de Maracujá 16g,9990111009,Gelatina incolor,5.5e-05,KG
05104033,Formigueiro Caramelo de Maracujá 16g,9990311038,Recheio Caramelo Maracujá,0.000179,KG
05104033,Formigueiro Caramelo de Maracujá 16g,0140106805,Açúcar refinado,0.000808,KG
05104033,Formigueiro Caramelo de Maracujá 16g,9990111000,Agua Mineral sem gás,0.000247,LT
05104033,Formigueiro Caramelo de Maracujá 16g,9990111004,Baunilha em Fava,2e-06,KG
05104033,Formigueiro Caramelo de Maracujá 16g,9990111005,Lecitina de Soja,1.1e-05,LT
05104033,Formigueiro Caramelo de Maracujá 16g,9990111006,Manteiga de Leite,0.000216,KG
05104033,Formigueiro Caramelo de Maracujá 16g,9990111008,Xarope de glucose,0.000464,KG
05104033,Formigueiro Caramelo de Maracujá 16g,9990111015,Polpa Maracujá,0.001031,KG
05104034,Formigueiro Frutas Vermelhas 16g,0050301007,Amêndoa de Cacau Seca Aprovada - Sakaguc,0.001267,KG
05104034,Formigueiro Frutas Vermelhas 16g,0050302011,AMÊNDOA DE CACAU TORRADA - SAKAGUCHI  12,0.001267,KG
05104034,Formigueiro Frutas Vermelhas 16g,0050303004,NIBS DE CACAU - SAKAGUCHI NT 120-35,0.001152,KG
05104034,Formigueiro Frutas Vermelhas 16g,0050304005,LIQUOR DE CACAU - SAKAGUCHI  NT24,0.001152,KG
05104034,Formigueiro Frutas Vermelhas 16g,0140106805,Açúcar refinado,0.003235,KG
05104034,Formigueiro Frutas Vermelhas 16g,03001001,Leite em Pó integral,0.0024,KG
05104034,Formigueiro Frutas Vermelhas 16g,9990107001,MANTEIGA DE CACAU desodorizada,0.002784,KG
05104034,Formigueiro Frutas Vermelhas 16g,9990111005,Lecitina de Soja,2.9e-05,LT
05104034,Formigueiro Frutas Vermelhas 16g,0050305006,MASSA DE CHOCOLATE -AO LEITE   NF24,0.0096,KG
05104034,Formigueiro Frutas Vermelhas 16g,9990311006,Recheio Yara frutas vermelhas,0.0064,KG
05104034,Formigueiro Frutas Vermelhas 16g,0140106805,Açúcar refinado,0.001828,KG
05104034,Formigueiro Frutas Vermelhas 16g,9990111000,Agua Mineral sem gás,0.002039,LT
05104034,Formigueiro Frutas Vermelhas 16g,9990111004,Baunilha em Fava,3e-06,KG
05104034,Formigueiro Frutas Vermelhas 16g,9990111007,Clara em Pó,8.7e-05,KG
05104034,Formigueiro Frutas Vermelhas 16g,9990111008,Xarope de glucose,0.002051,KG
05104034,Formigueiro Frutas Vermelhas 16g,9990111009,Gelatina incolor,9.2e-05,KG
05104034,Formigueiro Frutas Vermelhas 16g,9990111012,Frutas Vermelhas,0.000299,KG
05104035,Bombom SF Leite Ganache de Limão 10g,0050301007,Amêndoa de Cacau Seca Aprovada - Sakaguc,0.000626,KG
05104035,Bombom SF Leite Ganache de Limão 10g,0050302011,AMÊNDOA DE CACAU TORRADA - SAKAGUCHI  12,0.000626,KG
05104035,Bombom SF Leite Ganache de Limão 10g,0050303004,NIBS DE CACAU - SAKAGUCHI NT 120-35,0.000569,KG
05104035,Bombom SF Leite Ganache de Limão 10g,0050304005,LIQUOR DE CACAU - SAKAGUCHI  NT24,0.000569,KG
05104035,Bombom SF Leite Ganache de Limão 10g,0140106805,Açúcar refinado,0.0016,KG
05104035,Bombom SF Leite Ganache de Limão 10g,03001001,Leite em Pó integral,0.001186,KG
05104035,Bombom SF Leite Ganache de Limão 10g,9990107001,MANTEIGA DE CACAU desodorizada,0.001376,KG
05104035,Bombom SF Leite Ganache de Limão 10g,9990111005,Lecitina de Soja,1.5e-05,LT
05104035,Bombom SF Leite Ganache de Limão 10g,0140106004,Açúcar Demerara,0.000793,KG
05104035,Bombom SF Leite Ganache de Limão 10g,0250304004,Liquor de Cacau - Bom Jardim,0.001211,KG
05104035,Bombom SF Leite Ganache de Limão 10g,9990107001,MANTEIGA DE CACAU desodorizada,0.000132,KG
05104035,Bombom SF Leite Ganache de Limão 10g,9990111005,Lecitina de Soja,2e-06,LT
05104035,Bombom SF Leite Ganache de Limão 10g,0250101006,Amêndoa de Cacau Seca Aprovada - Bom Jar,0.001332,KG
05104035,Bombom SF Leite Ganache de Limão 10g,0250302002,Amêndoa de Cacau Torrada - Bom Jardim,0.001332,KG
05104035,Bombom SF Leite Ganache de Limão 10g,0250303003,Nibs de Cacau - Bom Jardim,0.001211,KG
05104035,Bombom SF Leite Ganache de Limão 10g,0050305006,MASSA DE CHOCOLATE -AO LEITE   NF24,0.0045,KG
05104035,Bombom SF Leite Ganache de Limão 10g,9990311037,Ganache limão,0.0055,PC
05104035,Bombom SF Leite Ganache de Limão 10g,0050305006,MASSA DE CHOCOLATE -AO LEITE   NF24,0.000245,KG
05104035,Bombom SF Leite Ganache de Limão 10g,0050305008,MASSA DE CHOCOLATE -INTENSO NF24,0.002202,KG
05104035,Bombom SF Leite Ganache de Limão 10g,9990107001,MANTEIGA DE CACAU desodorizada,0.000102,KG
05104035,Bombom SF Leite Ganache de Limão 10g,9990111003,Creme de Leite UHT 25%,0.001331,KG
05104035,Bombom SF Leite Ganache de Limão 10g,9990111006,Manteiga de Leite,0.000239,KG
05104035,Bombom SF Leite Ganache de Limão 10g,9990111021,DEXTROSE,0.000492,KG
05104035,Bombom SF Leite Ganache de Limão 10g,9990111023,Sorbitol em Pó,0.000246,KG
05104035,Bombom SF Leite Ganache de Limão 10g,9990111041,Polpa Limão,0.000633,KG
05104036,Bombom SF Açaí 10g,0050301007,Amêndoa de Cacau Seca Aprovada - Sakaguc,0.001015,KG
05104036,Bombom SF Açaí 10g,0050302011,AMÊNDOA DE CACAU TORRADA - SAKAGUCHI  12,0.001015,KG
05104036,Bombom SF Açaí 10g,0050303004,NIBS DE CACAU - SAKAGUCHI NT 120-35,0.000923,KG
05104036,Bombom SF Açaí 10g,0050304005,LIQUOR DE CACAU - SAKAGUCHI  NT24,0.000923,KG
05104036,Bombom SF Açaí 10g,0140106805,Açúcar refinado,0.002593,KG
05104036,Bombom SF Açaí 10g,03001001,Leite em Pó integral,0.001923,KG
05104036,Bombom SF Açaí 10g,9990107001,MANTEIGA DE CACAU desodorizada,0.002231,KG
05104036,Bombom SF Açaí 10g,9990111005,Lecitina de Soja,2.4e-05,LT
05104036,Bombom SF Açaí 10g,0050305006,MASSA DE CHOCOLATE -AO LEITE   NF24,0.0055,KG
05104036,Bombom SF Açaí 10g,9990311020,Ganache Açaí,0.0045,KG
05104036,Bombom SF Açaí 10g,0050305006,MASSA DE CHOCOLATE -AO LEITE   NF24,0.002192,KG
05104036,Bombom SF Açaí 10g,0140106804,Açúcar invertido,0.000219,KG
05104036,Bombom SF Açaí 10g,9990111006,Manteiga de Leite,0.000259,KG
05104036,Bombom SF Açaí 10g,9990111021,DEXTROSE,4e-05,KG
05104036,Bombom SF Açaí 10g,9990111023,Sorbitol em Pó,0.000241,KG
05104036,Bombom SF Açaí 10g,9990111026,Sal,5e-06,KG
05104036,Bombom SF Açaí 10g,9990111053,MALTODEXTRINA DE10 1910,3.7e-05,KG
05104036,Bombom SF Açaí 10g,9990111054,Sorbato de Potássio Granulado,5e-06,KG
05104036,Bombom SF Açaí 10g,9990111065,Açaí Liofilizado,0.000161,KG
05104036,Bombom SF Açaí 10g,9990315028,Polpa de Açaí Reduzida,0.001341,PC
05104036,Bombom SF Açaí 10g,0140106805,Açúcar refinado,0.000188,KG
05104036,Bombom SF Açaí 10g,9990111045,Polpa de Açaí,0.001341,KG
05104037,Bombom SF Buriti 10g,0050301007,Amêndoa de Cacau Seca Aprovada - Sakaguc,0.000594,KG
05104037,Bombom SF Buriti 10g,0050302011,AMÊNDOA DE CACAU TORRADA - SAKAGUCHI  12,0.000594,KG
05104037,Bombom SF Buriti 10g,0050303004,NIBS DE CACAU - SAKAGUCHI NT 120-35,0.00054,KG
05104037,Bombom SF Buriti 10g,0050304005,LIQUOR DE CACAU - SAKAGUCHI  NT24,0.00054,KG
05104037,Bombom SF Buriti 10g,0140106805,Açúcar refinado,0.001517,KG
05104037,Bombom SF Buriti 10g,03001001,Leite em Pó integral,0.001125,KG
05104037,Bombom SF Buriti 10g,9990107001,MANTEIGA DE CACAU desodorizada,0.001305,KG
05104037,Bombom SF Buriti 10g,9990111005,Lecitina de Soja,1.4e-05,LT
05104037,Bombom SF Buriti 10g,0050305006,MASSA DE CHOCOLATE -AO LEITE   NF24,0.0045,KG
05104037,Bombom SF Buriti 10g,9990311011,Recheio Buriti,0.0055,KG
05104038,Bombom SF Bacuri 10g,0050301007,Amêndoa de Cacau Seca Aprovada - Sakaguc,0.000594,KG
05104038,Bombom SF Bacuri 10g,0050302011,AMÊNDOA DE CACAU TORRADA - SAKAGUCHI  12,0.000594,KG
05104038,Bombom SF Bacuri 10g,0050303004,NIBS DE CACAU - SAKAGUCHI NT 120-35,0.00054,KG
05104038,Bombom SF Bacuri 10g,0050304005,LIQUOR DE CACAU - SAKAGUCHI  NT24,0.00054,KG
05104038,Bombom SF Bacuri 10g,0140106805,Açúcar refinado,0.001517,KG
05104038,Bombom SF Bacuri 10g,03001001,Leite em Pó integral,0.001125,KG
05104038,Bombom SF Bacuri 10g,9990107001,MANTEIGA DE CACAU desodorizada,0.001305,KG
05104038,Bombom SF Bacuri 10g,9990111005,Lecitina de Soja,1.4e-05,LT
05104038,Bombom SF Bacuri 10g,0050305006,MASSA DE CHOCOLATE -AO LEITE   NF24,0.0045,KG
05104038,Bombom SF Bacuri 10g,9990311012,Recheio Bacuri,0.0055,KG
05104039,Bombom SF Ganache de Taperebá Int 10g,0020301006,Amêndoa de Cacau Seca Aprovada - Mocajub,0.002723,KG
05104039,Bombom SF Ganache de Taperebá Int 10g,0020302002,Amêndoa de Cacau Torrada - Mocajuba (PA),0.002723,KG
05104039,Bombom SF Ganache de Taperebá Int 10g,0020303003,Nibs de Cacau - Mocajuba (PA),0.002475,KG
05104039,Bombom SF Ganache de Taperebá Int 10g,0020304004,Liquor de Cacau - Mocajuba (PA),0.002475,KG
05104039,Bombom SF Ganache de Taperebá Int 10g,0140106004,Açúcar Demerara,0.00162,KG
05104039,Bombom SF Ganache de Taperebá Int 10g,9990107001,MANTEIGA DE CACAU desodorizada,0.00036,KG
05104039,Bombom SF Ganache de Taperebá Int 10g,9990111005,Lecitina de Soja,1.4e-05,LT
05104039,Bombom SF Ganache de Taperebá Int 10g,0050301007,Amêndoa de Cacau Seca Aprovada - Sakaguc,0.000316,KG
05104039,Bombom SF Ganache de Taperebá Int 10g,0050302011,AMÊNDOA DE CACAU TORRADA - SAKAGUCHI  12,0.000316,KG
05104039,Bombom SF Ganache de Taperebá Int 10g,0050303004,NIBS DE CACAU - SAKAGUCHI NT 120-35,0.000287,KG
05104039,Bombom SF Ganache de Taperebá Int 10g,0050304005,LIQUOR DE CACAU - SAKAGUCHI  NT24,0.000287,KG
05104039,Bombom SF Ganache de Taperebá Int 10g,0140106805,Açúcar refinado,0.000806,KG
05104039,Bombom SF Ganache de Taperebá Int 10g,03001001,Leite em Pó integral,0.000598,KG
05104039,Bombom SF Ganache de Taperebá Int 10g,9990107001,MANTEIGA DE CACAU desodorizada,0.000693,KG
05104039,Bombom SF Ganache de Taperebá Int 10g,9990111005,Lecitina de Soja,7e-06,LT
05104039,Bombom SF Ganache de Taperebá Int 10g,0020305008,Massa de Chocolate - Mocajuba Intenso,0.0045,KG
05104039,Bombom SF Ganache de Taperebá Int 10g,9990311013,Ganache de Taperebá,0.0055,KG
05104039,Bombom SF Ganache de Taperebá Int 10g,0050305006,MASSA DE CHOCOLATE -AO LEITE   NF24,0.002391,KG
05104039,Bombom SF Ganache de Taperebá Int 10g,9990107001,MANTEIGA DE CACAU desodorizada,7.1e-05,KG
05104039,Bombom SF Ganache de Taperebá Int 10g,9990111006,Manteiga de Leite,0.000252,KG
05104039,Bombom SF Ganache de Taperebá Int 10g,9990111008,Xarope de glucose,9.1e-05,KG
05104039,Bombom SF Ganache de Taperebá Int 10g,9990111021,DEXTROSE,6e-05,KG
05104039,Bombom SF Ganache de Taperebá Int 10g,9990111023,Sorbitol em Pó,0.000197,KG
05104039,Bombom SF Ganache de Taperebá Int 10g,9990111053,MALTODEXTRINA DE10 1910,4.6e-05,KG
05104039,Bombom SF Ganache de Taperebá Int 10g,9990111054,Sorbato de Potássio Granulado,6e-06,KG
05104039,Bombom SF Ganache de Taperebá Int 10g,9990111058,Tapereba Liofilizado,0.000404,KG
05104039,Bombom SF Ganache de Taperebá Int 10g,9990315027,Polpa de Tapereba Reduzida,0.001987,PC
05104039,Bombom SF Ganache de Taperebá Int 10g,0140106805,Açúcar refinado,0.000278,KG
05104039,Bombom SF Ganache de Taperebá Int 10g,9990111055,Polpa Caja/Tapereba,0.001987,KG
05104040,Bombom SF Murici 10g,0050301007,Amêndoa de Cacau Seca Aprovada - Sakaguc,0.000594,KG
05104040,Bombom SF Murici 10g,0050302011,AMÊNDOA DE CACAU TORRADA - SAKAGUCHI  12,0.000594,KG
05104040,Bombom SF Murici 10g,0050303004,NIBS DE CACAU - SAKAGUCHI NT 120-35,0.00054,KG
05104040,Bombom SF Murici 10g,0050304005,LIQUOR DE CACAU - SAKAGUCHI  NT24,0.00054,KG
05104040,Bombom SF Murici 10g,0140106805,Açúcar refinado,0.001517,KG
05104040,Bombom SF Murici 10g,03001001,Leite em Pó integral,0.001125,KG
05104040,Bombom SF Murici 10g,9990107001,MANTEIGA DE CACAU desodorizada,0.001305,KG
05104040,Bombom SF Murici 10g,9990111005,Lecitina de Soja,1.4e-05,LT
05104040,Bombom SF Murici 10g,0050305006,MASSA DE CHOCOLATE -AO LEITE   NF24,0.0045,KG
05104040,Bombom SF Murici 10g,9990311014,Recheio Muruci,0.0055,KG
05104041,Bombom SF Graviola 10,0050301007,Amêndoa de Cacau Seca Aprovada - Sakaguc,0.000594,KG
05104041,Bombom SF Graviola 10,0050302011,AMÊNDOA DE CACAU TORRADA - SAKAGUCHI  12,0.000594,KG
05104041,Bombom SF Graviola 10,0050303004,NIBS DE CACAU - SAKAGUCHI NT 120-35,0.00054,KG
05104041,Bombom SF Graviola 10,0050304005,LIQUOR DE CACAU - SAKAGUCHI  NT24,0.00054,KG
05104041,Bombom SF Graviola 10,0140106805,Açúcar refinado,0.001517,KG
05104041,Bombom SF Graviola 10,03001001,Leite em Pó integral,0.001125,KG
05104041,Bombom SF Graviola 10,9990107001,MANTEIGA DE CACAU desodorizada,0.001305,KG
05104041,Bombom SF Graviola 10,9990111005,Lecitina de Soja,1.4e-05,LT
05104041,Bombom SF Graviola 10,0050305006,MASSA DE CHOCOLATE -AO LEITE   NF24,0.0045,KG
05104041,Bombom SF Graviola 10,9990311015,Recheio Graviola,0.0055,KG
05104046,Princesa Yara Cupuaçu,0050301007,Amêndoa de Cacau Seca Aprovada - Sakaguc,0.002376,KG
05104046,Princesa Yara Cupuaçu,0050302011,AMÊNDOA DE CACAU TORRADA - SAKAGUCHI  12,0.002376,KG
05104046,Princesa Yara Cupuaçu,0050303004,NIBS DE CACAU - SAKAGUCHI NT 120-35,0.00216,KG
05104046,Princesa Yara Cupuaçu,0050304005,LIQUOR DE CACAU - SAKAGUCHI  NT24,0.00216,KG
05104046,Princesa Yara Cupuaçu,0140106805,Açúcar refinado,0.006066,KG
05104046,Princesa Yara Cupuaçu,03001001,Leite em Pó integral,0.0045,KG
05104046,Princesa Yara Cupuaçu,9990107001,MANTEIGA DE CACAU desodorizada,0.00522,KG
05104046,Princesa Yara Cupuaçu,9990111005,Lecitina de Soja,5.4e-05,LT
05104046,Princesa Yara Cupuaçu,0050305006,MASSA DE CHOCOLATE -AO LEITE   NF24,0.018,KG
05104046,Princesa Yara Cupuaçu,9990311007,Recheio Yara cupu,0.012,KG
05104046,Princesa Yara Cupuaçu,0140106805,Açúcar refinado,0.003427,KG
05104046,Princesa Yara Cupuaçu,9990111000,Agua Mineral sem gás,0.003823,LT
05104046,Princesa Yara Cupuaçu,9990111004,Baunilha em Fava,5e-06,KG
05104046,Princesa Yara Cupuaçu,9990111007,Clara em Pó,0.000163,KG
05104046,Princesa Yara Cupuaçu,9990111008,Xarope de glucose,0.003845,KG
05104046,Princesa Yara Cupuaçu,9990111009,Gelatina incolor,0.000173,KG
05104046,Princesa Yara Cupuaçu,9990111013,Polpa Cupuaçu,0.00056,KG
05104047,Princesa Yara Taperebá,0050301007,Amêndoa de Cacau Seca Aprovada - Sakaguc,0.002376,KG
05104047,Princesa Yara Taperebá,0050302011,AMÊNDOA DE CACAU TORRADA - SAKAGUCHI  12,0.002376,KG
05104047,Princesa Yara Taperebá,0050303004,NIBS DE CACAU - SAKAGUCHI NT 120-35,0.00216,KG
05104047,Princesa Yara Taperebá,0050304005,LIQUOR DE CACAU - SAKAGUCHI  NT24,0.00216,KG
05104047,Princesa Yara Taperebá,0140106805,Açúcar refinado,0.006066,KG
05104047,Princesa Yara Taperebá,03001001,Leite em Pó integral,0.0045,KG
05104047,Princesa Yara Taperebá,9990107001,MANTEIGA DE CACAU desodorizada,0.00522,KG
05104047,Princesa Yara Taperebá,9990111005,Lecitina de Soja,5.4e-05,LT
05104047,Princesa Yara Taperebá,0050305006,MASSA DE CHOCOLATE -AO LEITE   NF24,0.018,KG
05104047,Princesa Yara Taperebá,9990311008,Recheio Yara taperebá,0.012,KG
05104047,Princesa Yara Taperebá,0140106805,Açúcar refinado,0.003427,KG
05104047,Princesa Yara Taperebá,9990111000,Agua Mineral sem gás,0.003823,LT
05104047,Princesa Yara Taperebá,9990111004,Baunilha em Fava,5e-06,KG
05104047,Princesa Yara Taperebá,9990111007,Clara em Pó,0.000163,KG
05104047,Princesa Yara Taperebá,9990111008,Xarope de glucose,0.003845,KG
05104047,Princesa Yara Taperebá,9990111009,Gelatina incolor,0.000173,KG
05104047,Princesa Yara Taperebá,9990111014,Polpa Taperebá,0.00056,KG
05104048,Princesa Yara Maracujá,0050301007,Amêndoa de Cacau Seca Aprovada - Sakaguc,0.001267,KG
05104048,Princesa Yara Maracujá,0050302011,AMÊNDOA DE CACAU TORRADA - SAKAGUCHI  12,0.001267,KG
05104048,Princesa Yara Maracujá,0050303004,NIBS DE CACAU - SAKAGUCHI NT 120-35,0.001152,KG
05104048,Princesa Yara Maracujá,0050304005,LIQUOR DE CACAU - SAKAGUCHI  NT24,0.001152,KG
05104048,Princesa Yara Maracujá,0140106805,Açúcar refinado,0.003235,KG
05104048,Princesa Yara Maracujá,03001001,Leite em Pó integral,0.0024,KG
05104048,Princesa Yara Maracujá,9990107001,MANTEIGA DE CACAU desodorizada,0.002784,KG
05104048,Princesa Yara Maracujá,9990111005,Lecitina de Soja,2.9e-05,LT
05104048,Princesa Yara Maracujá,0050305006,MASSA DE CHOCOLATE -AO LEITE   NF24,0.0096,KG
05104048,Princesa Yara Maracujá,9990311009,Recheio Yara Maracujá,0.0064,KG
05104048,Princesa Yara Maracujá,0140106805,Açúcar refinado,0.001828,KG
05104048,Princesa Yara Maracujá,9990111000,Agua Mineral sem gás,0.002231,LT
05104048,Princesa Yara Maracujá,9990111004,Baunilha em Fava,3e-06,KG
05104048,Princesa Yara Maracujá,9990111007,Clara em Pó,8.7e-05,KG
05104048,Princesa Yara Maracujá,9990111008,Xarope de glucose,0.002051,KG
05104048,Princesa Yara Maracujá,9990111009,Gelatina incolor,9.2e-05,KG
05104048,Princesa Yara Maracujá,9990311038,Recheio Caramelo Maracujá,0.000301,KG
05104048,Princesa Yara Maracujá,0140106805,Açúcar refinado,8.8e-05,KG
05104048,Princesa Yara Maracujá,9990111000,Agua Mineral sem gás,2.7e-05,LT
05104048,Princesa Yara Maracujá,9990111004,Baunilha em Fava,0,KG
05104048,Princesa Yara Maracujá,9990111005,Lecitina de Soja,1e-06,LT
05104048,Princesa Yara Maracujá,9990111006,Manteiga de Leite,2.3e-05,KG
05104048,Princesa Yara Maracujá,9990111008,Xarope de glucose,5e-05,KG
05104048,Princesa Yara Maracujá,9990111015,Polpa Maracujá,0.000112,KG
05104056,Língua de Onça Intenso Praliné 11g,0020301006,Amêndoa de Cacau Seca Aprovada - Mocajub,0.004312,KG
05104056,Língua de Onça Intenso Praliné 11g,0020302002,Amêndoa de Cacau Torrada - Mocajuba (PA),0.004312,KG
05104056,Língua de Onça Intenso Praliné 11g,0020303003,Nibs de Cacau - Mocajuba (PA),0.00392,KG
05104056,Língua de Onça Intenso Praliné 11g,0020304004,Liquor de Cacau - Mocajuba (PA),0.00392,KG
05104056,Língua de Onça Intenso Praliné 11g,0140106004,Açúcar Demerara,0.002566,KG
05104056,Língua de Onça Intenso Praliné 11g,9990107001,MANTEIGA DE CACAU desodorizada,0.00057,KG
05104056,Língua de Onça Intenso Praliné 11g,9990111005,Lecitina de Soja,2.1e-05,LT
05104056,Língua de Onça Intenso Praliné 11g,0050301007,Amêndoa de Cacau Seca Aprovada - Sakaguc,0.000142,KG
05104056,Língua de Onça Intenso Praliné 11g,0050302011,AMÊNDOA DE CACAU TORRADA - SAKAGUCHI  12,0.000142,KG
05104056,Língua de Onça Intenso Praliné 11g,0050303004,NIBS DE CACAU - SAKAGUCHI NT 120-35,0.000129,KG
05104056,Língua de Onça Intenso Praliné 11g,0050304005,LIQUOR DE CACAU - SAKAGUCHI  NT24,0.000129,KG
05104056,Língua de Onça Intenso Praliné 11g,0140106805,Açúcar refinado,0.000362,KG
05104056,Língua de Onça Intenso Praliné 11g,03001001,Leite em Pó integral,0.000269,KG
05104056,Língua de Onça Intenso Praliné 11g,9990107001,MANTEIGA DE CACAU desodorizada,0.000311,KG
05104056,Língua de Onça Intenso Praliné 11g,9990111005,Lecitina de Soja,3e-06,LT
05104056,Língua de Onça Intenso Praliné 11g,0020305008,Massa de Chocolate - Mocajuba Intenso,0.007128,KG
05104056,Língua de Onça Intenso Praliné 11g,9990307008,Pomada de manteiga de cacau,7.2e-05,PC
05104056,Língua de Onça Intenso Praliné 11g,9990311030,Praliné de Avelã colagem,0.0048,KG
05104056,Língua de Onça Intenso Praliné 11g,0050305021,PP Língua de Onça intenso Praliné 11G,1,UN
05104056,Língua de Onça Intenso Praliné 11g,9990107001,MANTEIGA DE CACAU desodorizada,0.000122,KG
05104056,Língua de Onça Intenso Praliné 11g,0050305006,MASSA DE CHOCOLATE -AO LEITE   NF24,0.001074,KG
05104056,Língua de Onça Intenso Praliné 11g,9990107001,MANTEIGA DE CACAU desodorizada,0.000319,KG
05104056,Língua de Onça Intenso Praliné 11g,9990307008,Pomada de manteiga de cacau,5e-05,PC
05104056,Língua de Onça Intenso Praliné 11g,9990311043,Praliné de Avelã,0.003357,PC
05104056,Língua de Onça Intenso Praliné 11g,0140106805,Açúcar refinado,0.001343,KG
05104056,Língua de Onça Intenso Praliné 11g,9990111020,Avelã,0.002014,KG
05104057,Trufas ao leite,0050301007,Amêndoa de Cacau Seca Aprovada - Sakaguc,0.000528,KG
05104057,Trufas ao leite,0050302011,AMÊNDOA DE CACAU TORRADA - SAKAGUCHI  12,0.000528,KG
05104057,Trufas ao leite,0050303004,NIBS DE CACAU - SAKAGUCHI NT 120-35,0.00048,KG
05104057,Trufas ao leite,0050304005,LIQUOR DE CACAU - SAKAGUCHI  NT24,0.00048,KG
05104057,Trufas ao leite,0140106805,Açúcar refinado,0.001348,KG
05104057,Trufas ao leite,03001001,Leite em Pó integral,0.001,KG
05104057,Trufas ao leite,9990107001,MANTEIGA DE CACAU desodorizada,0.00116,KG
05104057,Trufas ao leite,9990111005,Lecitina de Soja,1.2e-05,LT
05104057,Trufas ao leite,0140106004,Açúcar Demerara,0.001778,KG
05104057,Trufas ao leite,0250304004,Liquor de Cacau - Bom Jardim,0.002716,KG
05104057,Trufas ao leite,9990107001,MANTEIGA DE CACAU desodorizada,0.000296,KG
05104057,Trufas ao leite,9990111005,Lecitina de Soja,5e-06,LT
05104057,Trufas ao leite,0250101006,Amêndoa de Cacau Seca Aprovada - Bom Jar,0.002988,KG
05104057,Trufas ao leite,0250302002,Amêndoa de Cacau Torrada - Bom Jardim,0.002988,KG
05104057,Trufas ao leite,0250303003,Nibs de Cacau - Bom Jardim,0.002716,KG
05104057,Trufas ao leite,0050305006,MASSA DE CHOCOLATE -AO LEITE   NF24,0.003999,KG
05104057,Trufas ao leite,0050305008,MASSA DE CHOCOLATE -INTENSO NF24,0.004938,KG
05104057,Trufas ao leite,0140106804,Açúcar invertido,0.000791,KG
05104057,Trufas ao leite,9990111003,Creme de Leite UHT 25%,0.004167,KG
05104057,Trufas ao leite,9990111006,Manteiga de Leite,0.000606,KG
05104057,Trufas ao leite,9990111023,Sorbitol em Pó,0.0005,KG
05104058,Bombom SF Maracujá Intenso 10G,0020301006,Amêndoa de Cacau Seca Aprovada - Mocajub,0.00445,KG
05104058,Bombom SF Maracujá Intenso 10G,0020302002,Amêndoa de Cacau Torrada - Mocajuba (PA),0.00445,KG
05104058,Bombom SF Maracujá Intenso 10G,0020303003,Nibs de Cacau - Mocajuba (PA),0.004045,KG
05104058,Bombom SF Maracujá Intenso 10G,0020304004,Liquor de Cacau - Mocajuba (PA),0.004045,KG
05104058,Bombom SF Maracujá Intenso 10G,0140106004,Açúcar Demerara,0.002648,KG
05104058,Bombom SF Maracujá Intenso 10G,9990107001,MANTEIGA DE CACAU desodorizada,0.000588,KG
05104058,Bombom SF Maracujá Intenso 10G,9990111005,Lecitina de Soja,2.3e-05,LT
05104058,Bombom SF Maracujá Intenso 10G,0050301007,Amêndoa de Cacau Seca Aprovada - Sakaguc,2.8e-05,KG
05104058,Bombom SF Maracujá Intenso 10G,0050302011,AMÊNDOA DE CACAU TORRADA - SAKAGUCHI  12,2.8e-05,KG
05104058,Bombom SF Maracujá Intenso 10G,0050303004,NIBS DE CACAU - SAKAGUCHI NT 120-35,2.5e-05,KG
05104058,Bombom SF Maracujá Intenso 10G,0050304005,LIQUOR DE CACAU - SAKAGUCHI  NT24,2.5e-05,KG
05104058,Bombom SF Maracujá Intenso 10G,0140106805,Açúcar refinado,6.9e-05,KG
05104058,Bombom SF Maracujá Intenso 10G,03001001,Leite em Pó integral,5.2e-05,KG
05104058,Bombom SF Maracujá Intenso 10G,9990107001,MANTEIGA DE CACAU desodorizada,6e-05,KG
05104058,Bombom SF Maracujá Intenso 10G,9990111005,Lecitina de Soja,1e-06,LT
05104058,Bombom SF Maracujá Intenso 10G,0020305008,Massa de Chocolate - Mocajuba Intenso,0.0055,KG
05104058,Bombom SF Maracujá Intenso 10G,9990311041,Ganache maracujá,0.0045,PC
05104058,Bombom SF Maracujá Intenso 10G,0020305008,Massa de Chocolate - Mocajuba Intenso,0.001855,KG
05104058,Bombom SF Maracujá Intenso 10G,0050305006,MASSA DE CHOCOLATE -AO LEITE   NF24,0.000206,KG
05104058,Bombom SF Maracujá Intenso 10G,878,Maracujá liofilizado,5.4e-05,KG
05104058,Bombom SF Maracujá Intenso 10G,9990107001,MANTEIGA DE CACAU desodorizada,3.4e-05,KG
05104058,Bombom SF Maracujá Intenso 10G,9990111006,Manteiga de Leite,0.000308,KG
05104058,Bombom SF Maracujá Intenso 10G,9990111008,Xarope de glucose,0.000378,KG
05104058,Bombom SF Maracujá Intenso 10G,9990111021,DEXTROSE,0.000515,KG
05104058,Bombom SF Maracujá Intenso 10G,9990111023,Sorbitol em Pó,0.000412,KG
05104058,Bombom SF Maracujá Intenso 10G,9990315025,Polpa de Maracujá Reduzida,0.000788,KG
05104058,Bombom SF Maracujá Intenso 10G,0140106805,Açúcar refinado,0.00011,KG
05104058,Bombom SF Maracujá Intenso 10G,9990111015,Polpa Maracujá,0.000788,KG
05104059,Bombom SF Doce de Cupuaçu 10g,0050301007,Amêndoa de Cacau Seca Aprovada - Sakaguc,0.000998,KG
05104059,Bombom SF Doce de Cupuaçu 10g,0050302011,AMÊNDOA DE CACAU TORRADA - SAKAGUCHI  12,0.000998,KG
05104059,Bombom SF Doce de Cupuaçu 10g,0050303004,NIBS DE CACAU - SAKAGUCHI NT 120-35,0.000907,KG
05104059,Bombom SF Doce de Cupuaçu 10g,0050304005,LIQUOR DE CACAU - SAKAGUCHI  NT24,0.000907,KG
05104059,Bombom SF Doce de Cupuaçu 10g,0140106805,Açúcar refinado,0.002549,KG
05104059,Bombom SF Doce de Cupuaçu 10g,03001001,Leite em Pó integral,0.00189,KG
05104059,Bombom SF Doce de Cupuaçu 10g,9990107001,MANTEIGA DE CACAU desodorizada,0.002193,KG
05104059,Bombom SF Doce de Cupuaçu 10g,9990111005,Lecitina de Soja,2.3e-05,LT
05104059,Bombom SF Doce de Cupuaçu 10g,0050305006,MASSA DE CHOCOLATE -AO LEITE   NF24,0.0055,KG
05104059,Bombom SF Doce de Cupuaçu 10g,9990311042,Recheio Doce de Cupuaçu,0.0045,KG
05104059,Bombom SF Doce de Cupuaçu 10g,0050305006,MASSA DE CHOCOLATE -AO LEITE   NF24,0.002061,KG
05104059,Bombom SF Doce de Cupuaçu 10g,9990107001,MANTEIGA DE CACAU desodorizada,3.4e-05,KG
05104059,Bombom SF Doce de Cupuaçu 10g,9990111006,Manteiga de Leite,0.000308,KG
05104059,Bombom SF Doce de Cupuaçu 10g,9990111008,Xarope de glucose,0.000378,KG
05104059,Bombom SF Doce de Cupuaçu 10g,9990111021,DEXTROSE,0.000515,KG
05104059,Bombom SF Doce de Cupuaçu 10g,9990111023,Sorbitol em Pó,0.000412,KG
05104059,Bombom SF Doce de Cupuaçu 10g,9990111059,Cupuaçu Liofilizado,0.00018,KG
05104059,Bombom SF Doce de Cupuaçu 10g,9990315026,Polpa de Cupuaçu Reduzida,0.000788,PC
05104059,Bombom SF Doce de Cupuaçu 10g,0140106805,Açúcar refinado,0.00011,KG
05104059,Bombom SF Doce de Cupuaçu 10g,9990111013,Polpa Cupuaçu,0.000788,KG
05104060,Língua de Onça Chocolate ao Leite 5g,0050301007,Amêndoa de Cacau Seca Aprovada - Sakaguc,0.000653,KG
05104060,Língua de Onça Chocolate ao Leite 5g,0050302011,AMÊNDOA DE CACAU TORRADA - SAKAGUCHI  12,0.000653,KG
05104060,Língua de Onça Chocolate ao Leite 5g,0050303004,NIBS DE CACAU - SAKAGUCHI NT 120-35,0.000594,KG
05104060,Língua de Onça Chocolate ao Leite 5g,0050304005,LIQUOR DE CACAU - SAKAGUCHI  NT24,0.000594,KG
05104060,Língua de Onça Chocolate ao Leite 5g,0140106805,Açúcar refinado,0.001668,KG
05104060,Língua de Onça Chocolate ao Leite 5g,03001001,Leite em Pó integral,0.001238,KG
05104060,Língua de Onça Chocolate ao Leite 5g,9990107001,MANTEIGA DE CACAU desodorizada,0.001436,KG
05104060,Língua de Onça Chocolate ao Leite 5g,9990111005,Lecitina de Soja,1.5e-05,LT
05104060,Língua de Onça Chocolate ao Leite 5g,0050305006,MASSA DE CHOCOLATE -AO LEITE   NF24,0.00495,KG
05104060,Língua de Onça Chocolate ao Leite 5g,9990307008,Pomada de manteiga de cacau,5e-05,PC
05104060,Língua de Onça Chocolate ao Leite 5g,0050305013,PP LÍNGUA DE ONÇA 5G AO LEITE,1,PC
05104060,Língua de Onça Chocolate ao Leite 5g,9990107001,MANTEIGA DE CACAU desodorizada,5e-05,KG
05104061,Língua de Onça Leite Praliné 5g,0050301007,Amêndoa de Cacau Seca Aprovada - Sakaguc,0.000392,KG
05104061,Língua de Onça Leite Praliné 5g,0050302011,AMÊNDOA DE CACAU TORRADA - SAKAGUCHI  12,0.000392,KG
05104061,Língua de Onça Leite Praliné 5g,0050303004,NIBS DE CACAU - SAKAGUCHI NT 120-35,0.000356,KG
05104061,Língua de Onça Leite Praliné 5g,0050304005,LIQUOR DE CACAU - SAKAGUCHI  NT24,0.00041,KG
05104061,Língua de Onça Leite Praliné 5g,0140106805,Açúcar refinado,0.001152,KG
05104061,Língua de Onça Leite Praliné 5g,03001001,Leite em Pó integral,0.000855,KG
05104061,Língua de Onça Leite Praliné 5g,9990107001,MANTEIGA DE CACAU desodorizada,0.000991,KG
05104061,Língua de Onça Leite Praliné 5g,9990111005,Lecitina de Soja,1e-05,LT
05104061,Língua de Onça Leite Praliné 5g,0050305006,MASSA DE CHOCOLATE -AO LEITE   NF24,0.00297,KG
05104061,Língua de Onça Leite Praliné 5g,9990307008,Pomada de manteiga de cacau,3e-05,PC
05104061,Língua de Onça Leite Praliné 5g,9990311030,Praliné de Avelã colagem,0.002,KG
05104061,Língua de Onça Leite Praliné 5g,0050305010,PP LÍNGUA DE ONÇA 5G PRALINÉ,1,PC
05104061,Língua de Onça Leite Praliné 5g,9990107001,MANTEIGA DE CACAU desodorizada,5.1e-05,KG
05104061,Língua de Onça Leite Praliné 5g,0050305006,MASSA DE CHOCOLATE -AO LEITE   NF24,0.000448,KG
05104061,Língua de Onça Leite Praliné 5g,9990107001,MANTEIGA DE CACAU desodorizada,0.000133,KG
05104061,Língua de Onça Leite Praliné 5g,9990307008,Pomada de manteiga de cacau,2.1e-05,PC
05104061,Língua de Onça Leite Praliné 5g,9990311043,Praliné de Avelã,0.001399,PC
05104061,Língua de Onça Leite Praliné 5g,0140106805,Açúcar refinado,0.00056,KG
05104061,Língua de Onça Leite Praliné 5g,9990111020,Avelã,0.000839,KG
05104062,Língua de Onça Chocolate Intenso 5g,0020301006,Amêndoa de Cacau Seca Aprovada - Mocajub,0.002995,KG
05104062,Língua de Onça Chocolate Intenso 5g,0020302002,Amêndoa de Cacau Torrada - Mocajuba (PA),0.002995,KG
05104062,Língua de Onça Chocolate Intenso 5g,0020303003,Nibs de Cacau - Mocajuba (PA),0.002723,KG
05104062,Língua de Onça Chocolate Intenso 5g,0020304004,Liquor de Cacau - Mocajuba (PA),0.002723,KG
05104062,Língua de Onça Chocolate Intenso 5g,0140106004,Açúcar Demerara,0.001782,KG
05104062,Língua de Onça Chocolate Intenso 5g,9990107001,MANTEIGA DE CACAU desodorizada,0.000396,KG
05104062,Língua de Onça Chocolate Intenso 5g,9990111005,Lecitina de Soja,1.5e-05,LT
05104062,Língua de Onça Chocolate Intenso 5g,0020305008,Massa de Chocolate - Mocajuba Intenso,0.00495,KG
05104062,Língua de Onça Chocolate Intenso 5g,9990307008,Pomada de manteiga de cacau,5e-05,PC
05104062,Língua de Onça Chocolate Intenso 5g,0050305016,PP LÍNGUA DE ONÇA 5G INTENSO,1,PC
05104062,Língua de Onça Chocolate Intenso 5g,9990107001,MANTEIGA DE CACAU desodorizada,5e-05,KG
05104063,Língua de Onça Intenso Praliné 5g,0020301006,Amêndoa de Cacau Seca Aprovada - Mocajub,0.001797,KG
05104063,Língua de Onça Intenso Praliné 5g,0020302002,Amêndoa de Cacau Torrada - Mocajuba (PA),0.001797,KG
05104063,Língua de Onça Intenso Praliné 5g,0020303003,Nibs de Cacau - Mocajuba (PA),0.001634,KG
05104063,Língua de Onça Intenso Praliné 5g,0020304004,Liquor de Cacau - Mocajuba (PA),0.001634,KG
05104063,Língua de Onça Intenso Praliné 5g,0140106004,Açúcar Demerara,0.001069,KG
05104063,Língua de Onça Intenso Praliné 5g,9990107001,MANTEIGA DE CACAU desodorizada,0.000238,KG
05104063,Língua de Onça Intenso Praliné 5g,9990111005,Lecitina de Soja,9e-06,LT
05104063,Língua de Onça Intenso Praliné 5g,0050301007,Amêndoa de Cacau Seca Aprovada - Sakaguc,5.9e-05,KG
05104063,Língua de Onça Intenso Praliné 5g,0050302011,AMÊNDOA DE CACAU TORRADA - SAKAGUCHI  12,5.9e-05,KG
05104063,Língua de Onça Intenso Praliné 5g,0050303004,NIBS DE CACAU - SAKAGUCHI NT 120-35,5.4e-05,KG
05104063,Língua de Onça Intenso Praliné 5g,0050304005,LIQUOR DE CACAU - SAKAGUCHI  NT24,5.4e-05,KG
05104063,Língua de Onça Intenso Praliné 5g,0140106805,Açúcar refinado,0.000151,KG
05104063,Língua de Onça Intenso Praliné 5g,03001001,Leite em Pó integral,0.000112,KG
05104063,Língua de Onça Intenso Praliné 5g,9990107001,MANTEIGA DE CACAU desodorizada,0.00013,KG
05104063,Língua de Onça Intenso Praliné 5g,9990111005,Lecitina de Soja,1e-06,LT
05104063,Língua de Onça Intenso Praliné 5g,0020305008,Massa de Chocolate - Mocajuba Intenso,0.00297,KG
05104063,Língua de Onça Intenso Praliné 5g,9990307008,Pomada de manteiga de cacau,3e-05,PC
05104063,Língua de Onça Intenso Praliné 5g,9990311030,Praliné de Avelã colagem,0.002,KG
05104063,Língua de Onça Intenso Praliné 5g,0050305020,PP Língua de Onça intenso Praliné 5G,1,UN
05104063,Língua de Onça Intenso Praliné 5g,9990107001,MANTEIGA DE CACAU desodorizada,5.1e-05,KG
05104063,Língua de Onça Intenso Praliné 5g,0050305006,MASSA DE CHOCOLATE -AO LEITE   NF24,0.000448,KG
05104063,Língua de Onça Intenso Praliné 5g,9990107001,MANTEIGA DE CACAU desodorizada,0.000133,KG
05104063,Língua de Onça Intenso Praliné 5g,9990307008,Pomada de manteiga de cacau,2.1e-05,PC
05104063,Língua de Onça Intenso Praliné 5g,9990311043,Praliné de Avelã,0.001399,PC
05104063,Língua de Onça Intenso Praliné 5g,0140106805,Açúcar refinado,0.00056,KG
05104063,Língua de Onça Intenso Praliné 5g,9990111020,Avelã,0.000839,KG
05104064,Língua de Onça Cupulate 5g,0210101001,Amêndoa de Cupuaçu - Sakaguchi (PA),0.00297,KG
05104064,Língua de Onça Cupulate 5g,0210303001,Nibs de Cupuaçu - Sakaguchi,0.0027,KG
05104064,Língua de Onça Cupulate 5g,0210305004,Massa  de Cupuaçu - Sakaguchi,0.005,KG
05104064,Língua de Onça Cupulate 5g,0050302010,Amêndoa de Cupuaçu Torrada - SAKAGUCHI,0.00297,KG
05104064,Língua de Onça Cupulate 5g,0050303010,LIQUOR DE CUPUAÇU -SAKAGUCHI,0.0027,KG
05104064,Língua de Onça Cupulate 5g,0140106004,Açúcar Demerara,0.00085,KG
05104064,Língua de Onça Cupulate 5g,9990107001,MANTEIGA DE CACAU desodorizada,0.00145,KG
05104064,Língua de Onça Cupulate 5g,0050305018,PP LÍNGUA DE ONÇA CUPUAÇU 5G,1,PC
05104067,OVO 10G INTENSO,0140106004,Açúcar Demerara,0.0036,KG
05104067,OVO 10G INTENSO,0250304004,Liquor de Cacau - Bom Jardim,0.0055,KG
05104067,OVO 10G INTENSO,9990107001,MANTEIGA DE CACAU desodorizada,0.0006,KG
05104067,OVO 10G INTENSO,9990111005,Lecitina de Soja,1e-05,LT
05104067,OVO 10G INTENSO,0250101006,Amêndoa de Cacau Seca Aprovada - Bom Jar,0.00605,KG
05104067,OVO 10G INTENSO,0250302002,Amêndoa de Cacau Torrada - Bom Jardim,0.00605,KG
05104067,OVO 10G INTENSO,0250303003,Nibs de Cacau - Bom Jardim,0.0055,KG
05104067,OVO 10G INTENSO,0050305008,MASSA DE CHOCOLATE -INTENSO NF24,0.01,KG
05104068,OVO 10G ao leite,0050301007,Amêndoa de Cacau Seca Aprovada - Sakaguc,0.00132,KG
05104068,OVO 10G ao leite,0050302011,AMÊNDOA DE CACAU TORRADA - SAKAGUCHI  12,0.00132,KG
05104068,OVO 10G ao leite,0050303004,NIBS DE CACAU - SAKAGUCHI NT 120-35,0.0012,KG
05104068,OVO 10G ao leite,0050304005,LIQUOR DE CACAU - SAKAGUCHI  NT24,0.0012,KG
05104068,OVO 10G ao leite,0140106805,Açúcar refinado,0.00337,KG
05104068,OVO 10G ao leite,03001001,Leite em Pó integral,0.0025,KG
05104068,OVO 10G ao leite,9990107001,MANTEIGA DE CACAU desodorizada,0.0029,KG
05104068,OVO 10G ao leite,9990111005,Lecitina de Soja,3e-05,LT
05104068,OVO 10G ao leite,0050305006,MASSA DE CHOCOLATE -AO LEITE   NF24,0.01,KG
05104071,Bombom Bom Jardim Intenso 10g,0020301006,Amêndoa de Cacau Seca Aprovada - Mocajub,0.004669,KG
05104071,Bombom Bom Jardim Intenso 10g,0020302002,Amêndoa de Cacau Torrada - Mocajuba (PA),0.004669,KG
05104071,Bombom Bom Jardim Intenso 10g,0020303003,Nibs de Cacau - Mocajuba (PA),0.004244,KG
05104071,Bombom Bom Jardim Intenso 10g,0020304004,Liquor de Cacau - Mocajuba (PA),0.004244,KG
05104071,Bombom Bom Jardim Intenso 10g,0140106004,Açúcar Demerara,0.002778,KG
05104071,Bombom Bom Jardim Intenso 10g,9990107001,MANTEIGA DE CACAU desodorizada,0.000617,KG
05104071,Bombom Bom Jardim Intenso 10g,9990111005,Lecitina de Soja,2.4e-05,LT
05104071,Bombom Bom Jardim Intenso 10g,0020305008,Massa de Chocolate - Mocajuba Intenso,0.0045,KG
05104071,Bombom Bom Jardim Intenso 10g,9990311025,Ganache Chocolate intenso,0.0055,KG
05104071,Bombom Bom Jardim Intenso 10g,0020305008,Massa de Chocolate - Mocajuba Intenso,0.003217,KG
05104071,Bombom Bom Jardim Intenso 10g,0140106804,Açúcar invertido,0.0003,KG
05104071,Bombom Bom Jardim Intenso 10g,9990107001,MANTEIGA DE CACAU desodorizada,5.4e-05,KG
05104071,Bombom Bom Jardim Intenso 10g,9990111003,Creme de Leite UHT 25%,0.001358,KG
05104071,Bombom Bom Jardim Intenso 10g,9990111006,Manteiga de Leite,0.00025,KG
05104071,Bombom Bom Jardim Intenso 10g,9990111023,Sorbitol em Pó,0.000322,KG
05104072,Bombom Surpresa da Floresta Cupulate 10g,0210101001,Amêndoa de Cupuaçu - Sakaguchi (PA),0.00594,KG
05104072,Bombom Surpresa da Floresta Cupulate 10g,0210303001,Nibs de Cupuaçu - Sakaguchi,0.0054,KG
05104072,Bombom Surpresa da Floresta Cupulate 10g,0050302010,Amêndoa de Cupuaçu Torrada - SAKAGUCHI,0.00594,KG
05104072,Bombom Surpresa da Floresta Cupulate 10g,0050303010,LIQUOR DE CUPUAÇU -SAKAGUCHI,0.0054,KG
05104072,Bombom Surpresa da Floresta Cupulate 10g,0140106004,Açúcar Demerara,0.0017,KG
05104072,Bombom Surpresa da Floresta Cupulate 10g,9990107001,MANTEIGA DE CACAU desodorizada,0.0029,KG
05104072,Bombom Surpresa da Floresta Cupulate 10g,0210305004,Massa  de Cupuaçu - Sakaguchi,0.01,KG
05104074,LO Leite Flowpack 11g,0050301007,Amêndoa de Cacau Seca Aprovada - Sakaguc,0.001438,KG
05104074,LO Leite Flowpack 11g,0050302011,AMÊNDOA DE CACAU TORRADA - SAKAGUCHI  12,0.001438,KG
05104074,LO Leite Flowpack 11g,0050303004,NIBS DE CACAU - SAKAGUCHI NT 120-35,0.001307,KG
05104074,LO Leite Flowpack 11g,0050304005,LIQUOR DE CACAU - SAKAGUCHI  NT24,0.001307,KG
05104074,LO Leite Flowpack 11g,0140106805,Açúcar refinado,0.00367,KG
05104074,LO Leite Flowpack 11g,03001001,Leite em Pó integral,0.002723,KG
05104074,LO Leite Flowpack 11g,9990107001,MANTEIGA DE CACAU desodorizada,0.003158,KG
05104074,LO Leite Flowpack 11g,9990111005,Lecitina de Soja,3.3e-05,LT
05104074,LO Leite Flowpack 11g,0050305006,MASSA DE CHOCOLATE -AO LEITE   NF24,0.01089,KG
05104074,LO Leite Flowpack 11g,9990307008,Pomada de manteiga de cacau,0.00011,PC
05104074,LO Leite Flowpack 11g,0050305014,PP LÍNGUA DE ONÇA 11G AO LEITE,1,PC
05104074,LO Leite Flowpack 11g,0190213090,Flowpack LO Leite,1,PC
05104074,LO Leite Flowpack 11g,9990107001,MANTEIGA DE CACAU desodorizada,0.00011,KG
05104075,LO Intenso Flowpack 11g,0020301006,Amêndoa de Cacau Seca Aprovada - Mocajub,0.006589,KG
05104075,LO Intenso Flowpack 11g,0020302002,Amêndoa de Cacau Torrada - Mocajuba (PA),0.006589,KG
05104075,LO Intenso Flowpack 11g,0020303003,Nibs de Cacau - Mocajuba (PA),0.00599,KG
05104075,LO Intenso Flowpack 11g,0020304004,Liquor de Cacau - Mocajuba (PA),0.00599,KG
05104075,LO Intenso Flowpack 11g,0140106004,Açúcar Demerara,0.00392,KG
05104075,LO Intenso Flowpack 11g,9990107001,MANTEIGA DE CACAU desodorizada,0.000871,KG
05104075,LO Intenso Flowpack 11g,9990111005,Lecitina de Soja,3.3e-05,LT
05104075,LO Intenso Flowpack 11g,0020305008,Massa de Chocolate - Mocajuba Intenso,0.01089,KG
05104075,LO Intenso Flowpack 11g,9990307008,Pomada de manteiga de cacau,0.00011,PC
05104075,LO Intenso Flowpack 11g,0050305017,PP LÍNGUA DE ONÇA 11G INTENSO,1,PC
05104075,LO Intenso Flowpack 11g,0190213092,Flowpack LO Intenso,1,PC
05104075,LO Intenso Flowpack 11g,9990107001,MANTEIGA DE CACAU desodorizada,0.00011,KG
05104076,LO Cupulate Flowpack 11g,0210101001,Amêndoa de Cupuaçu - Sakaguchi (PA),0.006534,KG
05104076,LO Cupulate Flowpack 11g,0210303001,Nibs de Cupuaçu - Sakaguchi,0.00594,KG
05104076,LO Cupulate Flowpack 11g,02104013,Sakaguchi Cupulate 50g,0.22,UN
05104076,LO Cupulate Flowpack 11g,0050302010,Amêndoa de Cupuaçu Torrada - SAKAGUCHI,0.006534,KG
05104076,LO Cupulate Flowpack 11g,0050303010,LIQUOR DE CUPUAÇU -SAKAGUCHI,0.00594,KG
05104076,LO Cupulate Flowpack 11g,0140106004,Açúcar Demerara,0.00187,KG
05104076,LO Cupulate Flowpack 11g,9990107001,MANTEIGA DE CACAU desodorizada,0.00319,KG
05104076,LO Cupulate Flowpack 11g,0190213030,Embalagem - Barra de Cupulate - Sakaguch,0.22,UN
05104076,LO Cupulate Flowpack 11g,0190214016,Cartão Surpresa - Prima Stampa,0.22,UN
05104076,LO Cupulate Flowpack 11g,0200216011,"Papel Chumbo - Cromus - 43,5cm x 59cm",0.0352,UN
05104076,LO Cupulate Flowpack 11g,0210305004,Massa  de Cupuaçu - Sakaguchi,0.011,KG
05104076,LO Cupulate Flowpack 11g,9970212003,ETIQ ADESIVA | PAPEL COUCHE A20-C | 30X3,0.22,UN
05104076,LO Cupulate Flowpack 11g,9970212004,ETIQ PIMACO A4348 LASER 100F 9600UND,0.22,UN
05104076,LO Cupulate Flowpack 11g,9990712002,ETIQUETA PARA QR CODE 40x40mm,0.22,UN
05104076,LO Cupulate Flowpack 11g,0050305019,PP LÍNGUA DE ONÇA CUPUAÇU 11G,1,PC
05104076,LO Cupulate Flowpack 11g,0190213094,Flowpack LO Cupulate,1,PC
05104077,Biscoito Puxuri Chocolate - Unitário,0050301007,Amêndoa de Cacau Seca Aprovada - Sakaguc,0.000925,KG
05104077,Biscoito Puxuri Chocolate - Unitário,0050302002,Amêndoa de Cacau Torrada - Sakaguchi(PA),0.000925,KG
05104077,Biscoito Puxuri Chocolate - Unitário,0050303003,Nibs de Cacau - Sakaguchi(PA),0.000841,KG
05104077,Biscoito Puxuri Chocolate - Unitário,0050304004,Liquor de Cacau - Sakaguchi (PA),0.000841,KG
05104077,Biscoito Puxuri Chocolate - Unitário,0140106004,Açúcar Demerara,0.00042,KG
05104077,Biscoito Puxuri Chocolate - Unitário,9990307005,Manteiga de Cacau Yanomami terc,0.000196,KG
05104077,Biscoito Puxuri Chocolate - Unitário,0050108008,Biscoito de castanha do Pará,0.001593,KG
05104077,Biscoito Puxuri Chocolate - Unitário,0050111002,Aromatizante Puxuri,1e-06,KG
05104077,Biscoito Puxuri Chocolate - Unitário,0050305009,Massa de Chocolate - Chocolate 60% - Sak,0.001401,KG
05104077,Biscoito Puxuri Chocolate - Unitário,9990111001,Flor de Sal,5e-06,KG
05104077,Biscoito Puxuri Chocolate - Unitário,0050308011,Biscoito de castanha do Pará banhado com,0.003,KG
05104077,Biscoito Puxuri Chocolate - Unitário,9970212004,ETIQ PIMACO A4348 LASER 100F 9600UND,0.02,UN
05104077,Biscoito Puxuri Chocolate - Unitário,9990115001,SAQUINHO BIODEGRADAVEL COMPOSTAVEL,6.6e-05,KG
05104077,Biscoito Puxuri Chocolate - Unitário,0050308014,Biscoito 150 gr com choco,0.02,PC
05104077,Biscoito Puxuri Chocolate - Unitário,0070301006,Amêndoa de Cacau Seca Aprovada - Yanomam,0.000232,KG
05104078,Língua de Onça ao leite 11g - CAFETERIA,0050301007,Amêndoa de Cacau Seca Aprovada - Sakaguc,0.001438,KG
05104078,Língua de Onça ao leite 11g - CAFETERIA,0050302011,AMÊNDOA DE CACAU TORRADA - SAKAGUCHI  12,0.001438,KG
05104078,Língua de Onça ao leite 11g - CAFETERIA,0050303004,NIBS DE CACAU - SAKAGUCHI NT 120-35,0.001307,KG
05104078,Língua de Onça ao leite 11g - CAFETERIA,0050304005,LIQUOR DE CACAU - SAKAGUCHI  NT24,0.001307,KG
05104078,Língua de Onça ao leite 11g - CAFETERIA,0140106805,Açúcar refinado,0.00367,KG
05104078,Língua de Onça ao leite 11g - CAFETERIA,03001001,Leite em Pó integral,0.002723,KG
05104078,Língua de Onça ao leite 11g - CAFETERIA,9990107001,MANTEIGA DE CACAU desodorizada,0.003158,KG
05104078,Língua de Onça ao leite 11g - CAFETERIA,9990111005,Lecitina de Soja,3.3e-05,LT
05104078,Língua de Onça ao leite 11g - CAFETERIA,0050305006,MASSA DE CHOCOLATE -AO LEITE   NF24,0.01089,KG
05104078,Língua de Onça ao leite 11g - CAFETERIA,9990307008,Pomada de manteiga de cacau,0.00011,PC
05104078,Língua de Onça ao leite 11g - CAFETERIA,0050305014,PP LÍNGUA DE ONÇA 11G AO LEITE,1,PC
05104078,Língua de Onça ao leite 11g - CAFETERIA,05104026,Língua de Onça Chocolate ao Leite 11g,1,PC
05104078,Língua de Onça ao leite 11g - CAFETERIA,9990107001,MANTEIGA DE CACAU desodorizada,0.00011,KG
05104079,Biscoito Puxuri Cupulate - unitário,0210101001,Amêndoa de Cupuaçu - Sakaguchi (PA),0.001046,KG
05104079,Biscoito Puxuri Cupulate - unitário,0210303001,Nibs de Cupuaçu - Sakaguchi,0.000951,KG
05104079,Biscoito Puxuri Cupulate - unitário,0050108008,Biscoito de castanha do Pará,0.001987,KG
05104079,Biscoito Puxuri Cupulate - unitário,0210305004,Massa  de Cupuaçu - Sakaguchi,0.001762,KG
05104079,Biscoito Puxuri Cupulate - unitário,9990111001,Flor de Sal,1e-06,KG
05104079,Biscoito Puxuri Cupulate - unitário,0050308012,BISCOITO DE CASTANHA DO PARÁ COM COBERTU,0.00375,KG
05104079,Biscoito Puxuri Cupulate - unitário,9970212004,ETIQ PIMACO A4348 LASER 100F 9600UND,0.025,UN
05104079,Biscoito Puxuri Cupulate - unitário,9990115001,SAQUINHO BIODEGRADAVEL COMPOSTAVEL,8.3e-05,KG
05104079,Biscoito Puxuri Cupulate - unitário,0050302010,Amêndoa de Cupuaçu Torrada - SAKAGUCHI,0.001046,KG
05104079,Biscoito Puxuri Cupulate - unitário,0050303010,LIQUOR DE CUPUAÇU -SAKAGUCHI,0.000951,KG
05104079,Biscoito Puxuri Cupulate - unitário,0140106004,Açúcar Demerara,0.0003,KG
05104079,Biscoito Puxuri Cupulate - unitário,9990107001,MANTEIGA DE CACAU desodorizada,0.000511,KG
05104079,Biscoito Puxuri Cupulate - unitário,0050308015,Biscoito 150 gr com Cupu,0.025,PC
05104080,Barra Recheada Pistache Granel 80g,0050301007,Amêndoa de Cacau Seca Aprovada - Sakaguc,0.004633,KG
05104080,Barra Recheada Pistache Granel 80g,0050302011,AMÊNDOA DE CACAU TORRADA - SAKAGUCHI  12,0.004633,KG
05104080,Barra Recheada Pistache Granel 80g,0050303004,NIBS DE CACAU - SAKAGUCHI NT 120-35,0.004212,KG
05104080,Barra Recheada Pistache Granel 80g,0050304005,LIQUOR DE CACAU - SAKAGUCHI  NT24,0.005418,KG
05104080,Barra Recheada Pistache Granel 80g,0140106805,Açúcar refinado,0.015216,KG
05104080,Barra Recheada Pistache Granel 80g,03001001,Leite em Pó integral,0.011287,KG
05104080,Barra Recheada Pistache Granel 80g,9990107001,MANTEIGA DE CACAU desodorizada,0.013093,KG
05104080,Barra Recheada Pistache Granel 80g,9990111005,Lecitina de Soja,0.000135,LT
05104080,Barra Recheada Pistache Granel 80g,0050305006,MASSA DE CHOCOLATE -AO LEITE   NF24,0.0351,KG
05104080,Barra Recheada Pistache Granel 80g,9990311031,Praliné Pistache colagem,0.0449,KG
05104080,Barra Recheada Pistache Granel 80g,0050321011,Barras com recheios - 80g   Pistache,1,UN
05104080,Barra Recheada Pistache Granel 80g,0190213056,Envelope plastico transparente,1,PC
05104080,Barra Recheada Pistache Granel 80g,9990107001,MANTEIGA DE CACAU desodorizada,0.000471,KG
05104080,Barra Recheada Pistache Granel 80g,0140106805,Açúcar refinado,0.012255,KG
05104080,Barra Recheada Pistache Granel 80g,03001001,Leite em Pó integral,0.00082,KG
05104080,Barra Recheada Pistache Granel 80g,9990111010,Pistache,0.01466,KG
05104080,Barra Recheada Pistache Granel 80g,9990111031,Amêndoa,0.003664,KG
05104080,Barra Recheada Pistache Granel 80g,0050305006,MASSA DE CHOCOLATE -AO LEITE   NF24,0.010049,KG
05104080,Barra Recheada Pistache Granel 80g,9990107001,MANTEIGA DE CACAU desodorizada,0.002981,KG
05104080,Barra Recheada Pistache Granel 80g,9990307008,Pomada de manteiga de cacau,0.000471,PC
05104080,Barra Recheada Pistache Granel 80g,9990311004,Praliné Pistache,0.031399,KG
05104081,Barra Recheada Maracujá Granel 80g,0050301007,Amêndoa de Cacau Seca Aprovada - Sakaguc,0.006283,KG
05104081,Barra Recheada Maracujá Granel 80g,0050302011,AMÊNDOA DE CACAU TORRADA - SAKAGUCHI  12,0.006283,KG
05104081,Barra Recheada Maracujá Granel 80g,0050303004,NIBS DE CACAU - SAKAGUCHI NT 120-35,0.005712,KG
05104081,Barra Recheada Maracujá Granel 80g,0050304005,LIQUOR DE CACAU - SAKAGUCHI  NT24,0.006212,KG
05104081,Barra Recheada Maracujá Granel 80g,0140106805,Açúcar refinado,0.017446,KG
05104081,Barra Recheada Maracujá Granel 80g,03001001,Leite em Pó integral,0.012942,KG
05104081,Barra Recheada Maracujá Granel 80g,9990107001,MANTEIGA DE CACAU desodorizada,0.015013,KG
05104081,Barra Recheada Maracujá Granel 80g,9990111005,Lecitina de Soja,0.000156,LT
05104081,Barra Recheada Maracujá Granel 80g,0050305006,MASSA DE CHOCOLATE -AO LEITE   NF24,0.0476,KG
05104081,Barra Recheada Maracujá Granel 80g,9990311030,Praliné de Avelã colagem,0.018624,KG
05104081,Barra Recheada Maracujá Granel 80g,9990311038,Recheio Caramelo Maracujá,0.013746,KG
05104081,Barra Recheada Maracujá Granel 80g,0050321024,Barra 80 GR  Caram de Maracujá+praliné,1,PC
05104081,Barra Recheada Maracujá Granel 80g,0190213056,Envelope plastico transparente,1,PC
05104081,Barra Recheada Maracujá Granel 80g,9990107001,MANTEIGA DE CACAU desodorizada,0.000196,KG
05104081,Barra Recheada Maracujá Granel 80g,0050305006,MASSA DE CHOCOLATE -AO LEITE   NF24,0.004168,KG
05104081,Barra Recheada Maracujá Granel 80g,9990107001,MANTEIGA DE CACAU desodorizada,0.001237,KG
05104081,Barra Recheada Maracujá Granel 80g,9990307008,Pomada de manteiga de cacau,0.000196,PC
05104081,Barra Recheada Maracujá Granel 80g,9990311043,Praliné de Avelã,0.013024,PC
05104081,Barra Recheada Maracujá Granel 80g,0140106805,Açúcar refinado,0.003999,KG
05104081,Barra Recheada Maracujá Granel 80g,9990111000,Agua Mineral sem gás,0.001223,LT
05104081,Barra Recheada Maracujá Granel 80g,9990111004,Baunilha em Fava,8e-06,KG
05104081,Barra Recheada Maracujá Granel 80g,9990111005,Lecitina de Soja,5.2e-05,LT
05104081,Barra Recheada Maracujá Granel 80g,9990111006,Manteiga de Leite,0.001068,KG
05104081,Barra Recheada Maracujá Granel 80g,9990111008,Xarope de glucose,0.002293,KG
05104081,Barra Recheada Maracujá Granel 80g,9990111015,Polpa Maracujá,0.005103,KG
05104081,Barra Recheada Maracujá Granel 80g,0140106805,Açúcar refinado,0.00521,KG
05104081,Barra Recheada Maracujá Granel 80g,9990111020,Avelã,0.007814,KG
05104082,Barra Recheada Avelã Granel 80g,0050301007,Amêndoa de Cacau Seca Aprovada - Sakaguc,0.004633,KG
05104082,Barra Recheada Avelã Granel 80g,0050302011,AMÊNDOA DE CACAU TORRADA - SAKAGUCHI  12,0.004633,KG
05104082,Barra Recheada Avelã Granel 80g,0050303004,NIBS DE CACAU - SAKAGUCHI NT 120-35,0.004212,KG
05104082,Barra Recheada Avelã Granel 80g,0050304005,LIQUOR DE CACAU - SAKAGUCHI  NT24,0.005418,KG
05104082,Barra Recheada Avelã Granel 80g,0140106805,Açúcar refinado,0.015216,KG
05104082,Barra Recheada Avelã Granel 80g,03001001,Leite em Pó integral,0.011287,KG
05104082,Barra Recheada Avelã Granel 80g,9990107001,MANTEIGA DE CACAU desodorizada,0.013093,KG
05104082,Barra Recheada Avelã Granel 80g,9990111005,Lecitina de Soja,0.000135,LT
05104082,Barra Recheada Avelã Granel 80g,0050305006,MASSA DE CHOCOLATE -AO LEITE   NF24,0.0351,KG
05104082,Barra Recheada Avelã Granel 80g,9990311030,Praliné de Avelã colagem,0.0449,KG
05104082,Barra Recheada Avelã Granel 80g,0050321013,Barras com recheios - 80g  com praliné,1,UN
05104082,Barra Recheada Avelã Granel 80g,0190213056,Envelope plastico transparente,1,PC
05104082,Barra Recheada Avelã Granel 80g,9990107001,MANTEIGA DE CACAU desodorizada,0.000471,KG
05104082,Barra Recheada Avelã Granel 80g,0050305006,MASSA DE CHOCOLATE -AO LEITE   NF24,0.010049,KG
05104082,Barra Recheada Avelã Granel 80g,9990107001,MANTEIGA DE CACAU desodorizada,0.002981,KG
05104082,Barra Recheada Avelã Granel 80g,9990307008,Pomada de manteiga de cacau,0.000471,PC
05104082,Barra Recheada Avelã Granel 80g,9990311043,Praliné de Avelã,0.031399,PC
05104082,Barra Recheada Avelã Granel 80g,0140106805,Açúcar refinado,0.01256,KG
05104082,Barra Recheada Avelã Granel 80g,9990111020,Avelã,0.018839,KG
05104083,Barra Recheada Int Avelã Granel 80g,0020301006,Amêndoa de Cacau Seca Aprovada - Mocajub,0.021236,KG
05104083,Barra Recheada Int Avelã Granel 80g,0020302002,Amêndoa de Cacau Torrada - Mocajuba (PA),0.021236,KG
05104083,Barra Recheada Int Avelã Granel 80g,0020303003,Nibs de Cacau - Mocajuba (PA),0.019305,KG
05104083,Barra Recheada Int Avelã Granel 80g,0020304004,Liquor de Cacau - Mocajuba (PA),0.019305,KG
05104083,Barra Recheada Int Avelã Granel 80g,0140106004,Açúcar Demerara,0.012636,KG
05104083,Barra Recheada Int Avelã Granel 80g,9990107001,MANTEIGA DE CACAU desodorizada,0.002808,KG
05104083,Barra Recheada Int Avelã Granel 80g,9990111005,Lecitina de Soja,0.000105,LT
05104083,Barra Recheada Int Avelã Granel 80g,0050301007,Amêndoa de Cacau Seca Aprovada - Sakaguc,0.001327,KG
05104083,Barra Recheada Int Avelã Granel 80g,0050302011,AMÊNDOA DE CACAU TORRADA - SAKAGUCHI  12,0.001327,KG
05104083,Barra Recheada Int Avelã Granel 80g,0050303004,NIBS DE CACAU - SAKAGUCHI NT 120-35,0.001206,KG
05104083,Barra Recheada Int Avelã Granel 80g,0050304005,LIQUOR DE CACAU - SAKAGUCHI  NT24,0.001206,KG
05104083,Barra Recheada Int Avelã Granel 80g,0140106805,Açúcar refinado,0.003387,KG
05104083,Barra Recheada Int Avelã Granel 80g,03001001,Leite em Pó integral,0.002512,KG
05104083,Barra Recheada Int Avelã Granel 80g,9990107001,MANTEIGA DE CACAU desodorizada,0.002914,KG
05104083,Barra Recheada Int Avelã Granel 80g,9990111005,Lecitina de Soja,3e-05,LT
05104083,Barra Recheada Int Avelã Granel 80g,0020305008,Massa de Chocolate - Mocajuba Intenso,0.0351,KG
05104083,Barra Recheada Int Avelã Granel 80g,9990311030,Praliné de Avelã colagem,0.0449,KG
05104083,Barra Recheada Int Avelã Granel 80g,0050321014,Barras com recheios - 80g   amargo 70% c,1,PC
05104083,Barra Recheada Int Avelã Granel 80g,0190213056,Envelope plastico transparente,1,PC
05104083,Barra Recheada Int Avelã Granel 80g,9990107001,MANTEIGA DE CACAU desodorizada,0.000471,KG
05104083,Barra Recheada Int Avelã Granel 80g,0050305006,MASSA DE CHOCOLATE -AO LEITE   NF24,0.010049,KG
05104083,Barra Recheada Int Avelã Granel 80g,9990107001,MANTEIGA DE CACAU desodorizada,0.002981,KG
05104083,Barra Recheada Int Avelã Granel 80g,9990307008,Pomada de manteiga de cacau,0.000471,PC
05104083,Barra Recheada Int Avelã Granel 80g,9990311043,Praliné de Avelã,0.031399,PC
05104083,Barra Recheada Int Avelã Granel 80g,0140106805,Açúcar refinado,0.01256,KG
05104083,Barra Recheada Int Avelã Granel 80g,9990111020,Avelã,0.018839,KG
05104085,Barra Kunkuni Granel 60g,00804010,Kunkuni - Cupulate 70% Cupuaçi - 50g,1.2,UN
05104085,Barra Kunkuni Granel 60g,0080301006,Amêndoa de Cupuaçu Aprovada - Santa Bárb,0.03828,KG
05104085,Barra Kunkuni Granel 60g,0080302002,Amêndoa de Cupuaçu Torrada - Santa Bárba,0.03828,KG
05104085,Barra Kunkuni Granel 60g,0080303003,Nibs de Cupuaçu - Santa Bárbara (PA),0.0348,KG
05104085,Barra Kunkuni Granel 60g,0080304008,Liquor de Cupuaçu - Santa Bárbara (PA),0.0348,KG
05104085,Barra Kunkuni Granel 60g,0140106004,Açúcar Demerara,0.015,KG
05104085,Barra Kunkuni Granel 60g,9990107001,MANTEIGA DE CACAU desodorizada,0.0102,KG
05104085,Barra Kunkuni Granel 60g,0080305004,Massa de  Cupuaçu - Santa Bárbara (PA),0.06,KG
05104085,Barra Kunkuni Granel 60g,0190213007,Embalagem - Barra de Cupulate - Kunkuni,1.2,UN
05104085,Barra Kunkuni Granel 60g,0190214016,Cartão Surpresa - Prima Stampa,1.2,UN
05104085,Barra Kunkuni Granel 60g,0200216011,"Papel Chumbo - Cromus - 43,5cm x 59cm",0.192,UN
05104085,Barra Kunkuni Granel 60g,9970212003,ETIQ ADESIVA | PAPEL COUCHE A20-C | 30X3,1.2,UN
05104085,Barra Kunkuni Granel 60g,9970212004,ETIQ PIMACO A4348 LASER 100F 9600UND,1.2,UN
05104085,Barra Kunkuni Granel 60g,9990712002,ETIQUETA PARA QR CODE 40x40mm,1.2,UN
05104085,Barra Kunkuni Granel 60g,0050321022,Barra 60g Terroir da Amazonia Kunkuni,1,PC
05104085,Barra Kunkuni Granel 60g,0190213056,Envelope plastico transparente,1,PC
05104086,Barra Xiba Granel 60g,0010301006,Amêndoa de Cacau Seca Aprovada - Xiba,0.034749,KG
05104086,Barra Xiba Granel 60g,0010302002,Amêndoa de Cacau Torrada - Xiba,0.05346,KG
05104086,Barra Xiba Granel 60g,0010303003,Nibs de Cacau - Xiba,0.0486,KG
05104086,Barra Xiba Granel 60g,0010304004,Liquor de Cacau - Xiba,0.0486,KG
05104086,Barra Xiba Granel 60g,0140106004,Açúcar Demerara,0.0114,KG
05104086,Barra Xiba Granel 60g,00104009,Xiba - Chocolate 81% Cacau - 50g,1.2,UN
05104086,Barra Xiba Granel 60g,0010305005,Massa de Chocolate - Chocolate - Xiba,0.06,KG
05104086,Barra Xiba Granel 60g,0190213001,Embalagem - Barra de Chocolate - Xiba -,1.2,UN
05104086,Barra Xiba Granel 60g,0190214016,Cartão Surpresa - Prima Stampa,1.2,UN
05104086,Barra Xiba Granel 60g,0200216011,"Papel Chumbo - Cromus - 43,5cm x 59cm",0.192,UN
05104086,Barra Xiba Granel 60g,9970212003,ETIQ ADESIVA | PAPEL COUCHE A20-C | 30X3,1.2,UN
05104086,Barra Xiba Granel 60g,9970212004,ETIQ PIMACO A4348 LASER 100F 9600UND,1.2,UN
05104086,Barra Xiba Granel 60g,9990307005,Manteiga de Cacau Yanomami terc,0.0024,KG
05104086,Barra Xiba Granel 60g,9990712002,ETIQUETA PARA QR CODE 40x40mm,1.2,UN
05104086,Barra Xiba Granel 60g,0010321001,Barra 60g Terroir da Amazonia XIBA 81%,1,PC
05104086,Barra Xiba Granel 60g,0190213056,Envelope plastico transparente,1,PC
05104086,Barra Xiba Granel 60g,0070301006,Amêndoa de Cacau Seca Aprovada - Yanomam,0.002847,KG
05104087,Barra Sakaguchi Lt Granel 60g,0050301007,Amêndoa de Cacau Seca Aprovada - Sakaguc,0.00792,KG
05104087,Barra Sakaguchi Lt Granel 60g,0050302011,AMÊNDOA DE CACAU TORRADA - SAKAGUCHI  12,0.00792,KG
05104087,Barra Sakaguchi Lt Granel 60g,0050303004,NIBS DE CACAU - SAKAGUCHI NT 120-35,0.0072,KG
05104087,Barra Sakaguchi Lt Granel 60g,0050304005,LIQUOR DE CACAU - SAKAGUCHI  NT24,0.0072,KG
05104087,Barra Sakaguchi Lt Granel 60g,0140106805,Açúcar refinado,0.02022,KG
05104087,Barra Sakaguchi Lt Granel 60g,03001001,Leite em Pó integral,0.015,KG
05104087,Barra Sakaguchi Lt Granel 60g,9990107001,MANTEIGA DE CACAU desodorizada,0.0174,KG
05104087,Barra Sakaguchi Lt Granel 60g,9990111005,Lecitina de Soja,0.00018,LT
05104087,Barra Sakaguchi Lt Granel 60g,0050305006,MASSA DE CHOCOLATE -AO LEITE   NF24,0.06,KG
05104087,Barra Sakaguchi Lt Granel 60g,0050321001,Barra 60g Terroir da Amazonia Saka ao le,1,PC
05104087,Barra Sakaguchi Lt Granel 60g,0190213056,Envelope plastico transparente,1,PC
05104088,Barra Sakaguchi 78% Granel 60g,0050301007,Amêndoa de Cacau Seca Aprovada - Sakaguc,0.05148,KG
05104088,Barra Sakaguchi 78% Granel 60g,0050302002,Amêndoa de Cacau Torrada - Sakaguchi(PA),0.05148,KG
05104088,Barra Sakaguchi 78% Granel 60g,0050303003,Nibs de Cacau - Sakaguchi(PA),0.0468,KG
05104088,Barra Sakaguchi 78% Granel 60g,0050304004,Liquor de Cacau - Sakaguchi (PA),0.0468,KG
05104088,Barra Sakaguchi 78% Granel 60g,0140106004,Açúcar Demerara,0.012,KG
05104088,Barra Sakaguchi 78% Granel 60g,9990107001,MANTEIGA DE CACAU desodorizada,0.00012,KG
05104088,Barra Sakaguchi 78% Granel 60g,00504009,Sakaguchi - Chocolate 78% Cacau - 50g,1.2,UN
05104088,Barra Sakaguchi 78% Granel 60g,0050305005,Massa de Chocolate - Chocolate - Sakaguc,0.06,KG
05104088,Barra Sakaguchi 78% Granel 60g,0190213004,Embalagem - Barra de Chocolate - Sakaguc,1.2,UN
05104088,Barra Sakaguchi 78% Granel 60g,0190214016,Cartão Surpresa - Prima Stampa,1.2,UN
05104088,Barra Sakaguchi 78% Granel 60g,0200216011,"Papel Chumbo - Cromus - 43,5cm x 59cm",0.192,UN
05104088,Barra Sakaguchi 78% Granel 60g,9970212003,ETIQ ADESIVA | PAPEL COUCHE A20-C | 30X3,1.2,UN
05104088,Barra Sakaguchi 78% Granel 60g,9970212004,ETIQ PIMACO A4348 LASER 100F 9600UND,1.2,UN
05104088,Barra Sakaguchi 78% Granel 60g,9990307005,Manteiga de Cacau Yanomami terc,0.0024,KG
05104088,Barra Sakaguchi 78% Granel 60g,9990712002,ETIQUETA PARA QR CODE 40x40mm,1.2,UN
05104088,Barra Sakaguchi 78% Granel 60g,0050321002,Barra 60g Terroir da Amazonia SAKA,1,PC
05104088,Barra Sakaguchi 78% Granel 60g,0190213056,Envelope plastico transparente,1,PC
05104088,Barra Sakaguchi 78% Granel 60g,0070301006,Amêndoa de Cacau Seca Aprovada - Yanomam,0.002847,KG
05104089,Barra Bom Jardim Granel 60g,0140106004,Açúcar Demerara,0.0216,KG
05104089,Barra Bom Jardim Granel 60g,0250304004,Liquor de Cacau - Bom Jardim,0.033,KG
05104089,Barra Bom Jardim Granel 60g,9990107001,MANTEIGA DE CACAU desodorizada,0.0036,KG
05104089,Barra Bom Jardim Granel 60g,9990111005,Lecitina de Soja,6e-05,LT
05104089,Barra Bom Jardim Granel 60g,0250101006,Amêndoa de Cacau Seca Aprovada - Bom Jar,0.0363,KG
05104089,Barra Bom Jardim Granel 60g,0250302002,Amêndoa de Cacau Torrada - Bom Jardim,0.0363,KG
05104089,Barra Bom Jardim Granel 60g,0250303003,Nibs de Cacau - Bom Jardim,0.033,KG
05104089,Barra Bom Jardim Granel 60g,0050305008,MASSA DE CHOCOLATE -INTENSO NF24,0.06,KG
05104089,Barra Bom Jardim Granel 60g,0190213056,Envelope plastico transparente,1,PC
05104089,Barra Bom Jardim Granel 60g,0250321001,Barra 60g Terroir da Amazonia BOM JARDIM,1,PC
05104090,Barra Sakaguchi Cupu Granel 60g,0210101001,Amêndoa de Cupuaçu - Sakaguchi (PA),0.03564,KG
05104090,Barra Sakaguchi Cupu Granel 60g,0210303001,Nibs de Cupuaçu - Sakaguchi,0.0324,KG
05104090,Barra Sakaguchi Cupu Granel 60g,02104013,Sakaguchi Cupulate 50g,1.2,UN
05104090,Barra Sakaguchi Cupu Granel 60g,0050302010,Amêndoa de Cupuaçu Torrada - SAKAGUCHI,0.03564,KG
05104090,Barra Sakaguchi Cupu Granel 60g,0050303010,LIQUOR DE CUPUAÇU -SAKAGUCHI,0.0324,KG
05104090,Barra Sakaguchi Cupu Granel 60g,0140106004,Açúcar Demerara,0.0102,KG
05104090,Barra Sakaguchi Cupu Granel 60g,9990107001,MANTEIGA DE CACAU desodorizada,0.0174,KG
05104090,Barra Sakaguchi Cupu Granel 60g,0190213030,Embalagem - Barra de Cupulate - Sakaguch,1.2,UN
05104090,Barra Sakaguchi Cupu Granel 60g,0190214016,Cartão Surpresa - Prima Stampa,1.2,UN
05104090,Barra Sakaguchi Cupu Granel 60g,0200216011,"Papel Chumbo - Cromus - 43,5cm x 59cm",0.192,UN
05104090,Barra Sakaguchi Cupu Granel 60g,0210305004,Massa  de Cupuaçu - Sakaguchi,0.06,KG
05104090,Barra Sakaguchi Cupu Granel 60g,9970212003,ETIQ ADESIVA | PAPEL COUCHE A20-C | 30X3,1.2,UN
05104090,Barra Sakaguchi Cupu Granel 60g,9970212004,ETIQ PIMACO A4348 LASER 100F 9600UND,1.2,UN
05104090,Barra Sakaguchi Cupu Granel 60g,9990712002,ETIQUETA PARA QR CODE 40x40mm,1.2,UN
05104090,Barra Sakaguchi Cupu Granel 60g,0050321003,Barra 60g Terroir da Amazonia SAKA CUPU,1,PC
05104090,Barra Sakaguchi Cupu Granel 60g,0190213056,Envelope plastico transparente,1,PC
05104091,Barra Mocajuba Granel 60g,0020301006,Amêndoa de Cacau Seca Aprovada - Mocajub,0.04884,KG
05104091,Barra Mocajuba Granel 60g,0020302002,Amêndoa de Cacau Torrada - Mocajuba (PA),0.04884,KG
05104091,Barra Mocajuba Granel 60g,0020303003,Nibs de Cacau - Mocajuba (PA),0.0444,KG
05104091,Barra Mocajuba Granel 60g,0020304004,Liquor de Cacau - Mocajuba (PA),0.0444,KG
05104091,Barra Mocajuba Granel 60g,0140106004,Açúcar Demerara,0.0156,KG
05104091,Barra Mocajuba Granel 60g,00204009,Mocajuba - Chocolate 74% Cacau - 50g,1.2,UN
05104091,Barra Mocajuba Granel 60g,0020305005,Massa de Chocolate - Chocolate - Mocajub,0.06,KG
05104091,Barra Mocajuba Granel 60g,0190213002,Embalagem - Barra de Chocolate - Mocajub,1.2,UN
05104091,Barra Mocajuba Granel 60g,0190214016,Cartão Surpresa - Prima Stampa,1.2,UN
05104091,Barra Mocajuba Granel 60g,0200216011,"Papel Chumbo - Cromus - 43,5cm x 59cm",0.192,UN
05104091,Barra Mocajuba Granel 60g,9970212003,ETIQ ADESIVA | PAPEL COUCHE A20-C | 30X3,1.2,UN
05104091,Barra Mocajuba Granel 60g,9970212004,ETIQ PIMACO A4348 LASER 100F 9600UND,1.2,UN
05104091,Barra Mocajuba Granel 60g,9990712002,ETIQUETA PARA QR CODE 40x40mm,1.2,UN
05104091,Barra Mocajuba Granel 60g,0020321001,Barra 60g Terroir da Amazonia MOCA,1,PC
05104091,Barra Mocajuba Granel 60g,0190213056,Envelope plastico transparente,1,PC
05104092,Barra Acará-Açu Granel 60g,0110301006,Amêndoa de Cacau Seca Aprovada -  Acará-,0.0495,KG
05104092,Barra Acará-Açu Granel 60g,0110302002,Amêndoa de Cacau Torrada -  Acará-Açu (P,0.0495,KG
05104092,Barra Acará-Açu Granel 60g,0110303003,Nibs de Cacau - Acará-Açu (PA),0.045,KG
05104092,Barra Acará-Açu Granel 60g,0140106004,Açúcar Demerara,0.015,KG
05104092,Barra Acará-Açu Granel 60g,0110305005,Massa de Chocolate - Chocolate - Acará-A,0.06,KG
05104092,Barra Acará-Açu Granel 60g,0110321001,Barra 60g Terroir da Amazonia ACARÁ,1,PC
05104092,Barra Acará-Açu Granel 60g,0190213056,Envelope plastico transparente,1,PC
05104093,Barra Amabela Cupu Granel 60g,00604010,AMABELA - Cupulate 65% Cupuaçu - 50g,1.2,UN
05104093,Barra Amabela Cupu Granel 60g,0060101006,Amêndoa de Cupuaçu Aprovada - AMABELA (P,0.03564,KG
05104093,Barra Amabela Cupu Granel 60g,0060302002,Amêndoa de Cupuaçu -Torrada- AMABELA (PA,0.03564,KG
05104093,Barra Amabela Cupu Granel 60g,0060303003,Nibs de Cupuaçu - AMABELA (PA),0.0324,KG
05104093,Barra Amabela Cupu Granel 60g,0060304004,Liquor de Cupuaçu - AMABELA (PA),0.0324,KG
05104093,Barra Amabela Cupu Granel 60g,0140106004,Açúcar Demerara,0.0174,KG
05104093,Barra Amabela Cupu Granel 60g,9990107001,MANTEIGA DE CACAU desodorizada,0.0102,KG
05104093,Barra Amabela Cupu Granel 60g,0060305008,Massa de Chocolate - Cupulate - AMABELA,0.06,KG
05104093,Barra Amabela Cupu Granel 60g,0190213011,Embalagem - Barra de Cupulate - AMABELA,1.2,UN
05104093,Barra Amabela Cupu Granel 60g,0190214016,Cartão Surpresa - Prima Stampa,1.2,UN
05104093,Barra Amabela Cupu Granel 60g,0200216011,"Papel Chumbo - Cromus - 43,5cm x 59cm",0.192,UN
05104093,Barra Amabela Cupu Granel 60g,9970212003,ETIQ ADESIVA | PAPEL COUCHE A20-C | 30X3,1.2,UN
05104093,Barra Amabela Cupu Granel 60g,9970212004,ETIQ PIMACO A4348 LASER 100F 9600UND,1.2,UN
05104093,Barra Amabela Cupu Granel 60g,9990712002,ETIQUETA PARA QR CODE 40x40mm,1.2,UN
05104093,Barra Amabela Cupu Granel 60g,0050321023,Barra 60g Terroir da Amazonia Amabela,1,PC
05104093,Barra Amabela Cupu Granel 60g,0190213056,Envelope plastico transparente,1,PC
05104094,Barra Paiter Suruí Granel 60g,0100301006,Amêndoa de Cacau Seca Aprovada - Paiter,0.0462,KG
05104094,Barra Paiter Suruí Granel 60g,0100302002,Amêndoa de Cacau Torrada - Paiter Suruí,0.0462,KG
05104094,Barra Paiter Suruí Granel 60g,0100303003,Nibs de Cacau - Paiter Suruí (RO),0.042,KG
05104094,Barra Paiter Suruí Granel 60g,0140106004,Açúcar Demerara,0.018,KG
05104094,Barra Paiter Suruí Granel 60g,0100305005,Massa de Chocolate - Chocolate - Paiter,0.06,KG
05104094,Barra Paiter Suruí Granel 60g,0100321001,Barra 60g Terroir da Amazonia PAITER,1,PC
05104094,Barra Paiter Suruí Granel 60g,0190213056,Envelope plastico transparente,1,PC
05104095,Barra Yanomami Granel 60g,0070301006,Amêndoa de Cacau Seca Aprovada - Yanomam,0.04554,KG
05104095,Barra Yanomami Granel 60g,0070302002,Amêndoa de Cacau Torrada - Yanomami (RR),0.04554,KG
05104095,Barra Yanomami Granel 60g,0070303003,Nibs de Cacau - Yanomami (RR),0.0414,KG
05104095,Barra Yanomami Granel 60g,0070304004,Liquor de Cacau - Yanomami (RR),0.0414,KG
05104095,Barra Yanomami Granel 60g,0140106004,Açúcar Demerara,0.018,KG
05104095,Barra Yanomami Granel 60g,9990107001,MANTEIGA DE CACAU desodorizada,0.0006,KG
05104095,Barra Yanomami Granel 60g,00704009,Yanomami-Ye&apos;kwana - Chocolate 69% C,1.2,UN
05104095,Barra Yanomami Granel 60g,0070305005,Massa de Chocolate - Chocolate - Yanomam,0.06,KG
05104095,Barra Yanomami Granel 60g,0190213003,Embalagem - Barra de Chocolate - Yanomam,1.2,UN
05104095,Barra Yanomami Granel 60g,0190214016,Cartão Surpresa - Prima Stampa,1.2,UN
05104095,Barra Yanomami Granel 60g,0200216011,"Papel Chumbo - Cromus - 43,5cm x 59cm",0.192,UN
05104095,Barra Yanomami Granel 60g,9970212003,ETIQ ADESIVA | PAPEL COUCHE A20-C | 30X3,1.2,UN
05104095,Barra Yanomami Granel 60g,9970212004,ETIQ PIMACO A4348 LASER 100F 9600UND,1.2,UN
05104095,Barra Yanomami Granel 60g,9990712002,ETIQUETA PARA QR CODE 40x40mm,1.2,UN
05104095,Barra Yanomami Granel 60g,0070321001,Barra 60g Terroir da Amazonia YANOMAMI,1,PC
05104095,Barra Yanomami Granel 60g,0190213056,Envelope plastico transparente,1,PC
05104096,Bombom SF Castanha-do-Pará 10g,0050301007,Amêndoa de Cacau Seca Aprovada - Sakaguc,0.0012,KG
05104096,Bombom SF Castanha-do-Pará 10g,0050302011,AMÊNDOA DE CACAU TORRADA - SAKAGUCHI  12,0.0012,KG
05104096,Bombom SF Castanha-do-Pará 10g,0050303004,NIBS DE CACAU - SAKAGUCHI NT 120-35,0.001091,KG
05104096,Bombom SF Castanha-do-Pará 10g,0050304005,LIQUOR DE CACAU - SAKAGUCHI  NT24,0.001091,KG
05104096,Bombom SF Castanha-do-Pará 10g,0140106805,Açúcar refinado,0.003063,KG
05104096,Bombom SF Castanha-do-Pará 10g,03001001,Leite em Pó integral,0.002273,KG
05104096,Bombom SF Castanha-do-Pará 10g,9990107001,MANTEIGA DE CACAU desodorizada,0.002636,KG
05104096,Bombom SF Castanha-do-Pará 10g,9990111005,Lecitina de Soja,2.7e-05,LT
05104096,Bombom SF Castanha-do-Pará 10g,0050305006,MASSA DE CHOCOLATE -AO LEITE   NF24,0.00909,KG
05104096,Bombom SF Castanha-do-Pará 10g,9990111056,Castanha do Pará,0.00091,KG
05104119,Bombom Mini Lua Cheia Choco ao Leite 10g,0050301007,Amêndoa de Cacau Seca Aprovada - Sakaguc,0.000156,KG
05104119,Bombom Mini Lua Cheia Choco ao Leite 10g,0050302011,AMÊNDOA DE CACAU TORRADA - SAKAGUCHI  12,0.000156,KG
05104119,Bombom Mini Lua Cheia Choco ao Leite 10g,0050303004,NIBS DE CACAU - SAKAGUCHI NT 120-35,0.000142,KG
05104119,Bombom Mini Lua Cheia Choco ao Leite 10g,0050304005,LIQUOR DE CACAU - SAKAGUCHI  NT24,0.000789,KG
05104119,Bombom Mini Lua Cheia Choco ao Leite 10g,0140106805,Açúcar refinado,0.002214,KG
05104119,Bombom Mini Lua Cheia Choco ao Leite 10g,03001001,Leite em Pó integral,0.001642,KG
05104119,Bombom Mini Lua Cheia Choco ao Leite 10g,9990107001,MANTEIGA DE CACAU desodorizada,0.001905,KG
05104119,Bombom Mini Lua Cheia Choco ao Leite 10g,9990111005,Lecitina de Soja,2e-05,LT
05104119,Bombom Mini Lua Cheia Choco ao Leite 10g,0050305006,MASSA DE CHOCOLATE -AO LEITE   NF24,0.00118,KG
05104119,Bombom Mini Lua Cheia Choco ao Leite 10g,9990111042,Xerem de Castanha de Caju,0.00066,KG
05104119,Bombom Mini Lua Cheia Choco ao Leite 10g,9990311040,Colagem praliné para lua cheia,0.00816,PC
05104119,Bombom Mini Lua Cheia Choco ao Leite 10g,0050305026,Mini Lua Cheia Ao Leite 10g,1,UN
05104119,Bombom Mini Lua Cheia Choco ao Leite 10g,9990107001,MANTEIGA DE CACAU desodorizada,8.1e-05,KG
05104119,Bombom Mini Lua Cheia Choco ao Leite 10g,0050305006,MASSA DE CHOCOLATE -AO LEITE   NF24,0.005389,KG
05104119,Bombom Mini Lua Cheia Choco ao Leite 10g,9990107001,MANTEIGA DE CACAU desodorizada,0.000452,KG
05104119,Bombom Mini Lua Cheia Choco ao Leite 10g,9990307008,Pomada de manteiga de cacau,8.1e-05,PC
05104119,Bombom Mini Lua Cheia Choco ao Leite 10g,9990311043,Praliné de Avelã,0.002238,PC
05104119,Bombom Mini Lua Cheia Choco ao Leite 10g,0140106805,Açúcar refinado,0.000895,KG
05104119,Bombom Mini Lua Cheia Choco ao Leite 10g,9990111020,Avelã,0.001343,KG
05104120,Bombom Mini Lua Cheia Choco Intenso 10g,0020301006,Amêndoa de Cacau Seca Aprovada - Mocajub,0.000714,KG
05104120,Bombom Mini Lua Cheia Choco Intenso 10g,0020302002,Amêndoa de Cacau Torrada - Mocajuba (PA),0.000714,KG
05104120,Bombom Mini Lua Cheia Choco Intenso 10g,0020303003,Nibs de Cacau - Mocajuba (PA),0.000649,KG
05104120,Bombom Mini Lua Cheia Choco Intenso 10g,0020304004,Liquor de Cacau - Mocajuba (PA),0.000649,KG
05104120,Bombom Mini Lua Cheia Choco Intenso 10g,0140106004,Açúcar Demerara,0.000425,KG
05104120,Bombom Mini Lua Cheia Choco Intenso 10g,9990107001,MANTEIGA DE CACAU desodorizada,9.4e-05,KG
05104120,Bombom Mini Lua Cheia Choco Intenso 10g,9990111005,Lecitina de Soja,4e-06,LT
05104120,Bombom Mini Lua Cheia Choco Intenso 10g,0050301007,Amêndoa de Cacau Seca Aprovada - Sakaguc,0.000712,KG
05104120,Bombom Mini Lua Cheia Choco Intenso 10g,0050302011,AMÊNDOA DE CACAU TORRADA - SAKAGUCHI  12,0.000712,KG
05104120,Bombom Mini Lua Cheia Choco Intenso 10g,0050303004,NIBS DE CACAU - SAKAGUCHI NT 120-35,0.000647,KG
05104120,Bombom Mini Lua Cheia Choco Intenso 10g,0050304005,LIQUOR DE CACAU - SAKAGUCHI  NT24,0.000647,KG
05104120,Bombom Mini Lua Cheia Choco Intenso 10g,0140106805,Açúcar refinado,0.001816,KG
05104120,Bombom Mini Lua Cheia Choco Intenso 10g,03001001,Leite em Pó integral,0.001347,KG
05104120,Bombom Mini Lua Cheia Choco Intenso 10g,9990107001,MANTEIGA DE CACAU desodorizada,0.001563,KG
05104120,Bombom Mini Lua Cheia Choco Intenso 10g,9990111005,Lecitina de Soja,1.6e-05,LT
05104120,Bombom Mini Lua Cheia Choco Intenso 10g,0020305008,Massa de Chocolate - Mocajuba Intenso,0.00118,KG
05104120,Bombom Mini Lua Cheia Choco Intenso 10g,9990111042,Xerem de Castanha de Caju,0.00066,KG
05104120,Bombom Mini Lua Cheia Choco Intenso 10g,9990311040,Colagem praliné para lua cheia,0.00816,PC
05104120,Bombom Mini Lua Cheia Choco Intenso 10g,9990107001,MANTEIGA DE CACAU desodorizada,8.1e-05,KG
05104120,Bombom Mini Lua Cheia Choco Intenso 10g,0050305006,MASSA DE CHOCOLATE -AO LEITE   NF24,0.005389,KG
05104120,Bombom Mini Lua Cheia Choco Intenso 10g,9990107001,MANTEIGA DE CACAU desodorizada,0.000452,KG
05104120,Bombom Mini Lua Cheia Choco Intenso 10g,9990307008,Pomada de manteiga de cacau,8.1e-05,PC
05104120,Bombom Mini Lua Cheia Choco Intenso 10g,9990311043,Praliné de Avelã,0.002238,PC
05104120,Bombom Mini Lua Cheia Choco Intenso 10g,0140106805,Açúcar refinado,0.000895,KG
05104120,Bombom Mini Lua Cheia Choco Intenso 10g,9990111020,Avelã,0.001343,KG
05104121,"Poltrona Ilustre 4,5g",0050301007,Amêndoa de Cacau Seca Aprovada - Sakaguc,0.000528,KG
05104121,"Poltrona Ilustre 4,5g",0050302011,AMÊNDOA DE CACAU TORRADA - SAKAGUCHI  12,0.000528,KG
05104121,"Poltrona Ilustre 4,5g",0050303004,NIBS DE CACAU - SAKAGUCHI NT 120-35,0.00048,KG
05104121,"Poltrona Ilustre 4,5g",0050304005,LIQUOR DE CACAU - SAKAGUCHI  NT24,0.00048,KG
05104121,"Poltrona Ilustre 4,5g",0140106805,Açúcar refinado,0.001348,KG
05104121,"Poltrona Ilustre 4,5g",03001001,Leite em Pó integral,0.001,KG
05104121,"Poltrona Ilustre 4,5g",9990107001,MANTEIGA DE CACAU desodorizada,0.00116,KG
05104121,"Poltrona Ilustre 4,5g",9990111005,Lecitina de Soja,1.2e-05,LT
05104121,"Poltrona Ilustre 4,5g",0050305006,MASSA DE CHOCOLATE -AO LEITE   NF24,0.004,KG
05104123,Língua de Onça Moju Intenso 5G,0260305001,Massa de Chocolate Intenso - Moju,0.005,KG
05104123,Língua de Onça Moju Intenso 5G,0260101001,Amêndoa de Cacau Seca Aprovada- Moju-Pa,0.003346,KG
05104123,Língua de Onça Moju Intenso 5G,0260102001,Amêndoa torrada aprovada Moju,0.003042,KG
05104123,Língua de Onça Moju Intenso 5G,0260303001,Nibs de Cacau Moju,0.002765,KG
05104123,Língua de Onça Moju Intenso 5G,0140106004,Açúcar Demerara,0.0018,KG
05104123,Língua de Onça Moju Intenso 5G,0260304001,Liquor de Cacau - Moju,0.002765,KG
05104123,Língua de Onça Moju Intenso 5G,9990107001,MANTEIGA DE CACAU desodorizada,0.00042,KG
05104123,Língua de Onça Moju Intenso 5G,9990111005,Lecitina de Soja,1.5e-05,LT
05104123,Língua de Onça Moju Intenso 5G,0050305037,PP Língua de Onça 5G Moju Intenso,1,PC
05104124,Gotas de Moju ao leite 350g,0260101001,Amêndoa de Cacau Seca Aprovada- Moju-Pa,0.05929,KG
05104124,Gotas de Moju ao leite 350g,0260102001,Amêndoa torrada aprovada Moju,0.0539,KG
05104124,Gotas de Moju ao leite 350g,0260303001,Nibs de Cacau Moju,0.049,KG
05104124,Gotas de Moju ao leite 350g,0140106805,Açúcar refinado,0.11795,KG
05104124,Gotas de Moju ao leite 350g,0260304001,Liquor de Cacau - Moju,0.049,KG
05104124,Gotas de Moju ao leite 350g,03001001,Leite em Pó integral,0.0875,KG
05104124,Gotas de Moju ao leite 350g,9990107001,MANTEIGA DE CACAU desodorizada,0.1015,KG
05104124,Gotas de Moju ao leite 350g,9990111005,Lecitina de Soja,0.00105,LT
05104124,Gotas de Moju ao leite 350g,0260305002,Massa de Chocolate ao Leite - Moju,0.35,KG
05104124,Gotas de Moju ao leite 350g,0260305003,Gotas de Chocolate ao Leite - Moju,0.35,KG
05104125,Gotas de Moju Intenso 350g,0260101001,Amêndoa de Cacau Seca Aprovada- Moju-Pa,0.234196,KG
05104125,Gotas de Moju Intenso 350g,0260102001,Amêndoa torrada aprovada Moju,0.212905,KG
05104125,Gotas de Moju Intenso 350g,0260303001,Nibs de Cacau Moju,0.19355,KG
05104125,Gotas de Moju Intenso 350g,0140106004,Açúcar Demerara,0.126,KG
05104125,Gotas de Moju Intenso 350g,0260304001,Liquor de Cacau - Moju,0.19355,KG
05104125,Gotas de Moju Intenso 350g,9990107001,MANTEIGA DE CACAU desodorizada,0.0294,KG
05104125,Gotas de Moju Intenso 350g,9990111005,Lecitina de Soja,0.00105,LT
05104125,Gotas de Moju Intenso 350g,0260305001,Massa de Chocolate Intenso - Moju,0.35,KG
05104125,Gotas de Moju Intenso 350g,0260305004,Gotas de Chocolate Intenso - Moju,0.35,KG
05104126,Gotas de Paiter ao Leite 350g,0100301006,Amêndoa de Cacau Seca Aprovada - Paiter,0.0539,KG
05104126,Gotas de Paiter ao Leite 350g,0100302002,Amêndoa de Cacau Torrada - Paiter Suruí,0.0539,KG
05104126,Gotas de Paiter ao Leite 350g,0100303003,Nibs de Cacau - Paiter Suruí (RO),0.049,KG
05104126,Gotas de Paiter ao Leite 350g,0140106004,Açúcar Demerara,0.119,KG
05104126,Gotas de Paiter ao Leite 350g,03001001,Leite em Pó integral,0.098,KG
05104126,Gotas de Paiter ao Leite 350g,9990107001,MANTEIGA DE CACAU desodorizada,0.084,KG
05104126,Gotas de Paiter ao Leite 350g,0100305002,Massa Paiter Ao Leite Teste,0.35,KG
05104126,Gotas de Paiter ao Leite 350g,0100305003,Gotas de Chocolate Paiter ao leite,0.35,KG
05104127,Gotas de Paiter Intenso 350g,0100301006,Amêndoa de Cacau Seca Aprovada - Paiter,0.21945,KG
05104127,Gotas de Paiter Intenso 350g,0100302002,Amêndoa de Cacau Torrada - Paiter Suruí,0.21945,KG
05104127,Gotas de Paiter Intenso 350g,0100303003,Nibs de Cacau - Paiter Suruí (RO),0.1995,KG
05104127,Gotas de Paiter Intenso 350g,0140106004,Açúcar Demerara,0.1295,KG
05104127,Gotas de Paiter Intenso 350g,9990107001,MANTEIGA DE CACAU desodorizada,0.021,KG
05104127,Gotas de Paiter Intenso 350g,0100305001,Massa Paiter Intenso Teste,0.35,KG
05104127,Gotas de Paiter Intenso 350g,0100305004,Gotas de Chocolate Paiter Intenso,0.35,KG
05104128,Língua de Onça ao Leite Zero Açúcar 11g,0260305005,Massa de Chocolate ao Leite Zero Açúcar,0.011,KG
05104128,Língua de Onça ao Leite Zero Açúcar 11g,0260101001,Amêndoa de Cacau Seca Aprovada- Moju-Pa,0.002263,KG
05104128,Língua de Onça ao Leite Zero Açúcar 11g,0260102001,Amêndoa torrada aprovada Moju,0.002057,KG
05104128,Língua de Onça ao Leite Zero Açúcar 11g,0260303001,Nibs de Cacau Moju,0.00187,KG
05104128,Língua de Onça ao Leite Zero Açúcar 11g,0260304001,Liquor de Cacau - Moju,0.00187,KG
05104128,Língua de Onça ao Leite Zero Açúcar 11g,03001001,Leite em Pó integral,0.001672,KG
05104128,Língua de Onça ao Leite Zero Açúcar 11g,03001003,Leite em pó desnatado molico 280gr,0.00044,KG
05104128,Língua de Onça ao Leite Zero Açúcar 11g,9990107001,MANTEIGA DE CACAU desodorizada,0.002596,KG
05104128,Língua de Onça ao Leite Zero Açúcar 11g,9990111005,Lecitina de Soja,4.4e-05,LT
05104128,Língua de Onça ao Leite Zero Açúcar 11g,999011181,Maltitol em pó,0.004378,KG
05104128,Língua de Onça ao Leite Zero Açúcar 11g,0050305038,PP L.Onça Ao Leite Zero Açúcar 11G,1,PC
05104129,Língua de Onça Intenso Zero Açúcar 11g,0260305006,Massa de Chocolate Intenso Zero Açúcar,0.011,KG
05104129,Língua de Onça Intenso Zero Açúcar 11g,0260101001,Amêndoa de Cacau Seca Aprovada- Moju-Pa,0.007654,KG
05104129,Língua de Onça Intenso Zero Açúcar 11g,0260102001,Amêndoa torrada aprovada Moju,0.006958,KG
05104129,Língua de Onça Intenso Zero Açúcar 11g,0260303001,Nibs de Cacau Moju,0.006325,KG
05104129,Língua de Onça Intenso Zero Açúcar 11g,0260304001,Liquor de Cacau - Moju,0.006325,KG
05104129,Língua de Onça Intenso Zero Açúcar 11g,9990107001,MANTEIGA DE CACAU desodorizada,0.001375,KG
05104129,Língua de Onça Intenso Zero Açúcar 11g,9990111005,Lecitina de Soja,5.5e-05,LT
05104129,Língua de Onça Intenso Zero Açúcar 11g,999011181,Maltitol em pó,0.003245,KG
05104129,Língua de Onça Intenso Zero Açúcar 11g,0050305039,PP L.Onça Intenso Zero Açúcar 11G,1,PC
05104130,Gotas de Moju ao Leite Food Service,0260101001,Amêndoa de Cacau Seca Aprovada- Moju-Pa,0.1694,KG
05104130,Gotas de Moju ao Leite Food Service,0260102001,Amêndoa torrada aprovada Moju,0.154,KG
05104130,Gotas de Moju ao Leite Food Service,0260303001,Nibs de Cacau Moju,0.14,KG
05104130,Gotas de Moju ao Leite Food Service,0140106805,Açúcar refinado,0.337,KG
05104130,Gotas de Moju ao Leite Food Service,0260304001,Liquor de Cacau - Moju,0.14,KG
05104130,Gotas de Moju ao Leite Food Service,03001001,Leite em Pó integral,0.25,KG
05104130,Gotas de Moju ao Leite Food Service,9990107001,MANTEIGA DE CACAU desodorizada,0.29,KG
05104130,Gotas de Moju ao Leite Food Service,9990111005,Lecitina de Soja,0.003,LT
05104130,Gotas de Moju ao Leite Food Service,0260305002,Massa de Chocolate ao Leite - Moju,1,KG
05104130,Gotas de Moju ao Leite Food Service,0260305003,Gotas de Chocolate ao Leite - Moju,1,KG
05104131,Gotas de Moju Intenso Food Service,0260101001,Amêndoa de Cacau Seca Aprovada- Moju-Pa,0.66913,KG
05104131,Gotas de Moju Intenso Food Service,0260102001,Amêndoa torrada aprovada Moju,0.6083,KG
05104131,Gotas de Moju Intenso Food Service,0260303001,Nibs de Cacau Moju,0.553,KG
05104131,Gotas de Moju Intenso Food Service,0140106004,Açúcar Demerara,0.36,KG
05104131,Gotas de Moju Intenso Food Service,0260304001,Liquor de Cacau - Moju,0.553,KG
05104131,Gotas de Moju Intenso Food Service,9990107001,MANTEIGA DE CACAU desodorizada,0.084,KG
05104131,Gotas de Moju Intenso Food Service,9990111005,Lecitina de Soja,0.003,LT
05104131,Gotas de Moju Intenso Food Service,0260305001,Massa de Chocolate Intenso - Moju,1,KG
05104131,Gotas de Moju Intenso Food Service,0260305004,Gotas de Chocolate Intenso - Moju,1,KG
05104132,Fatia de Bolo de Chocolate Loja,0020301006,Amêndoa de Cacau Seca Aprovada - Mocajub,0.015882,KG
05104132,Fatia de Bolo de Chocolate Loja,0020302002,Amêndoa de Cacau Torrada - Mocajuba (PA),0.015882,KG
05104132,Fatia de Bolo de Chocolate Loja,0020303003,Nibs de Cacau - Mocajuba (PA),0.014438,KG
05104132,Fatia de Bolo de Chocolate Loja,0020304004,Liquor de Cacau - Mocajuba (PA),0.014438,KG
05104132,Fatia de Bolo de Chocolate Loja,0140106004,Açúcar Demerara,0.00945,KG
05104132,Fatia de Bolo de Chocolate Loja,9990107001,MANTEIGA DE CACAU desodorizada,0.0021,KG
05104132,Fatia de Bolo de Chocolate Loja,9990111005,Lecitina de Soja,7.9e-05,LT
05104132,Fatia de Bolo de Chocolate Loja,0020315002,Massa Do Bolo de Chocolate,0.085,KG
05104132,Fatia de Bolo de Chocolate Loja,0020315003,Recheio Intenso Bolo de Chocolate,0.023,KG
05104132,Fatia de Bolo de Chocolate Loja,0020315004,Cobertura Bolo de Chocolate,0.035,KG
05104132,Fatia de Bolo de Chocolate Loja,0050315004,Recheio Ao Leite Bolo de Chocolate,0.046,KG
05104132,Fatia de Bolo de Chocolate Loja,9990311045,Calda Bolo de Chocolate,0.01,KG
05104132,Fatia de Bolo de Chocolate Loja,0050111003,Semente de Cumaru,8.5e-05,KG
05104132,Fatia de Bolo de Chocolate Loja,0140106805,Açúcar refinado,0.007922,KG
05104132,Fatia de Bolo de Chocolate Loja,0140106806,Açúcar Mascavo,0.015843,KG
05104132,Fatia de Bolo de Chocolate Loja,0260305001,Massa de Chocolate Intenso - Moju,0.015051,KG
05104132,Fatia de Bolo de Chocolate Loja,9990111006,Manteiga de Leite,0.023765,KG
05104132,Fatia de Bolo de Chocolate Loja,9990111068,Farinha de Trigo,0.005942,KG
05104132,Fatia de Bolo de Chocolate Loja,99901110703,Gema de ovo pasteurizada,0.002737,KG
05104132,Fatia de Bolo de Chocolate Loja,99901110704,Clara de ovo pasteurizada,0.010413,KG
05104132,Fatia de Bolo de Chocolate Loja,9990117003,Cacau em Pó Alcalino,0.003169,KG
05104132,Fatia de Bolo de Chocolate Loja,0050111003,Semente de Cumaru,2.3e-05,KG
05104132,Fatia de Bolo de Chocolate Loja,0260305001,Massa de Chocolate Intenso - Moju,0.012834,KG
05104132,Fatia de Bolo de Chocolate Loja,9990111003,Creme de Leite UHT 25%,0.010109,KG
05104132,Fatia de Bolo de Chocolate Loja,0020305008,Massa de Chocolate - Mocajuba Intenso,0.02625,KG
05104132,Fatia de Bolo de Chocolate Loja,9990111003,Creme de Leite UHT 25%,0.00875,KG
05104132,Fatia de Bolo de Chocolate Loja,0050301007,Amêndoa de Cacau Seca Aprovada - Sakaguc,0.004327,KG
05104132,Fatia de Bolo de Chocolate Loja,0050302011,AMÊNDOA DE CACAU TORRADA - SAKAGUCHI  12,0.004327,KG
05104132,Fatia de Bolo de Chocolate Loja,0050303004,NIBS DE CACAU - SAKAGUCHI NT 120-35,0.003934,KG
05104132,Fatia de Bolo de Chocolate Loja,0050304005,LIQUOR DE CACAU - SAKAGUCHI  NT24,0.003934,KG
05104132,Fatia de Bolo de Chocolate Loja,0140106805,Açúcar refinado,0.011048,KG
05104132,Fatia de Bolo de Chocolate Loja,03001001,Leite em Pó integral,0.008196,KG
05104132,Fatia de Bolo de Chocolate Loja,9990107001,MANTEIGA DE CACAU desodorizada,0.009507,KG
05104132,Fatia de Bolo de Chocolate Loja,9990111005,Lecitina de Soja,9.8e-05,LT
05104132,Fatia de Bolo de Chocolate Loja,0050111003,Semente de Cumaru,4.6e-05,KG
05104132,Fatia de Bolo de Chocolate Loja,0050305006,MASSA DE CHOCOLATE -AO LEITE   NF24,0.032784,KG
05104132,Fatia de Bolo de Chocolate Loja,9990111003,Creme de Leite UHT 25%,0.013078,KG
05104132,Fatia de Bolo de Chocolate Loja,0260101001,Amêndoa de Cacau Seca Aprovada- Moju-Pa,0.010071,KG
05104132,Fatia de Bolo de Chocolate Loja,0260102001,Amêndoa torrada aprovada Moju,0.009155,KG
05104132,Fatia de Bolo de Chocolate Loja,0260303001,Nibs de Cacau Moju,0.008323,KG
05104132,Fatia de Bolo de Chocolate Loja,0140106004,Açúcar Demerara,0.010038,KG
05104132,Fatia de Bolo de Chocolate Loja,0260304001,Liquor de Cacau - Moju,0.01542,KG
05104132,Fatia de Bolo de Chocolate Loja,9990107001,MANTEIGA DE CACAU desodorizada,0.002342,KG
05104132,Fatia de Bolo de Chocolate Loja,9990111005,Lecitina de Soja,8.4e-05,LT
05104132,Fatia de Bolo de Chocolate Loja,0020315001,Bolo de Chocolate Loja,0.05,UN
05104132,Fatia de Bolo de Chocolate Loja,0050111003,Semente de Cumaru,3.3e-05,KG
05104132,Fatia de Bolo de Chocolate Loja,0140106805,Açúcar refinado,0.003333,KG
05304001,Suco de Maracuja 300ml,9990111015,Polpa Maracujá,0.1,KG
05304002,Suco de Cupuacu 300ml,9990111013,Polpa Cupuaçu,0.1,KG
05304003,Suco de Acaí 300ml,9990111045,Polpa de Açaí,0.1,KG
05304005,Cafe Expresso,9990111046,Água com Gás - Acquamix,0.05,LT
05304005,Cafe Expresso,9990111048,Café organico em graos,0.011,KG
05304006,Cafe Expresso com Leite Pequeno,9990111047,Leite integral,0.03,LT
05304006,Cafe Expresso com Leite Pequeno,9990111048,Café organico em graos,0.008,KG
05304007,Macchiato,9990111047,Leite integral,0.03,LT
05304007,Macchiato,9990111048,Café organico em graos,0.011,KG
05304008,Cappuccino Lingua de Onca Pequeno,0050301007,Amêndoa de Cacau Seca Aprovada - Sakaguc,0.001307,KG
05304008,Cappuccino Lingua de Onca Pequeno,0050302011,AMÊNDOA DE CACAU TORRADA - SAKAGUCHI  12,0.001307,KG
05304008,Cappuccino Lingua de Onca Pequeno,0050303004,NIBS DE CACAU - SAKAGUCHI NT 120-35,0.001188,KG
05304008,Cappuccino Lingua de Onca Pequeno,0050304005,LIQUOR DE CACAU - SAKAGUCHI  NT24,0.001188,KG
05304008,Cappuccino Lingua de Onca Pequeno,0140106805,Açúcar refinado,0.003336,KG
05304008,Cappuccino Lingua de Onca Pequeno,03001001,Leite em Pó integral,0.002475,KG
05304008,Cappuccino Lingua de Onca Pequeno,9990107001,MANTEIGA DE CACAU desodorizada,0.002871,KG
05304008,Cappuccino Lingua de Onca Pequeno,9990111005,Lecitina de Soja,3e-05,LT
05304008,Cappuccino Lingua de Onca Pequeno,0050305006,MASSA DE CHOCOLATE -AO LEITE   NF24,0.0099,KG
05304008,Cappuccino Lingua de Onca Pequeno,9990307008,Pomada de manteiga de cacau,0.0001,PC
05304008,Cappuccino Lingua de Onca Pequeno,0050305013,PP LÍNGUA DE ONÇA 5G AO LEITE,2,PC
05304008,Cappuccino Lingua de Onca Pequeno,05104060,Língua de Onça Chocolate ao Leite 5g,2,PC
05304008,Cappuccino Lingua de Onca Pequeno,9990111047,Leite integral,0.03,LT
05304008,Cappuccino Lingua de Onca Pequeno,9990111048,Café organico em graos,0.008,KG
05304008,Cappuccino Lingua de Onca Pequeno,9990107001,MANTEIGA DE CACAU desodorizada,0.0001,KG
05304009,Cappuccino Língua de Onça,0050301007,Amêndoa de Cacau Seca Aprovada - Sakaguc,0.002875,KG
05304009,Cappuccino Língua de Onça,0050302011,AMÊNDOA DE CACAU TORRADA - SAKAGUCHI  12,0.002875,KG
05304009,Cappuccino Língua de Onça,0050303004,NIBS DE CACAU - SAKAGUCHI NT 120-35,0.002614,KG
05304009,Cappuccino Língua de Onça,0050304005,LIQUOR DE CACAU - SAKAGUCHI  NT24,0.002614,KG
05304009,Cappuccino Língua de Onça,0140106805,Açúcar refinado,0.00734,KG
05304009,Cappuccino Língua de Onça,03001001,Leite em Pó integral,0.005445,KG
05304009,Cappuccino Língua de Onça,9990107001,MANTEIGA DE CACAU desodorizada,0.006316,KG
05304009,Cappuccino Língua de Onça,9990111005,Lecitina de Soja,6.5e-05,LT
05304009,Cappuccino Língua de Onça,0050305006,MASSA DE CHOCOLATE -AO LEITE   NF24,0.02178,KG
05304009,Cappuccino Língua de Onça,9990307008,Pomada de manteiga de cacau,0.00022,PC
05304009,Cappuccino Língua de Onça,0050305014,PP LÍNGUA DE ONÇA 11G AO LEITE,2,PC
05304009,Cappuccino Língua de Onça,05104026,Língua de Onça Chocolate ao Leite 11g,2,PC
05304009,Cappuccino Língua de Onça,9990111047,Leite integral,0.12,LT
05304009,Cappuccino Língua de Onça,9990111048,Café organico em graos,0.011,KG
05304009,Cappuccino Língua de Onça,9990107001,MANTEIGA DE CACAU desodorizada,0.00022,KG
05304010,Cafe Carioca,9990111048,Café organico em graos,0.008,KG
05304011,Latte Gelado,9990111047,Leite integral,0.27,LT
05304011,Latte Gelado,9990111048,Café organico em graos,0.017,KG
05304012,Cafe Canela,9990111048,Café organico em graos,0.008,KG
05304013,Chocolate quente ao leite,0050301007,Amêndoa de Cacau Seca Aprovada - Sakaguc,0.01188,KG
05304013,Chocolate quente ao leite,0050302011,AMÊNDOA DE CACAU TORRADA - SAKAGUCHI  12,0.01188,KG
05304013,Chocolate quente ao leite,0050303004,NIBS DE CACAU - SAKAGUCHI NT 120-35,0.0108,KG
05304013,Chocolate quente ao leite,0050304005,LIQUOR DE CACAU - SAKAGUCHI  NT24,0.0108,KG
05304013,Chocolate quente ao leite,0140106805,Açúcar refinado,0.03033,KG
05304013,Chocolate quente ao leite,03001001,Leite em Pó integral,0.0225,KG
05304013,Chocolate quente ao leite,9990107001,MANTEIGA DE CACAU desodorizada,0.0261,KG
05304013,Chocolate quente ao leite,9990111005,Lecitina de Soja,0.00027,LT
05304013,Chocolate quente ao leite,0050305006,MASSA DE CHOCOLATE -AO LEITE   NF24,0.09,KG
05304013,Chocolate quente ao leite,0050321001,Barra 60g Terroir da Amazonia Saka ao le,1.5,PC
05304013,Chocolate quente ao leite,9990111047,Leite integral,0.15,LT
05304014,Chocolate Quente P,0260101001,Amêndoa de Cacau Seca Aprovada- Moju-Pa,0.028233,KG
05304014,Chocolate Quente P,0260102001,Amêndoa torrada aprovada Moju,0.025666,KG
05304014,Chocolate Quente P,0260303001,Nibs de Cacau Moju,0.161583,KG
05304014,Chocolate Quente P,0140106004,Açúcar Demerara,0.09,KG
05304014,Chocolate Quente P,0260304001,Liquor de Cacau - Moju,0.13825,KG
05304014,Chocolate Quente P,9990107001,MANTEIGA DE CACAU desodorizada,0.021,KG
05304014,Chocolate Quente P,9990111005,Lecitina de Soja,0.00075,LT
05304014,Chocolate Quente P,0140106805,Açúcar refinado,0.056166,KG
05304014,Chocolate Quente P,0260304001,Liquor de Cacau - Moju,0.023333,KG
05304014,Chocolate Quente P,03001001,Leite em Pó integral,0.041667,KG
05304014,Chocolate Quente P,9990107001,MANTEIGA DE CACAU desodorizada,0.048333,KG
05304014,Chocolate Quente P,9990111005,Lecitina de Soja,0.0005,LT
05304014,Chocolate Quente P,0260305002,Massa de Chocolate ao Leite - Moju,0.166666,KG
05304014,Chocolate Quente P,0260305001,Massa de Chocolate Intenso - Moju,0.25,KG
05304014,Chocolate Quente P,0260305003,Gotas de Chocolate ao Leite - Moju,0.166666,KG
05304014,Chocolate Quente P,0260305004,Gotas de Chocolate Intenso - Moju,0.25,KG
05304014,Chocolate Quente P,9990111047,Leite integral,0.025,LT
05304015,Combo cafezito,9990111046,Água com Gás - Acquamix,0.05,LT
05304015,Combo cafezito,9990111048,Café organico em graos,0.011,KG
05304015,Combo cafezito,05304005,Cafe Expresso,1,UN
05304015,Combo cafezito,05400009,Pão de queijo da canastra 40gr,1,UN
05304016,Combo 3 Brasilidades 4,0050301007,Amêndoa de Cacau Seca Aprovada - Sakaguc,0.000594,KG
05304016,Combo 3 Brasilidades 4,0050302011,AMÊNDOA DE CACAU TORRADA - SAKAGUCHI  12,0.000594,KG
05304016,Combo 3 Brasilidades 4,0050303004,NIBS DE CACAU - SAKAGUCHI NT 120-35,0.00054,KG
05304016,Combo 3 Brasilidades 4,0050304005,LIQUOR DE CACAU - SAKAGUCHI  NT24,0.000688,KG
05304016,Combo 3 Brasilidades 4,0140106805,Açúcar refinado,0.001932,KG
05304016,Combo 3 Brasilidades 4,03001001,Leite em Pó integral,0.001433,KG
05304016,Combo 3 Brasilidades 4,9990107001,MANTEIGA DE CACAU desodorizada,0.001662,KG
05304016,Combo 3 Brasilidades 4,9990111005,Lecitina de Soja,1.8e-05,LT
05304016,Combo 3 Brasilidades 4,0050305006,MASSA DE CHOCOLATE -AO LEITE   NF24,0.0045,KG
05304016,Combo 3 Brasilidades 4,9990311030,Praliné de Avelã colagem,0.0055,KG
05304016,Combo 3 Brasilidades 4,9990111015,Polpa Maracujá,0.1,KG
05304016,Combo 3 Brasilidades 4,9990111046,Água com Gás - Acquamix,0.05,LT
05304016,Combo 3 Brasilidades 4,9990111048,Café organico em graos,0.011,KG
05304016,Combo 3 Brasilidades 4,05104008,Bombom ao Leite Praliné 10g,1,PC
05304016,Combo 3 Brasilidades 4,05304001,Suco de Maracuja 300ml,1,UN
05304016,Combo 3 Brasilidades 4,05304005,Cafe Expresso,1,UN
05304016,Combo 3 Brasilidades 4,05400009,Pão de queijo da canastra 40gr,1,UN
05304016,Combo 3 Brasilidades 4,9990107001,MANTEIGA DE CACAU desodorizada,5.8e-05,KG
05304016,Combo 3 Brasilidades 4,0050305006,MASSA DE CHOCOLATE -AO LEITE   NF24,0.001231,KG
05304016,Combo 3 Brasilidades 4,9990107001,MANTEIGA DE CACAU desodorizada,0.000365,KG
05304016,Combo 3 Brasilidades 4,9990307008,Pomada de manteiga de cacau,5.8e-05,PC
05304016,Combo 3 Brasilidades 4,9990311043,Praliné de Avelã,0.003846,PC
05304016,Combo 3 Brasilidades 4,0140106805,Açúcar refinado,0.001538,KG
05304016,Combo 3 Brasilidades 4,9990111020,Avelã,0.002308,KG
05304017,Suco de Acerola 300ml,9990111050,Polpa de Acerola,0.1,KG
05304018,Suco de Abacaxi c hortela 300ml,9990111049,Polpa de Abacaxi com Hortelã,0.1,KG
05304019,Combo 3 Brasilidades 3,0050301007,Amêndoa de Cacau Seca Aprovada - Sakaguc,0.000594,KG
05304019,Combo 3 Brasilidades 3,0050302011,AMÊNDOA DE CACAU TORRADA - SAKAGUCHI  12,0.000594,KG
05304019,Combo 3 Brasilidades 3,0050303004,NIBS DE CACAU - SAKAGUCHI NT 120-35,0.00054,KG
05304019,Combo 3 Brasilidades 3,0050304005,LIQUOR DE CACAU - SAKAGUCHI  NT24,0.000688,KG
05304019,Combo 3 Brasilidades 3,0140106805,Açúcar refinado,0.001932,KG
05304019,Combo 3 Brasilidades 3,03001001,Leite em Pó integral,0.001433,KG
05304019,Combo 3 Brasilidades 3,9990107001,MANTEIGA DE CACAU desodorizada,0.001662,KG
05304019,Combo 3 Brasilidades 3,9990111005,Lecitina de Soja,1.8e-05,LT
05304019,Combo 3 Brasilidades 3,0050305006,MASSA DE CHOCOLATE -AO LEITE   NF24,0.0045,KG
05304019,Combo 3 Brasilidades 3,9990311030,Praliné de Avelã colagem,0.0055,KG
05304019,Combo 3 Brasilidades 3,9990111013,Polpa Cupuaçu,0.1,KG
05304019,Combo 3 Brasilidades 3,9990111046,Água com Gás - Acquamix,0.05,LT
05304019,Combo 3 Brasilidades 3,9990111048,Café organico em graos,0.011,KG
05304019,Combo 3 Brasilidades 3,05104008,Bombom ao Leite Praliné 10g,1,PC
05304019,Combo 3 Brasilidades 3,05304002,Suco de Cupuacu 300ml,1,UN
05304019,Combo 3 Brasilidades 3,05304005,Cafe Expresso,1,UN
05304019,Combo 3 Brasilidades 3,05400009,Pão de queijo da canastra 40gr,1,UN
05304019,Combo 3 Brasilidades 3,9990107001,MANTEIGA DE CACAU desodorizada,5.8e-05,KG
05304019,Combo 3 Brasilidades 3,0050305006,MASSA DE CHOCOLATE -AO LEITE   NF24,0.001231,KG
05304019,Combo 3 Brasilidades 3,9990107001,MANTEIGA DE CACAU desodorizada,0.000365,KG
05304019,Combo 3 Brasilidades 3,9990307008,Pomada de manteiga de cacau,5.8e-05,PC
05304019,Combo 3 Brasilidades 3,9990311043,Praliné de Avelã,0.003846,PC
05304019,Combo 3 Brasilidades 3,0140106805,Açúcar refinado,0.001538,KG
05304019,Combo 3 Brasilidades 3,9990111020,Avelã,0.002308,KG
05304020,Combo 3 Brasilidades 2,0050301007,Amêndoa de Cacau Seca Aprovada - Sakaguc,0.000594,KG
05304020,Combo 3 Brasilidades 2,0050302011,AMÊNDOA DE CACAU TORRADA - SAKAGUCHI  12,0.000594,KG
05304020,Combo 3 Brasilidades 2,0050303004,NIBS DE CACAU - SAKAGUCHI NT 120-35,0.00054,KG
05304020,Combo 3 Brasilidades 2,0050304005,LIQUOR DE CACAU - SAKAGUCHI  NT24,0.000688,KG
05304020,Combo 3 Brasilidades 2,0140106805,Açúcar refinado,0.001932,KG
05304020,Combo 3 Brasilidades 2,03001001,Leite em Pó integral,0.001433,KG
05304020,Combo 3 Brasilidades 2,9990107001,MANTEIGA DE CACAU desodorizada,0.001662,KG
05304020,Combo 3 Brasilidades 2,9990111005,Lecitina de Soja,1.8e-05,LT
05304020,Combo 3 Brasilidades 2,0050305006,MASSA DE CHOCOLATE -AO LEITE   NF24,0.0045,KG
05304020,Combo 3 Brasilidades 2,9990311030,Praliné de Avelã colagem,0.0055,KG
05304020,Combo 3 Brasilidades 2,9990111046,Água com Gás - Acquamix,0.05,LT
05304020,Combo 3 Brasilidades 2,9990111048,Café organico em graos,0.011,KG
05304020,Combo 3 Brasilidades 2,9990111050,Polpa de Acerola,0.1,KG
05304020,Combo 3 Brasilidades 2,05104008,Bombom ao Leite Praliné 10g,1,PC
05304020,Combo 3 Brasilidades 2,05304005,Cafe Expresso,1,UN
05304020,Combo 3 Brasilidades 2,05304017,Suco de Acerola 300ml,1,PC
05304020,Combo 3 Brasilidades 2,05400009,Pão de queijo da canastra 40gr,1,UN
05304020,Combo 3 Brasilidades 2,9990107001,MANTEIGA DE CACAU desodorizada,5.8e-05,KG
05304020,Combo 3 Brasilidades 2,0050305006,MASSA DE CHOCOLATE -AO LEITE   NF24,0.001231,KG
05304020,Combo 3 Brasilidades 2,9990107001,MANTEIGA DE CACAU desodorizada,0.000365,KG
05304020,Combo 3 Brasilidades 2,9990307008,Pomada de manteiga de cacau,5.8e-05,PC
05304020,Combo 3 Brasilidades 2,9990311043,Praliné de Avelã,0.003846,PC
05304020,Combo 3 Brasilidades 2,0140106805,Açúcar refinado,0.001538,KG
05304020,Combo 3 Brasilidades 2,9990111020,Avelã,0.002308,KG
05304021,Combo 3 Brasilidades 1,0050301007,Amêndoa de Cacau Seca Aprovada - Sakaguc,0.000594,KG
05304021,Combo 3 Brasilidades 1,0050302011,AMÊNDOA DE CACAU TORRADA - SAKAGUCHI  12,0.000594,KG
05304021,Combo 3 Brasilidades 1,0050303004,NIBS DE CACAU - SAKAGUCHI NT 120-35,0.00054,KG
05304021,Combo 3 Brasilidades 1,0050304005,LIQUOR DE CACAU - SAKAGUCHI  NT24,0.000688,KG
05304021,Combo 3 Brasilidades 1,0140106805,Açúcar refinado,0.001932,KG
05304021,Combo 3 Brasilidades 1,03001001,Leite em Pó integral,0.001433,KG
05304021,Combo 3 Brasilidades 1,9990107001,MANTEIGA DE CACAU desodorizada,0.001662,KG
05304021,Combo 3 Brasilidades 1,9990111005,Lecitina de Soja,1.8e-05,LT
05304021,Combo 3 Brasilidades 1,0050305006,MASSA DE CHOCOLATE -AO LEITE   NF24,0.0045,KG
05304021,Combo 3 Brasilidades 1,9990311030,Praliné de Avelã colagem,0.0055,KG
05304021,Combo 3 Brasilidades 1,9990111046,Água com Gás - Acquamix,0.05,LT
05304021,Combo 3 Brasilidades 1,9990111048,Café organico em graos,0.011,KG
05304021,Combo 3 Brasilidades 1,9990111049,Polpa de Abacaxi com Hortelã,0.1,KG
05304021,Combo 3 Brasilidades 1,05104008,Bombom ao Leite Praliné 10g,1,PC
05304021,Combo 3 Brasilidades 1,05304005,Cafe Expresso,1,UN
05304021,Combo 3 Brasilidades 1,05304018,Suco de Abacaxi c hortela 300ml,1,PC
05304021,Combo 3 Brasilidades 1,05400009,Pão de queijo da canastra 40gr,1,UN
05304021,Combo 3 Brasilidades 1,9990107001,MANTEIGA DE CACAU desodorizada,5.8e-05,KG
05304021,Combo 3 Brasilidades 1,0050305006,MASSA DE CHOCOLATE -AO LEITE   NF24,0.001231,KG
05304021,Combo 3 Brasilidades 1,9990107001,MANTEIGA DE CACAU desodorizada,0.000365,KG
05304021,Combo 3 Brasilidades 1,9990307008,Pomada de manteiga de cacau,5.8e-05,PC
05304021,Combo 3 Brasilidades 1,9990311043,Praliné de Avelã,0.003846,PC
05304021,Combo 3 Brasilidades 1,0140106805,Açúcar refinado,0.001538,KG
05304021,Combo 3 Brasilidades 1,9990111020,Avelã,0.002308,KG
05304022,Combo 2 Clássicos Magio 3,0210101001,Amêndoa de Cupuaçu - Sakaguchi (PA),0.006534,KG
05304022,Combo 2 Clássicos Magio 3,0050301007,Amêndoa de Cacau Seca Aprovada - Sakaguc,0.000594,KG
05304022,Combo 2 Clássicos Magio 3,0050302011,AMÊNDOA DE CACAU TORRADA - SAKAGUCHI  12,0.000594,KG
05304022,Combo 2 Clássicos Magio 3,0210303001,Nibs de Cupuaçu - Sakaguchi,0.00594,KG
05304022,Combo 2 Clássicos Magio 3,0050303004,NIBS DE CACAU - SAKAGUCHI NT 120-35,0.00054,KG
05304022,Combo 2 Clássicos Magio 3,0050304005,LIQUOR DE CACAU - SAKAGUCHI  NT24,0.000688,KG
05304022,Combo 2 Clássicos Magio 3,0140106805,Açúcar refinado,0.001932,KG
05304022,Combo 2 Clássicos Magio 3,03001001,Leite em Pó integral,0.001433,KG
05304022,Combo 2 Clássicos Magio 3,9990107001,MANTEIGA DE CACAU desodorizada,0.001662,KG
05304022,Combo 2 Clássicos Magio 3,9990111005,Lecitina de Soja,1.8e-05,LT
05304022,Combo 2 Clássicos Magio 3,02104013,Sakaguchi Cupulate 50g,0.22,UN
05304022,Combo 2 Clássicos Magio 3,0050302010,Amêndoa de Cupuaçu Torrada - SAKAGUCHI,0.006534,KG
05304022,Combo 2 Clássicos Magio 3,0050303010,LIQUOR DE CUPUAÇU -SAKAGUCHI,0.00594,KG
05304022,Combo 2 Clássicos Magio 3,0140106004,Açúcar Demerara,0.00187,KG
05304022,Combo 2 Clássicos Magio 3,9990107001,MANTEIGA DE CACAU desodorizada,0.00319,KG
05304022,Combo 2 Clássicos Magio 3,0190213030,Embalagem - Barra de Cupulate - Sakaguch,0.22,UN
05304022,Combo 2 Clássicos Magio 3,0190214016,Cartão Surpresa - Prima Stampa,0.22,UN
05304022,Combo 2 Clássicos Magio 3,0200216011,"Papel Chumbo - Cromus - 43,5cm x 59cm",0.0352,UN
05304022,Combo 2 Clássicos Magio 3,0210305004,Massa  de Cupuaçu - Sakaguchi,0.011,KG
05304022,Combo 2 Clássicos Magio 3,9970212003,ETIQ ADESIVA | PAPEL COUCHE A20-C | 30X3,0.22,UN
05304022,Combo 2 Clássicos Magio 3,9970212004,ETIQ PIMACO A4348 LASER 100F 9600UND,0.22,UN
05304022,Combo 2 Clássicos Magio 3,9990712002,ETIQUETA PARA QR CODE 40x40mm,0.22,UN
05304022,Combo 2 Clássicos Magio 3,0050305006,MASSA DE CHOCOLATE -AO LEITE   NF24,0.0045,KG
05304022,Combo 2 Clássicos Magio 3,9990311030,Praliné de Avelã colagem,0.0055,KG
05304022,Combo 2 Clássicos Magio 3,0050305019,PP LÍNGUA DE ONÇA CUPUAÇU 11G,1,PC
05304022,Combo 2 Clássicos Magio 3,9990111046,Água com Gás - Acquamix,0.05,LT
05304022,Combo 2 Clássicos Magio 3,9990111048,Café organico em graos,0.011,KG
05304022,Combo 2 Clássicos Magio 3,05104008,Bombom ao Leite Praliné 10g,1,PC
05304022,Combo 2 Clássicos Magio 3,05104028,Língua de Onça Cupulate 11g,1,PC
05304022,Combo 2 Clássicos Magio 3,05304005,Cafe Expresso,1,UN
05304022,Combo 2 Clássicos Magio 3,9990107001,MANTEIGA DE CACAU desodorizada,5.8e-05,KG
05304022,Combo 2 Clássicos Magio 3,0050305006,MASSA DE CHOCOLATE -AO LEITE   NF24,0.001231,KG
05304022,Combo 2 Clássicos Magio 3,9990107001,MANTEIGA DE CACAU desodorizada,0.000365,KG
05304022,Combo 2 Clássicos Magio 3,9990307008,Pomada de manteiga de cacau,5.8e-05,PC
05304022,Combo 2 Clássicos Magio 3,9990311043,Praliné de Avelã,0.003846,PC
05304022,Combo 2 Clássicos Magio 3,0140106805,Açúcar refinado,0.001538,KG
05304022,Combo 2 Clássicos Magio 3,9990111020,Avelã,0.002308,KG
05304023,Combo 2 Clássicos Magio 2,0020301006,Amêndoa de Cacau Seca Aprovada - Mocajub,0.001152,KG
05304023,Combo 2 Clássicos Magio 2,0020302002,Amêndoa de Cacau Torrada - Mocajuba (PA),0.001152,KG
05304023,Combo 2 Clássicos Magio 2,0020303003,Nibs de Cacau - Mocajuba (PA),0.001047,KG
05304023,Combo 2 Clássicos Magio 2,0020304004,Liquor de Cacau - Mocajuba (PA),0.001047,KG
05304023,Combo 2 Clássicos Magio 2,0140106004,Açúcar Demerara,0.000685,KG
05304023,Combo 2 Clássicos Magio 2,9990107001,MANTEIGA DE CACAU desodorizada,0.000152,KG
05304023,Combo 2 Clássicos Magio 2,9990111005,Lecitina de Soja,6e-06,LT
05304023,Combo 2 Clássicos Magio 2,0050301007,Amêndoa de Cacau Seca Aprovada - Sakaguc,0.000594,KG
05304023,Combo 2 Clássicos Magio 2,0050302011,AMÊNDOA DE CACAU TORRADA - SAKAGUCHI  12,0.000594,KG
05304023,Combo 2 Clássicos Magio 2,0050303004,NIBS DE CACAU - SAKAGUCHI NT 120-35,0.00054,KG
05304023,Combo 2 Clássicos Magio 2,0050304005,LIQUOR DE CACAU - SAKAGUCHI  NT24,0.001083,KG
05304023,Combo 2 Clássicos Magio 2,0140106805,Açúcar refinado,0.003041,KG
05304023,Combo 2 Clássicos Magio 2,03001001,Leite em Pó integral,0.002256,KG
05304023,Combo 2 Clássicos Magio 2,9990107001,MANTEIGA DE CACAU desodorizada,0.002616,KG
05304023,Combo 2 Clássicos Magio 2,9990111005,Lecitina de Soja,2.8e-05,LT
05304023,Combo 2 Clássicos Magio 2,0050305006,MASSA DE CHOCOLATE -AO LEITE   NF24,0.0045,KG
05304023,Combo 2 Clássicos Magio 2,9990311031,Praliné Pistache colagem,0.0055,KG
05304023,Combo 2 Clássicos Magio 2,0050305006,MASSA DE CHOCOLATE -AO LEITE   NF24,0.00308,KG
05304023,Combo 2 Clássicos Magio 2,9990311041,Ganache maracujá,0.00462,PC
05304023,Combo 2 Clássicos Magio 2,9990111046,Água com Gás - Acquamix,0.05,LT
05304023,Combo 2 Clássicos Magio 2,9990111048,Café organico em graos,0.011,KG
05304023,Combo 2 Clássicos Magio 2,05104012,Bombom SF Leite Praliné de Pistache 10g,1,PC
05304023,Combo 2 Clássicos Magio 2,05104016,"Bombom SF Leite Ganache de Maracujá 7,7g",1,PC
05304023,Combo 2 Clássicos Magio 2,05304005,Cafe Expresso,1,UN
05304023,Combo 2 Clássicos Magio 2,9990107001,MANTEIGA DE CACAU desodorizada,5.8e-05,KG
05304023,Combo 2 Clássicos Magio 2,0140106805,Açúcar refinado,0.001501,KG
05304023,Combo 2 Clássicos Magio 2,03001001,Leite em Pó integral,0.0001,KG
05304023,Combo 2 Clássicos Magio 2,9990111010,Pistache,0.001796,KG
05304023,Combo 2 Clássicos Magio 2,9990111031,Amêndoa,0.000449,KG
05304023,Combo 2 Clássicos Magio 2,0050305006,MASSA DE CHOCOLATE -AO LEITE   NF24,0.001231,KG
05304023,Combo 2 Clássicos Magio 2,9990107001,MANTEIGA DE CACAU desodorizada,0.000365,KG
05304023,Combo 2 Clássicos Magio 2,9990307008,Pomada de manteiga de cacau,5.8e-05,PC
05304023,Combo 2 Clássicos Magio 2,9990311004,Praliné Pistache,0.003846,KG
05304023,Combo 2 Clássicos Magio 2,0020305008,Massa de Chocolate - Mocajuba Intenso,0.001904,KG
05304023,Combo 2 Clássicos Magio 2,0050305006,MASSA DE CHOCOLATE -AO LEITE   NF24,0.000212,KG
05304023,Combo 2 Clássicos Magio 2,878,Maracujá liofilizado,5.5e-05,KG
05304023,Combo 2 Clássicos Magio 2,9990107001,MANTEIGA DE CACAU desodorizada,3.5e-05,KG
05304023,Combo 2 Clássicos Magio 2,9990111006,Manteiga de Leite,0.000316,KG
05304023,Combo 2 Clássicos Magio 2,9990111008,Xarope de glucose,0.000388,KG
05304023,Combo 2 Clássicos Magio 2,9990111021,DEXTROSE,0.000529,KG
05304023,Combo 2 Clássicos Magio 2,9990111023,Sorbitol em Pó,0.000423,KG
05304023,Combo 2 Clássicos Magio 2,9990315025,Polpa de Maracujá Reduzida,0.000809,KG
05304023,Combo 2 Clássicos Magio 2,0140106805,Açúcar refinado,0.000113,KG
05304023,Combo 2 Clássicos Magio 2,9990111015,Polpa Maracujá,0.000809,KG
05304024,Combo 2 Clássicos Magio 1,0020301006,Amêndoa de Cacau Seca Aprovada - Mocajub,0.002723,KG
05304024,Combo 2 Clássicos Magio 1,0020302002,Amêndoa de Cacau Torrada - Mocajuba (PA),0.002723,KG
05304024,Combo 2 Clássicos Magio 1,0020303003,Nibs de Cacau - Mocajuba (PA),0.002475,KG
05304024,Combo 2 Clássicos Magio 1,0020304004,Liquor de Cacau - Mocajuba (PA),0.004244,KG
05304024,Combo 2 Clássicos Magio 1,0140106004,Açúcar Demerara,0.002778,KG
05304024,Combo 2 Clássicos Magio 1,9990107001,MANTEIGA DE CACAU desodorizada,0.000617,KG
05304024,Combo 2 Clássicos Magio 1,9990111005,Lecitina de Soja,2.4e-05,LT
05304024,Combo 2 Clássicos Magio 1,0050301007,Amêndoa de Cacau Seca Aprovada - Sakaguc,0.000407,KG
05304024,Combo 2 Clássicos Magio 1,0050302011,AMÊNDOA DE CACAU TORRADA - SAKAGUCHI  12,0.000407,KG
05304024,Combo 2 Clássicos Magio 1,0050303004,NIBS DE CACAU - SAKAGUCHI NT 120-35,0.00037,KG
05304024,Combo 2 Clássicos Magio 1,0050304005,LIQUOR DE CACAU - SAKAGUCHI  NT24,0.000624,KG
05304024,Combo 2 Clássicos Magio 1,0140106805,Açúcar refinado,0.001751,KG
05304024,Combo 2 Clássicos Magio 1,03001001,Leite em Pó integral,0.001299,KG
05304024,Combo 2 Clássicos Magio 1,9990107001,MANTEIGA DE CACAU desodorizada,0.001507,KG
05304024,Combo 2 Clássicos Magio 1,9990111005,Lecitina de Soja,1.5e-05,LT
05304024,Combo 2 Clássicos Magio 1,0050305006,MASSA DE CHOCOLATE -AO LEITE   NF24,0.00308,KG
05304024,Combo 2 Clássicos Magio 1,9990311036,Ganache Cupuaçu,0.00462,KG
05304024,Combo 2 Clássicos Magio 1,0020305008,Massa de Chocolate - Mocajuba Intenso,0.0045,KG
05304024,Combo 2 Clássicos Magio 1,9990311025,Ganache Chocolate intenso,0.0055,KG
05304024,Combo 2 Clássicos Magio 1,05104018,"Bombom SF Leite Ganache de Cupuaçu 7,7g",1,PC
05304024,Combo 2 Clássicos Magio 1,05104071,Bombom Bom Jardim Intenso 10g,1,PC
05304024,Combo 2 Clássicos Magio 1,9990111048,Café organico em graos,0.008,KG
05304024,Combo 2 Clássicos Magio 1,0020305008,Massa de Chocolate - Mocajuba Intenso,0.003217,KG
05304024,Combo 2 Clássicos Magio 1,0140106804,Açúcar invertido,0.0003,KG
05304024,Combo 2 Clássicos Magio 1,9990107001,MANTEIGA DE CACAU desodorizada,5.4e-05,KG
05304024,Combo 2 Clássicos Magio 1,9990111003,Creme de Leite UHT 25%,0.001358,KG
05304024,Combo 2 Clássicos Magio 1,9990111006,Manteiga de Leite,0.00025,KG
05304024,Combo 2 Clássicos Magio 1,9990111023,Sorbitol em Pó,0.000322,KG
05304024,Combo 2 Clássicos Magio 1,0050305006,MASSA DE CHOCOLATE -AO LEITE   NF24,0.002116,KG
05304024,Combo 2 Clássicos Magio 1,9990107001,MANTEIGA DE CACAU desodorizada,3.5e-05,KG
05304024,Combo 2 Clássicos Magio 1,9990111006,Manteiga de Leite,0.000316,KG
05304024,Combo 2 Clássicos Magio 1,9990111008,Xarope de glucose,0.000388,KG
05304024,Combo 2 Clássicos Magio 1,9990111021,DEXTROSE,0.000529,KG
05304024,Combo 2 Clássicos Magio 1,9990111023,Sorbitol em Pó,0.000423,KG
05304024,Combo 2 Clássicos Magio 1,9990111059,Cupuaçu Liofilizado,0.000185,KG
05304024,Combo 2 Clássicos Magio 1,9990315026,Polpa de Cupuaçu Reduzida,0.000809,PC
05304024,Combo 2 Clássicos Magio 1,0140106805,Açúcar refinado,0.000113,KG
05304024,Combo 2 Clássicos Magio 1,9990111013,Polpa Cupuaçu,0.000809,KG
05304025,Chocolate Quente G,0260101001,Amêndoa de Cacau Seca Aprovada- Moju-Pa,0.66913,KG
05304025,Chocolate Quente G,0260102001,Amêndoa torrada aprovada Moju,0.6083,KG
05304025,Chocolate Quente G,0260303001,Nibs de Cacau Moju,0.553,KG
05304025,Chocolate Quente G,0140106004,Açúcar Demerara,0.36,KG
05304025,Chocolate Quente G,0260304001,Liquor de Cacau - Moju,0.553,KG
05304025,Chocolate Quente G,9990107001,MANTEIGA DE CACAU desodorizada,0.084,KG
05304025,Chocolate Quente G,9990111005,Lecitina de Soja,0.003,LT
05304025,Chocolate Quente G,0260305001,Massa de Chocolate Intenso - Moju,1,KG
05304025,Chocolate Quente G,0260305004,Gotas de Chocolate Intenso - Moju,1,KG
05304025,Chocolate Quente G,9990111047,Leite integral,0.75,LT
05304026,Chocolate Quente Leite P,0050301007,Amêndoa de Cacau Seca Aprovada - Sakaguc,0.00792,KG
05304026,Chocolate Quente Leite P,0050302011,AMÊNDOA DE CACAU TORRADA - SAKAGUCHI  12,0.00792,KG
05304026,Chocolate Quente Leite P,0050303004,NIBS DE CACAU - SAKAGUCHI NT 120-35,0.0072,KG
05304026,Chocolate Quente Leite P,0050304005,LIQUOR DE CACAU - SAKAGUCHI  NT24,0.0072,KG
05304026,Chocolate Quente Leite P,0140106805,Açúcar refinado,0.02022,KG
05304026,Chocolate Quente Leite P,03001001,Leite em Pó integral,0.015,KG
05304026,Chocolate Quente Leite P,9990107001,MANTEIGA DE CACAU desodorizada,0.0174,KG
05304026,Chocolate Quente Leite P,9990111005,Lecitina de Soja,0.00018,LT
05304026,Chocolate Quente Leite P,0050305006,MASSA DE CHOCOLATE -AO LEITE   NF24,0.06,KG
05304026,Chocolate Quente Leite P,0050321001,Barra 60g Terroir da Amazonia Saka ao le,1,PC
05304026,Chocolate Quente Leite P,9990111047,Leite integral,0.75,LT
05304027,Cafe Expresso Cápsula,9990111057,Cápsula de Café Expresso,1,UN
05304028,Cafe Expresso Duplo Cápsula,9990111057,Cápsula de Café Expresso,2,UN
05304029,X-Caboquinho,9990111060,Manteiga com sal,0.02,KG
05304029,X-Caboquinho,9990111061,Queijo coalho,0.1,KG
05304029,X-Caboquinho,9990111062,Tucumã Liofilizado,0.0125,KG
05304029,X-Caboquinho,9990111063,Banana Da Terra,0.08,KG
05304029,X-Caboquinho,99901110641,Pão Francês,1,PC
05304030,Cafe Coado Pequeno,9990111048,Café organico em graos,0.01,KG
05304031,Cafe Coado Grande,9990111048,Café organico em graos,0.02,KG
05304032,Suco de Morango 300ml,9990111066,Polpa de Morango,0.1,KG
05304033,Suco Cajá/Tapereba 300ml,9990111055,Polpa Caja/Tapereba,0.1,KG
05304034,Suco Frutas Vermelhas 300ml,9990111070,Polpa Frutas Vermelhas,0.1,KG
05304035,Suco Limão 300ml,9990111041,Polpa Limão,0.1,KG
05304036,Suco de Coco 300ml,9990111025,Polpa de Coco,0.1,KG
05304037,Chá de Cacau,02504002,Cascas de Cacau - Bom Jardim,0.005,KG
05304038,Combo Magia do Cacau,0020301006,Amêndoa de Cacau Seca Aprovada - Mocajub,0.004669,KG
05304038,Combo Magia do Cacau,0020302002,Amêndoa de Cacau Torrada - Mocajuba (PA),0.004669,KG
05304038,Combo Magia do Cacau,0020303003,Nibs de Cacau - Mocajuba (PA),0.004244,KG
05304038,Combo Magia do Cacau,0020304004,Liquor de Cacau - Mocajuba (PA),0.014882,KG
05304038,Combo Magia do Cacau,0140106004,Açúcar Demerara,0.009741,KG
05304038,Combo Magia do Cacau,9990107001,MANTEIGA DE CACAU desodorizada,0.002164,KG
05304038,Combo Magia do Cacau,9990111005,Lecitina de Soja,8.3e-05,LT
05304038,Combo Magia do Cacau,0050301007,Amêndoa de Cacau Seca Aprovada - Sakaguc,0.000163,KG
05304038,Combo Magia do Cacau,0050302011,AMÊNDOA DE CACAU TORRADA - SAKAGUCHI  12,0.000163,KG
05304038,Combo Magia do Cacau,0050303004,NIBS DE CACAU - SAKAGUCHI NT 120-35,0.000148,KG
05304038,Combo Magia do Cacau,0050304005,LIQUOR DE CACAU - SAKAGUCHI  NT24,0.000148,KG
05304038,Combo Magia do Cacau,0140106805,Açúcar refinado,0.000415,KG
05304038,Combo Magia do Cacau,03001001,Leite em Pó integral,0.000308,KG
05304038,Combo Magia do Cacau,9990107001,MANTEIGA DE CACAU desodorizada,0.000357,KG
05304038,Combo Magia do Cacau,9990111005,Lecitina de Soja,4e-06,LT
05304038,Combo Magia do Cacau,0020305008,Massa de Chocolate - Mocajuba Intenso,0.0045,KG
05304038,Combo Magia do Cacau,9990311030,Praliné de Avelã colagem,0.0055,KG
05304038,Combo Magia do Cacau,0020305008,Massa de Chocolate - Mocajuba Intenso,0.004,KG
05304038,Combo Magia do Cacau,9990117003,Cacau em Pó Alcalino,0.01,KG
05304038,Combo Magia do Cacau,9990315022,Massa de trufa Intenso,0.017,KG
05304038,Combo Magia do Cacau,0020305008,Massa de Chocolate - Mocajuba Intenso,0.0045,KG
05304038,Combo Magia do Cacau,9990311025,Ganache Chocolate intenso,0.0055,KG
05304038,Combo Magia do Cacau,05104007,Bombom Intenso Praliné 10g,1,PC
05304038,Combo Magia do Cacau,05104020,Trufas Nativas de Chocolate Intenso  20G,1,PC
05304038,Combo Magia do Cacau,05104071,Bombom Bom Jardim Intenso 10g,1,PC
05304038,Combo Magia do Cacau,9990107001,MANTEIGA DE CACAU desodorizada,5.8e-05,KG
05304038,Combo Magia do Cacau,0020305008,Massa de Chocolate - Mocajuba Intenso,0.003217,KG
05304038,Combo Magia do Cacau,0140106804,Açúcar invertido,0.0003,KG
05304038,Combo Magia do Cacau,9990107001,MANTEIGA DE CACAU desodorizada,5.4e-05,KG
05304038,Combo Magia do Cacau,9990111003,Creme de Leite UHT 25%,0.001358,KG
05304038,Combo Magia do Cacau,9990111006,Manteiga de Leite,0.00025,KG
05304038,Combo Magia do Cacau,9990111023,Sorbitol em Pó,0.000322,KG
05304038,Combo Magia do Cacau,0050305006,MASSA DE CHOCOLATE -AO LEITE   NF24,0.001231,KG
05304038,Combo Magia do Cacau,9990107001,MANTEIGA DE CACAU desodorizada,0.000365,KG
05304038,Combo Magia do Cacau,9990307008,Pomada de manteiga de cacau,5.8e-05,PC
05304038,Combo Magia do Cacau,9990311043,Praliné de Avelã,0.003846,PC
05304038,Combo Magia do Cacau,0140106805,Açúcar refinado,0.001538,KG
05304038,Combo Magia do Cacau,9990111020,Avelã,0.002308,KG
05304038,Combo Magia do Cacau,0020305008,Massa de Chocolate - Mocajuba Intenso,0.010841,KG
05304038,Combo Magia do Cacau,0140106804,Açúcar invertido,0.000796,KG
05304038,Combo Magia do Cacau,9990111003,Creme de Leite UHT 25%,0.00425,KG
05304038,Combo Magia do Cacau,9990111006,Manteiga de Leite,0.00061,KG
05304038,Combo Magia do Cacau,9990111023,Sorbitol em Pó,0.000503,KG
05304039,Combo Formigueiro,0050301007,Amêndoa de Cacau Seca Aprovada - Sakaguc,0.001267,KG
05304039,Combo Formigueiro,0050302011,AMÊNDOA DE CACAU TORRADA - SAKAGUCHI  12,0.001267,KG
05304039,Combo Formigueiro,0050303004,NIBS DE CACAU - SAKAGUCHI NT 120-35,0.001152,KG
05304039,Combo Formigueiro,0050304005,LIQUOR DE CACAU - SAKAGUCHI  NT24,0.003456,KG
05304039,Combo Formigueiro,0140106805,Açúcar refinado,0.009705,KG
05304039,Combo Formigueiro,03001001,Leite em Pó integral,0.0072,KG
05304039,Combo Formigueiro,9990107001,MANTEIGA DE CACAU desodorizada,0.008352,KG
05304039,Combo Formigueiro,9990111005,Lecitina de Soja,8.7e-05,LT
05304039,Combo Formigueiro,0050305006,MASSA DE CHOCOLATE -AO LEITE   NF24,0.0096,KG
05304039,Combo Formigueiro,9990311032,Recheio Yara Praliné,0.0038,KG
05304039,Combo Formigueiro,9990311043,Praliné de Avelã,0.0026,PC
05304039,Combo Formigueiro,0050305006,MASSA DE CHOCOLATE -AO LEITE   NF24,0.0096,KG
05304039,Combo Formigueiro,9990311003,Recheio Yara Pistache,0.0038,KG
05304039,Combo Formigueiro,9990311004,Praliné Pistache,0.0026,KG
05304039,Combo Formigueiro,0050305006,MASSA DE CHOCOLATE -AO LEITE   NF24,0.0096,KG
05304039,Combo Formigueiro,9990311009,Recheio Yara Maracujá,0.0038,KG
05304039,Combo Formigueiro,9990311038,Recheio Caramelo Maracujá,0.0026,KG
05304039,Combo Formigueiro,0050305023,FORMIGUEIRO AVELÃ 16g,1,UN
05304039,Combo Formigueiro,0050305024,FORMIGUEIRO PISTACHE 16g,1,UN
05304039,Combo Formigueiro,0050305025,FORMIGUEIRO MARACUJÁ 16g,1,UN
05304039,Combo Formigueiro,05104025,Formigueiro Praliné de Avelã 16g,1,PC
05304039,Combo Formigueiro,05104032,Formigueiro Praliné de Pistache 16g,1,PC
05304039,Combo Formigueiro,05104033,Formigueiro Caramelo de Maracujá 16g,1,PC
05304039,Combo Formigueiro,0140106805,Açúcar refinado,0.001085,KG
05304039,Combo Formigueiro,9990111000,Agua Mineral sem gás,0.001325,LT
05304039,Combo Formigueiro,9990111004,Baunilha em Fava,2e-06,KG
05304039,Combo Formigueiro,9990111007,Clara em Pó,5.2e-05,KG
05304039,Combo Formigueiro,9990111008,Xarope de glucose,0.001218,KG
05304039,Combo Formigueiro,9990111009,Gelatina incolor,5.5e-05,KG
05304039,Combo Formigueiro,9990311004,Praliné Pistache,0.000179,KG
05304039,Combo Formigueiro,0140106805,Açúcar refinado,0.001085,KG
05304039,Combo Formigueiro,03001001,Leite em Pó integral,7.3e-05,KG
05304039,Combo Formigueiro,9990111010,Pistache,0.001298,KG
05304039,Combo Formigueiro,9990111031,Amêndoa,0.000324,KG
05304039,Combo Formigueiro,0140106805,Açúcar refinado,0.001085,KG
05304039,Combo Formigueiro,9990111000,Agua Mineral sem gás,0.001325,LT
05304039,Combo Formigueiro,9990111004,Baunilha em Fava,2e-06,KG
05304039,Combo Formigueiro,9990111007,Clara em Pó,5.2e-05,KG
05304039,Combo Formigueiro,9990111008,Xarope de glucose,0.001218,KG
05304039,Combo Formigueiro,9990111009,Gelatina incolor,5.5e-05,KG
05304039,Combo Formigueiro,9990311038,Recheio Caramelo Maracujá,0.000179,KG
05304039,Combo Formigueiro,0140106805,Açúcar refinado,0.001085,KG
05304039,Combo Formigueiro,9990111000,Agua Mineral sem gás,0.001325,LT
05304039,Combo Formigueiro,9990111004,Baunilha em Fava,2e-06,KG
05304039,Combo Formigueiro,9990111007,Clara em Pó,5.2e-05,KG
05304039,Combo Formigueiro,9990111008,Xarope de glucose,0.001218,KG
05304039,Combo Formigueiro,9990111009,Gelatina incolor,5.5e-05,KG
05304039,Combo Formigueiro,9990311043,Praliné de Avelã,0.000179,PC
05304039,Combo Formigueiro,0140106805,Açúcar refinado,0.000808,KG
05304039,Combo Formigueiro,9990111000,Agua Mineral sem gás,0.000247,LT
05304039,Combo Formigueiro,9990111004,Baunilha em Fava,2e-06,KG
05304039,Combo Formigueiro,9990111005,Lecitina de Soja,1.1e-05,LT
05304039,Combo Formigueiro,9990111006,Manteiga de Leite,0.000216,KG
05304039,Combo Formigueiro,9990111008,Xarope de glucose,0.000464,KG
05304039,Combo Formigueiro,9990111015,Polpa Maracujá,0.001031,KG
05304039,Combo Formigueiro,0140106805,Açúcar refinado,0.001112,KG
05304039,Combo Formigueiro,9990111020,Avelã,0.001667,KG
05304040,Combo Essência da Amazônia,0020301006,Amêndoa de Cacau Seca Aprovada - Mocajub,0.002723,KG
05304040,Combo Essência da Amazônia,0020302002,Amêndoa de Cacau Torrada - Mocajuba (PA),0.002723,KG
05304040,Combo Essência da Amazônia,0020303003,Nibs de Cacau - Mocajuba (PA),0.002475,KG
05304040,Combo Essência da Amazônia,0020304004,Liquor de Cacau - Mocajuba (PA),0.002475,KG
05304040,Combo Essência da Amazônia,0140106004,Açúcar Demerara,0.00162,KG
05304040,Combo Essência da Amazônia,9990107001,MANTEIGA DE CACAU desodorizada,0.00036,KG
05304040,Combo Essência da Amazônia,9990111005,Lecitina de Soja,1.4e-05,LT
05304040,Combo Essência da Amazônia,0050301007,Amêndoa de Cacau Seca Aprovada - Sakaguc,0.001042,KG
05304040,Combo Essência da Amazônia,0050302011,AMÊNDOA DE CACAU TORRADA - SAKAGUCHI  12,0.001042,KG
05304040,Combo Essência da Amazônia,0050303004,NIBS DE CACAU - SAKAGUCHI NT 120-35,0.000947,KG
05304040,Combo Essência da Amazônia,0050304005,LIQUOR DE CACAU - SAKAGUCHI  NT24,0.003025,KG
05304040,Combo Essência da Amazônia,0140106805,Açúcar refinado,0.008495,KG
05304040,Combo Essência da Amazônia,03001001,Leite em Pó integral,0.006302,KG
05304040,Combo Essência da Amazônia,9990107001,MANTEIGA DE CACAU desodorizada,0.007309,KG
05304040,Combo Essência da Amazônia,9990111005,Lecitina de Soja,7.6e-05,LT
05304040,Combo Essência da Amazônia,0050305006,MASSA DE CHOCOLATE -AO LEITE   NF24,0.0055,KG
05304040,Combo Essência da Amazônia,9990311020,Ganache Açaí,0.0045,KG
05304040,Combo Essência da Amazônia,0020305008,Massa de Chocolate - Mocajuba Intenso,0.0045,KG
05304040,Combo Essência da Amazônia,9990311013,Ganache de Taperebá,0.0055,KG
05304040,Combo Essência da Amazônia,0050305006,MASSA DE CHOCOLATE -AO LEITE   NF24,0.011,KG
05304040,Combo Essência da Amazônia,9990311042,Recheio Doce de Cupuaçu,0.009,KG
05304040,Combo Essência da Amazônia,05104036,Bombom SF Açaí 10g,1,PC
05304040,Combo Essência da Amazônia,05104039,Bombom SF Ganache de Taperebá Int 10g,1,PC
05304040,Combo Essência da Amazônia,05104059,Bombom SF Doce de Cupuaçu 10g,2,PC
05304040,Combo Essência da Amazônia,0050305006,MASSA DE CHOCOLATE -AO LEITE   NF24,0.002391,KG
05304040,Combo Essência da Amazônia,9990107001,MANTEIGA DE CACAU desodorizada,7.1e-05,KG
05304040,Combo Essência da Amazônia,9990111006,Manteiga de Leite,0.000252,KG
05304040,Combo Essência da Amazônia,9990111008,Xarope de glucose,9.1e-05,KG
05304040,Combo Essência da Amazônia,9990111021,DEXTROSE,6e-05,KG
05304040,Combo Essência da Amazônia,9990111023,Sorbitol em Pó,0.000197,KG
05304040,Combo Essência da Amazônia,9990111053,MALTODEXTRINA DE10 1910,4.6e-05,KG
05304040,Combo Essência da Amazônia,9990111054,Sorbato de Potássio Granulado,6e-06,KG
05304040,Combo Essência da Amazônia,9990111058,Tapereba Liofilizado,0.000404,KG
05304040,Combo Essência da Amazônia,9990315027,Polpa de Tapereba Reduzida,0.001987,PC
05304040,Combo Essência da Amazônia,0050305006,MASSA DE CHOCOLATE -AO LEITE   NF24,0.002192,KG
05304040,Combo Essência da Amazônia,0140106804,Açúcar invertido,0.000219,KG
05304040,Combo Essência da Amazônia,9990111006,Manteiga de Leite,0.000259,KG
05304040,Combo Essência da Amazônia,9990111021,DEXTROSE,4e-05,KG
05304040,Combo Essência da Amazônia,9990111023,Sorbitol em Pó,0.000241,KG
05304040,Combo Essência da Amazônia,9990111026,Sal,5e-06,KG
05304040,Combo Essência da Amazônia,9990111053,MALTODEXTRINA DE10 1910,3.7e-05,KG
05304040,Combo Essência da Amazônia,9990111054,Sorbato de Potássio Granulado,5e-06,KG
05304040,Combo Essência da Amazônia,9990111065,Açaí Liofilizado,0.000161,KG
05304040,Combo Essência da Amazônia,9990315028,Polpa de Açaí Reduzida,0.001341,PC
05304040,Combo Essência da Amazônia,0050305006,MASSA DE CHOCOLATE -AO LEITE   NF24,0.004122,KG
05304040,Combo Essência da Amazônia,9990107001,MANTEIGA DE CACAU desodorizada,6.8e-05,KG
05304040,Combo Essência da Amazônia,9990111006,Manteiga de Leite,0.000616,KG
05304040,Combo Essência da Amazônia,9990111008,Xarope de glucose,0.000756,KG
05304040,Combo Essência da Amazônia,9990111021,DEXTROSE,0.00103,KG
05304040,Combo Essência da Amazônia,9990111023,Sorbitol em Pó,0.000824,KG
05304040,Combo Essência da Amazônia,9990111059,Cupuaçu Liofilizado,0.00036,KG
05304040,Combo Essência da Amazônia,9990315026,Polpa de Cupuaçu Reduzida,0.001577,PC
05304040,Combo Essência da Amazônia,0140106805,Açúcar refinado,0.000221,KG
05304040,Combo Essência da Amazônia,9990111013,Polpa Cupuaçu,0.001577,KG
05304040,Combo Essência da Amazônia,0140106805,Açúcar refinado,0.000278,KG
05304040,Combo Essência da Amazônia,9990111055,Polpa Caja/Tapereba,0.001987,KG
05304040,Combo Essência da Amazônia,0140106805,Açúcar refinado,0.000188,KG
05304040,Combo Essência da Amazônia,9990111045,Polpa de Açaí,0.001341,KG
05304041,Combo Cremosos da Selva,0020301006,Amêndoa de Cacau Seca Aprovada - Mocajub,0.00242,KG
05304041,Combo Cremosos da Selva,0020302002,Amêndoa de Cacau Torrada - Mocajuba (PA),0.00242,KG
05304041,Combo Cremosos da Selva,0020303003,Nibs de Cacau - Mocajuba (PA),0.0022,KG
05304041,Combo Cremosos da Selva,0020304004,Liquor de Cacau - Mocajuba (PA),0.008812,KG
05304041,Combo Cremosos da Selva,0140106004,Açúcar Demerara,0.005768,KG
05304041,Combo Cremosos da Selva,9990107001,MANTEIGA DE CACAU desodorizada,0.001281,KG
05304041,Combo Cremosos da Selva,9990111005,Lecitina de Soja,4.9e-05,LT
05304041,Combo Cremosos da Selva,0050301007,Amêndoa de Cacau Seca Aprovada - Sakaguc,0.001042,KG
05304041,Combo Cremosos da Selva,0050302011,AMÊNDOA DE CACAU TORRADA - SAKAGUCHI  12,0.001042,KG
05304041,Combo Cremosos da Selva,0050303004,NIBS DE CACAU - SAKAGUCHI NT 120-35,0.000947,KG
05304041,Combo Cremosos da Selva,0050304005,LIQUOR DE CACAU - SAKAGUCHI  NT24,0.001972,KG
05304041,Combo Cremosos da Selva,0140106805,Açúcar refinado,0.005537,KG
05304041,Combo Cremosos da Selva,03001001,Leite em Pó integral,0.004107,KG
05304041,Combo Cremosos da Selva,9990107001,MANTEIGA DE CACAU desodorizada,0.004764,KG
05304041,Combo Cremosos da Selva,9990111005,Lecitina de Soja,5e-05,LT
05304041,Combo Cremosos da Selva,0050305006,MASSA DE CHOCOLATE -AO LEITE   NF24,0.00118,KG
05304041,Combo Cremosos da Selva,9990111042,Xerem de Castanha de Caju,0.00066,KG
05304041,Combo Cremosos da Selva,9990311040,Colagem praliné para lua cheia,0.00816,PC
05304041,Combo Cremosos da Selva,0020305008,Massa de Chocolate - Mocajuba Intenso,0.004,KG
05304041,Combo Cremosos da Selva,9990117003,Cacau em Pó Alcalino,0.01,KG
05304041,Combo Cremosos da Selva,9990315022,Massa de trufa Intenso,0.017,KG
05304041,Combo Cremosos da Selva,0050305006,MASSA DE CHOCOLATE -AO LEITE   NF24,0.0025,KG
05304041,Combo Cremosos da Selva,9990111010,Pistache,0.0006,KG
05304041,Combo Cremosos da Selva,9990315024,Massa de trufa de Pistache,0.0169,KG
05304041,Combo Cremosos da Selva,0050305026,Mini Lua Cheia Ao Leite 10g,1,UN
05304041,Combo Cremosos da Selva,0020305008,Massa de Chocolate - Mocajuba Intenso,0.00118,KG
05304041,Combo Cremosos da Selva,9990111042,Xerem de Castanha de Caju,0.00066,KG
05304041,Combo Cremosos da Selva,9990311040,Colagem praliné para lua cheia,0.00816,PC
05304041,Combo Cremosos da Selva,05104020,Trufas Nativas de Chocolate Intenso  20G,1,PC
05304041,Combo Cremosos da Selva,05104022,Trufas Nativas Pistache 20g,1,PC
05304041,Combo Cremosos da Selva,05104119,Bombom Mini Lua Cheia Choco ao Leite 10g,1,PC
05304041,Combo Cremosos da Selva,05104120,Bombom Mini Lua Cheia Choco Intenso 10g,1,PC
05304041,Combo Cremosos da Selva,9990107001,MANTEIGA DE CACAU desodorizada,8.1e-05,KG
05304041,Combo Cremosos da Selva,0140106805,Açúcar refinado,0.002369,KG
05304041,Combo Cremosos da Selva,03001001,Leite em Pó integral,0.000158,KG
05304041,Combo Cremosos da Selva,9990111010,Pistache,0.002834,KG
05304041,Combo Cremosos da Selva,9990111031,Amêndoa,0.000708,KG
05304041,Combo Cremosos da Selva,0050305006,MASSA DE CHOCOLATE -AO LEITE   NF24,0.010778,KG
05304041,Combo Cremosos da Selva,9990107001,MANTEIGA DE CACAU desodorizada,0.000904,KG
05304041,Combo Cremosos da Selva,9990307008,Pomada de manteiga de cacau,0.000162,PC
05304041,Combo Cremosos da Selva,9990311043,Praliné de Avelã,0.004476,PC
05304041,Combo Cremosos da Selva,0140106805,Açúcar refinado,0.00179,KG
05304041,Combo Cremosos da Selva,9990111020,Avelã,0.002686,KG
05304041,Combo Cremosos da Selva,0020305008,Massa de Chocolate - Mocajuba Intenso,0.010841,KG
05304041,Combo Cremosos da Selva,0140106804,Açúcar invertido,0.000796,KG
05304041,Combo Cremosos da Selva,9990111003,Creme de Leite UHT 25%,0.00425,KG
05304041,Combo Cremosos da Selva,9990111006,Manteiga de Leite,0.00061,KG
05304041,Combo Cremosos da Selva,9990111023,Sorbitol em Pó,0.000503,KG
05304041,Combo Cremosos da Selva,0050305006,MASSA DE CHOCOLATE -AO LEITE   NF24,0.007358,KG
05304041,Combo Cremosos da Selva,0140106804,Açúcar invertido,0.000389,KG
05304041,Combo Cremosos da Selva,9990111003,Creme de Leite UHT 25%,0.002454,KG
05304041,Combo Cremosos da Selva,9990111006,Manteiga de Leite,0.00034,KG
05304041,Combo Cremosos da Selva,9990111023,Sorbitol em Pó,0.000292,KG
05304041,Combo Cremosos da Selva,9990311004,Praliné Pistache,0.00607,KG
05304042,Combo Encanto da Floresta,0020301006,Amêndoa de Cacau Seca Aprovada - Mocajub,0.001152,KG
05304042,Combo Encanto da Floresta,0020302002,Amêndoa de Cacau Torrada - Mocajuba (PA),0.001152,KG
05304042,Combo Encanto da Floresta,0020303003,Nibs de Cacau - Mocajuba (PA),0.001047,KG
05304042,Combo Encanto da Floresta,0020304004,Liquor de Cacau - Mocajuba (PA),0.001047,KG
05304042,Combo Encanto da Floresta,0140106004,Açúcar Demerara,0.000685,KG
05304042,Combo Encanto da Floresta,9990107001,MANTEIGA DE CACAU desodorizada,0.000152,KG
05304042,Combo Encanto da Floresta,9990111005,Lecitina de Soja,6e-06,LT
05304042,Combo Encanto da Floresta,0210101001,Amêndoa de Cupuaçu - Sakaguchi (PA),0.00594,KG
05304042,Combo Encanto da Floresta,0050301007,Amêndoa de Cacau Seca Aprovada - Sakaguc,0.000594,KG
05304042,Combo Encanto da Floresta,0050302011,AMÊNDOA DE CACAU TORRADA - SAKAGUCHI  12,0.000594,KG
05304042,Combo Encanto da Floresta,0210303001,Nibs de Cupuaçu - Sakaguchi,0.0054,KG
05304042,Combo Encanto da Floresta,0050303004,NIBS DE CACAU - SAKAGUCHI NT 120-35,0.00054,KG
05304042,Combo Encanto da Floresta,0050304005,LIQUOR DE CACAU - SAKAGUCHI  NT24,0.002174,KG
05304042,Combo Encanto da Floresta,0140106805,Açúcar refinado,0.006104,KG
05304042,Combo Encanto da Floresta,03001001,Leite em Pó integral,0.004529,KG
05304042,Combo Encanto da Floresta,9990107001,MANTEIGA DE CACAU desodorizada,0.005252,KG
05304042,Combo Encanto da Floresta,9990111005,Lecitina de Soja,5.5e-05,LT
05304042,Combo Encanto da Floresta,0050302010,Amêndoa de Cupuaçu Torrada - SAKAGUCHI,0.00594,KG
05304042,Combo Encanto da Floresta,0050303010,LIQUOR DE CUPUAÇU -SAKAGUCHI,0.0054,KG
05304042,Combo Encanto da Floresta,0140106004,Açúcar Demerara,0.0017,KG
05304042,Combo Encanto da Floresta,9990107001,MANTEIGA DE CACAU desodorizada,0.0029,KG
05304042,Combo Encanto da Floresta,0050305006,MASSA DE CHOCOLATE -AO LEITE   NF24,0.0045,KG
05304042,Combo Encanto da Floresta,9990311031,Praliné Pistache colagem,0.0055,KG
05304042,Combo Encanto da Floresta,0050305006,MASSA DE CHOCOLATE -AO LEITE   NF24,0.00308,KG
05304042,Combo Encanto da Floresta,9990311041,Ganache maracujá,0.00462,PC
05304042,Combo Encanto da Floresta,0210305004,Massa  de Cupuaçu - Sakaguchi,0.01,KG
05304042,Combo Encanto da Floresta,0050305006,MASSA DE CHOCOLATE -AO LEITE   NF24,0.00909,KG
05304042,Combo Encanto da Floresta,9990111056,Castanha do Pará,0.00091,KG
05304042,Combo Encanto da Floresta,05104012,Bombom SF Leite Praliné de Pistache 10g,1,PC
05304042,Combo Encanto da Floresta,05104016,"Bombom SF Leite Ganache de Maracujá 7,7g",1,PC
05304042,Combo Encanto da Floresta,05104072,Bombom Surpresa da Floresta Cupulate 10g,1,PC
05304042,Combo Encanto da Floresta,05104096,Bombom SF Castanha-do-Pará 10g,1,PC
05304042,Combo Encanto da Floresta,9990107001,MANTEIGA DE CACAU desodorizada,5.8e-05,KG
05304042,Combo Encanto da Floresta,0140106805,Açúcar refinado,0.001501,KG
05304042,Combo Encanto da Floresta,03001001,Leite em Pó integral,0.0001,KG
05304042,Combo Encanto da Floresta,9990111010,Pistache,0.001796,KG
05304042,Combo Encanto da Floresta,9990111031,Amêndoa,0.000449,KG
05304042,Combo Encanto da Floresta,0050305006,MASSA DE CHOCOLATE -AO LEITE   NF24,0.001231,KG
05304042,Combo Encanto da Floresta,9990107001,MANTEIGA DE CACAU desodorizada,0.000365,KG
05304042,Combo Encanto da Floresta,9990307008,Pomada de manteiga de cacau,5.8e-05,PC
05304042,Combo Encanto da Floresta,9990311004,Praliné Pistache,0.003846,KG
05304042,Combo Encanto da Floresta,0020305008,Massa de Chocolate - Mocajuba Intenso,0.001904,KG
05304042,Combo Encanto da Floresta,0050305006,MASSA DE CHOCOLATE -AO LEITE   NF24,0.000212,KG
05304042,Combo Encanto da Floresta,878,Maracujá liofilizado,5.5e-05,KG
05304042,Combo Encanto da Floresta,9990107001,MANTEIGA DE CACAU desodorizada,3.5e-05,KG
05304042,Combo Encanto da Floresta,9990111006,Manteiga de Leite,0.000316,KG
05304042,Combo Encanto da Floresta,9990111008,Xarope de glucose,0.000388,KG
05304042,Combo Encanto da Floresta,9990111021,DEXTROSE,0.000529,KG
05304042,Combo Encanto da Floresta,9990111023,Sorbitol em Pó,0.000423,KG
05304042,Combo Encanto da Floresta,9990315025,Polpa de Maracujá Reduzida,0.000809,KG
05304042,Combo Encanto da Floresta,0140106805,Açúcar refinado,0.000113,KG
05304042,Combo Encanto da Floresta,9990111015,Polpa Maracujá,0.000809,KG
05304043,Fatia de Bolo de Chocolate,0020301006,Amêndoa de Cacau Seca Aprovada - Mocajub,0.015882,KG
05304043,Fatia de Bolo de Chocolate,0020302002,Amêndoa de Cacau Torrada - Mocajuba (PA),0.015882,KG
05304043,Fatia de Bolo de Chocolate,0020303003,Nibs de Cacau - Mocajuba (PA),0.014438,KG
05304043,Fatia de Bolo de Chocolate,0020304004,Liquor de Cacau - Mocajuba (PA),0.014438,KG
05304043,Fatia de Bolo de Chocolate,0140106004,Açúcar Demerara,0.00945,KG
05304043,Fatia de Bolo de Chocolate,9990107001,MANTEIGA DE CACAU desodorizada,0.0021,KG
05304043,Fatia de Bolo de Chocolate,9990111005,Lecitina de Soja,7.9e-05,LT
05304043,Fatia de Bolo de Chocolate,0020315002,Massa Do Bolo de Chocolate,0.085,KG
05304043,Fatia de Bolo de Chocolate,0020315003,Recheio Intenso Bolo de Chocolate,0.023,KG
05304043,Fatia de Bolo de Chocolate,0020315004,Cobertura Bolo de Chocolate,0.035,KG
05304043,Fatia de Bolo de Chocolate,0050315004,Recheio Ao Leite Bolo de Chocolate,0.046,KG
05304043,Fatia de Bolo de Chocolate,9990311045,Calda Bolo de Chocolate,0.01,KG
05304043,Fatia de Bolo de Chocolate,0050111003,Semente de Cumaru,8.5e-05,KG
05304043,Fatia de Bolo de Chocolate,0140106805,Açúcar refinado,0.007922,KG
05304043,Fatia de Bolo de Chocolate,0140106806,Açúcar Mascavo,0.015843,KG
05304043,Fatia de Bolo de Chocolate,0260305001,Massa de Chocolate Intenso - Moju,0.015051,KG
05304043,Fatia de Bolo de Chocolate,9990111006,Manteiga de Leite,0.023765,KG
05304043,Fatia de Bolo de Chocolate,9990111068,Farinha de Trigo,0.005942,KG
05304043,Fatia de Bolo de Chocolate,99901110703,Gema de ovo pasteurizada,0.002737,KG
05304043,Fatia de Bolo de Chocolate,99901110704,Clara de ovo pasteurizada,0.010413,KG
05304043,Fatia de Bolo de Chocolate,9990117003,Cacau em Pó Alcalino,0.003169,KG
05304043,Fatia de Bolo de Chocolate,0050111003,Semente de Cumaru,2.3e-05,KG
05304043,Fatia de Bolo de Chocolate,0260305001,Massa de Chocolate Intenso - Moju,0.012834,KG
05304043,Fatia de Bolo de Chocolate,9990111003,Creme de Leite UHT 25%,0.010109,KG
05304043,Fatia de Bolo de Chocolate,0020305008,Massa de Chocolate - Mocajuba Intenso,0.02625,KG
05304043,Fatia de Bolo de Chocolate,9990111003,Creme de Leite UHT 25%,0.00875,KG
05304043,Fatia de Bolo de Chocolate,0050301007,Amêndoa de Cacau Seca Aprovada - Sakaguc,0.004327,KG
05304043,Fatia de Bolo de Chocolate,0050302011,AMÊNDOA DE CACAU TORRADA - SAKAGUCHI  12,0.004327,KG
05304043,Fatia de Bolo de Chocolate,0050303004,NIBS DE CACAU - SAKAGUCHI NT 120-35,0.003934,KG
05304043,Fatia de Bolo de Chocolate,0050304005,LIQUOR DE CACAU - SAKAGUCHI  NT24,0.003934,KG
05304043,Fatia de Bolo de Chocolate,0140106805,Açúcar refinado,0.011048,KG
05304043,Fatia de Bolo de Chocolate,03001001,Leite em Pó integral,0.008196,KG
05304043,Fatia de Bolo de Chocolate,9990107001,MANTEIGA DE CACAU desodorizada,0.009507,KG
05304043,Fatia de Bolo de Chocolate,9990111005,Lecitina de Soja,9.8e-05,LT
05304043,Fatia de Bolo de Chocolate,0050111003,Semente de Cumaru,4.6e-05,KG
05304043,Fatia de Bolo de Chocolate,0050305006,MASSA DE CHOCOLATE -AO LEITE   NF24,0.032784,KG
05304043,Fatia de Bolo de Chocolate,9990111003,Creme de Leite UHT 25%,0.013078,KG
05304043,Fatia de Bolo de Chocolate,0260101001,Amêndoa de Cacau Seca Aprovada- Moju-Pa,0.011765,KG
05304043,Fatia de Bolo de Chocolate,0260102001,Amêndoa torrada aprovada Moju,0.010695,KG
05304043,Fatia de Bolo de Chocolate,0260303001,Nibs de Cacau Moju,0.018018,KG
05304043,Fatia de Bolo de Chocolate,0140106004,Açúcar Demerara,0.015438,KG
05304043,Fatia de Bolo de Chocolate,0260304001,Liquor de Cacau - Moju,0.023715,KG
05304043,Fatia de Bolo de Chocolate,9990107001,MANTEIGA DE CACAU desodorizada,0.003602,KG
05304043,Fatia de Bolo de Chocolate,9990111005,Lecitina de Soja,0.000129,LT
05304043,Fatia de Bolo de Chocolate,0140106805,Açúcar refinado,0.00337,KG
05304043,Fatia de Bolo de Chocolate,0260304001,Liquor de Cacau - Moju,0.0014,KG
05304043,Fatia de Bolo de Chocolate,03001001,Leite em Pó integral,0.0025,KG
05304043,Fatia de Bolo de Chocolate,9990107001,MANTEIGA DE CACAU desodorizada,0.0029,KG
05304043,Fatia de Bolo de Chocolate,9990111005,Lecitina de Soja,3e-05,LT
05304043,Fatia de Bolo de Chocolate,0260305002,Massa de Chocolate ao Leite - Moju,0.01,KG
05304043,Fatia de Bolo de Chocolate,0260305001,Massa de Chocolate Intenso - Moju,0.015,KG
05304043,Fatia de Bolo de Chocolate,0020315001,Bolo de Chocolate Loja,0.05,UN
05304043,Fatia de Bolo de Chocolate,0260305003,Gotas de Chocolate ao Leite - Moju,0.01,KG
05304043,Fatia de Bolo de Chocolate,0260305004,Gotas de Chocolate Intenso - Moju,0.015,KG
05304043,Fatia de Bolo de Chocolate,05104132,Fatia de Bolo de Chocolate Loja,1,PC
05304043,Fatia de Bolo de Chocolate,9990111047,Leite integral,0.025,LT
05304043,Fatia de Bolo de Chocolate,9990311044,Praliné de castanhas - Bolo de chocolate,0.016666,KG
05304043,Fatia de Bolo de Chocolate,0140106805,Açúcar refinado,0.008333,KG
05304043,Fatia de Bolo de Chocolate,9990111056,Castanha do Pará,0.004167,KG
05304043,Fatia de Bolo de Chocolate,9990111073,Castanha de Caju,0.004167,KG
05304043,Fatia de Bolo de Chocolate,0050111003,Semente de Cumaru,3.3e-05,KG
05304043,Fatia de Bolo de Chocolate,0140106805,Açúcar refinado,0.003333,KG
05304044,Café Expresso Duplo,9990111046,Água com Gás - Acquamix,0.05,LT
05304044,Café Expresso Duplo,9990111048,Café organico em graos,0.017,KG
05304045,Resgate Rastreabilidade,0020301006,Amêndoa de Cacau Seca Aprovada - Mocajub,0.001152,KG
05304045,Resgate Rastreabilidade,0020302002,Amêndoa de Cacau Torrada - Mocajuba (PA),0.001152,KG
05304045,Resgate Rastreabilidade,0020303003,Nibs de Cacau - Mocajuba (PA),0.001047,KG
05304045,Resgate Rastreabilidade,0020304004,Liquor de Cacau - Mocajuba (PA),0.001047,KG
05304045,Resgate Rastreabilidade,0140106004,Açúcar Demerara,0.000685,KG
05304045,Resgate Rastreabilidade,9990107001,MANTEIGA DE CACAU desodorizada,0.000152,KG
05304045,Resgate Rastreabilidade,9990111005,Lecitina de Soja,6e-06,LT
05304045,Resgate Rastreabilidade,0050301007,Amêndoa de Cacau Seca Aprovada - Sakaguc,0.000407,KG
05304045,Resgate Rastreabilidade,0050302011,AMÊNDOA DE CACAU TORRADA - SAKAGUCHI  12,0.000407,KG
05304045,Resgate Rastreabilidade,0050303004,NIBS DE CACAU - SAKAGUCHI NT 120-35,0.00037,KG
05304045,Resgate Rastreabilidade,0050304005,LIQUOR DE CACAU - SAKAGUCHI  NT24,0.000395,KG
05304045,Resgate Rastreabilidade,0140106805,Açúcar refinado,0.001109,KG
05304045,Resgate Rastreabilidade,03001001,Leite em Pó integral,0.000823,KG
05304045,Resgate Rastreabilidade,9990107001,MANTEIGA DE CACAU desodorizada,0.000954,KG
05304045,Resgate Rastreabilidade,9990111005,Lecitina de Soja,1e-05,LT
05304045,Resgate Rastreabilidade,0050305006,MASSA DE CHOCOLATE -AO LEITE   NF24,0.00308,KG
05304045,Resgate Rastreabilidade,9990311041,Ganache maracujá,0.00462,PC
05304045,Resgate Rastreabilidade,05104016,"Bombom SF Leite Ganache de Maracujá 7,7g",1,PC
05304045,Resgate Rastreabilidade,9990111046,Água com Gás - Acquamix,0.05,LT
05304045,Resgate Rastreabilidade,9990111048,Café organico em graos,0.011,KG
05304045,Resgate Rastreabilidade,0020305008,Massa de Chocolate - Mocajuba Intenso,0.001904,KG
05304045,Resgate Rastreabilidade,0050305006,MASSA DE CHOCOLATE -AO LEITE   NF24,0.000212,KG
05304045,Resgate Rastreabilidade,878,Maracujá liofilizado,5.5e-05,KG
05304045,Resgate Rastreabilidade,9990107001,MANTEIGA DE CACAU desodorizada,3.5e-05,KG
05304045,Resgate Rastreabilidade,9990111006,Manteiga de Leite,0.000316,KG
05304045,Resgate Rastreabilidade,9990111008,Xarope de glucose,0.000388,KG
05304045,Resgate Rastreabilidade,9990111021,DEXTROSE,0.000529,KG
05304045,Resgate Rastreabilidade,9990111023,Sorbitol em Pó,0.000423,KG
05304045,Resgate Rastreabilidade,9990315025,Polpa de Maracujá Reduzida,0.000809,KG
05304045,Resgate Rastreabilidade,0140106805,Açúcar refinado,0.000113,KG
05304045,Resgate Rastreabilidade,9990111015,Polpa Maracujá,0.000809,KG
